"Omega","Tolerance","Step Size Rule","Iterations","Converged?","Gap LR","Gap Naive","Obj. Naive","Obj. LR","Gap","Time Naive","Time LR","Final Lambda"
600.00000,0.05000,1.00000,10.00000,0.00000,0.08778,0.07499,-278.61077,-299.76564,0.07057,2810.00000,2020.00000,4.95986
600.00000,0.05000,2.00000,2.00000,0.00000,0.08234,0.07499,-278.61077,-298.26564,0.06590,2810.00000,2432.00000,0.46513
600.00000,0.05000,3.00000,10.00000,0.00000,0.08778,0.07499,-278.61077,-299.76564,0.07057,2810.00000,2263.00000,3.74774
600.00000,0.05000,4.00000,8.00000,0.00000,0.08778,0.07499,-278.61077,-299.76564,0.07057,2810.00000,2347.00000,2.80415
600.00000,0.05000,5.00000,3.00000,0.00000,0.05036,0.07499,-278.61077,-289.45290,0.03746,2810.00000,3187.00000,0.39873
600.00000,0.05000,6.00000,6.00000,0.00000,0.05287,0.07499,-278.61077,-290.14579,0.03976,2810.00000,3126.00000,0.00000
