"Omega","Tolerance","Step Size Rule","Iterations","Converged?","Gap LR","Gap Naive","Obj. Naive","Obj. LR","Gap","Time Naive","Time LR","Final Lambda"
600.00000,0.05000,1.00000,10.00000,0.00000,0.08778,0.08180,-276.56007,-299.76564,0.08391,2112.00000,1981.00000,4.95986
600.00000,0.05000,2.00000,3.00000,0.00000,0.07689,0.08180,-276.56007,-296.76564,0.07306,2112.00000,3609.00000,0.46776
600.00000,0.05000,3.00000,10.00000,0.00000,0.08778,0.08180,-276.56007,-299.76564,0.08391,2112.00000,1972.00000,3.74774
600.00000,0.05000,4.00000,10.00000,0.00000,0.08778,0.08180,-276.56007,-299.76564,0.08391,2112.00000,2283.00000,2.70671
600.00000,0.05000,5.00000,3.00000,0.00000,0.05036,0.08180,-276.56007,-289.45290,0.04662,2112.00000,2553.00000,0.39873
600.00000,0.05000,6.00000,6.00000,0.00000,0.05287,0.08180,-276.56007,-290.14579,0.04912,2112.00000,2663.00000,0.00000
