"Omega","Tolerance","Step Size Rule","Iterations","Converged?","Gap LR","Gap Naive","Obj. Naive","Obj. LR","Gap","Time Naive","Time LR","Final Lambda"
100.00000,0.03000,1.00000,10.00000,0.00000,0.00099,0.00000,-277.43300,-277.70732,0.00099,46.00000,365.00000,3.87864
100.00000,0.03000,2.00000,3.00000,2.00000,0.00000,0.00000,-277.43300,-277.43300,0.00000,46.00000,134.00000,2.85957
100.00000,0.03000,3.00000,2.00000,1.00000,0.00000,0.00000,-277.43300,-277.43300,0.00000,46.00000,83.00000,3.55614
100.00000,0.03000,4.00000,2.00000,1.00000,0.00000,0.00000,-277.43300,-277.43300,0.00000,46.00000,76.00000,3.31364
100.00000,0.03000,5.00000,2.00000,1.00000,0.00000,0.00000,-277.43300,-277.43300,0.00000,46.00000,96.00000,2.89050
100.00000,0.03000,6.00000,2.00000,1.00000,0.00000,0.00000,-277.43300,-277.43300,0.00000,46.00000,87.00000,2.87013
