"Omega","Tolerance","Step Size Rule","Iterations","Converged?","Gap LR","Gap Naive","Obj. Naive","Obj. LR","Gap","Time Naive","Time LR","Final Lambda","LB Heuristic"
100.00000,0.01000,1.00000,10.00000,0.00000,0.00613,0.00000,278.53877,280.25590,0.00613,54.00000,523.00000,5.32282,278.53877
100.00000,0.01000,2.00000,10.00000,0.00000,0.00126,0.00000,278.53877,278.89090,0.00126,54.00000,329.00000,2.59403,278.53877
100.00000,0.01000,3.00000,10.00000,0.00000,0.00647,0.00000,278.53877,280.35280,0.00647,54.00000,401.00000,5.43242,278.53877
100.00000,0.01000,4.00000,10.00000,0.00000,0.00652,0.00000,278.53877,280.36738,0.00652,54.00000,432.00000,5.44772,278.53877
100.00000,0.01000,5.00000,10.00000,0.00000,0.00661,0.00000,278.53877,280.39090,0.00661,54.00000,184.00000,0.11691,278.53877
100.00000,0.01000,6.00000,4.00000,2.00000,0.00000,0.00000,278.53877,278.53877,0.00000,54.00000,228.00000,3.55649,278.53877
