"Omega","Tolerance","Step Size Rule","Iterations","Converged?","Gap LR","Gap Naive","Obj. Naive","Obj. LR","Gap","Time Naive","Time LR","Final Lambda"
150.00000,0.05000,1.00000,10.00000,0.00000,0.06000,0.00000,-280.90392,-297.09364,0.05449,19.00000,18.00000,41.81545
150.00000,0.05000,2.00000,10.00000,0.00000,0.04394,0.00000,-280.90392,-292.59364,0.03995,19.00000,128.00000,1.85042
150.00000,0.05000,3.00000,10.00000,0.00000,0.06000,0.00000,-280.90392,-297.09364,0.05449,19.00000,19.00000,32.24588
150.00000,0.05000,4.00000,10.00000,0.00000,0.06000,0.00000,-280.90392,-297.09364,0.05449,19.00000,18.00000,59.24196
150.00000,0.05000,5.00000,10.00000,0.00000,0.04990,0.00000,-280.90392,-294.26467,0.04540,19.00000,127.00000,1.83594
150.00000,0.05000,6.00000,10.00000,0.00000,0.01613,0.00000,-280.90392,-284.79830,0.01367,19.00000,56.00000,1.76353
