"Omega","Tolerance","Step Size Rule","Gap LR","Iterations","Converged?","Obj. Naive","Obj. LR","Gap","Time Naive","Time LR"
300.00000,0.01000,1.00000,0.01068,10.00000,0.00000,-278.49225,-281.14540,0.01068,57.00000,40.00000
300.00000,0.01000,2.00000,0.00529,10.00000,0.00000,-278.49225,-279.64540,0.00529,57.00000,220.00000
300.00000,0.01000,3.00000,0.00709,10.00000,0.00000,-278.49225,-280.14540,0.00709,57.00000,97.00000
300.00000,0.01000,4.00000,0.01068,10.00000,0.00000,-278.49225,-281.14540,0.01068,57.00000,47.00000
300.00000,0.01000,5.00000,0.00529,10.00000,0.00000,-278.49225,-279.64540,0.00529,57.00000,214.00000
300.00000,0.01000,6.00000,0.00517,10.00000,0.00000,-278.49225,-279.61088,0.00517,57.00000,294.00000
