"Omega","Tolerance","Step Size Rule","Gap LR","Iterations","Converged?","Obj. Naive","Obj. LR","Gap","Time Naive","Time LR","Final Lambda"
600.00000,0.01000,1.00000,0.01570,10.00000,0.00000,-277.57430,-278.83789,0.00455,418.00000,301.00000,273.00000
600.00000,0.01000,2.00000,0.01388,10.00000,0.00000,-277.57430,-278.33789,0.00275,418.00000,727.00000,0.38273
600.00000,0.01000,3.00000,0.01570,10.00000,0.00000,-277.57430,-278.83789,0.00455,418.00000,378.00000,95.81636
600.00000,0.01000,4.00000,0.01570,10.00000,0.00000,-277.57430,-278.83789,0.00455,418.00000,352.00000,200.06904
600.00000,0.01000,5.00000,0.01570,10.00000,0.00000,-277.57430,-278.83789,0.00455,418.00000,391.00000,0.37924
600.00000,0.01000,6.00000,0.01259,7.00000,0.00000,-277.57430,-277.98328,0.00147,418.00000,2407.00000,0.00000
