"Omega","Tolerance","Step Size Rule","Iterations","Converged?","Gap LR","Gap Naive","Obj. Naive","Obj. LR","Gap","Time Naive","Time LR","Final Lambda","LB Heuristic"
600.00000,0.07000,1.00000,3.00000,0.00000,0.14522,0.21510,226.67839,282.38405,0.12680,4242.00000,2704.00000,7.59614,246.57647
600.00000,0.07000,2.00000,2.00000,0.00000,0.07425,0.21510,226.67839,264.88585,0.06912,4242.00000,4214.00000,0.40526,246.57647
600.00000,0.07000,3.00000,3.00000,0.00000,0.07180,0.21510,226.67839,264.28053,0.06699,4242.00000,2725.00000,3.39664,246.57647
600.00000,0.07000,4.00000,3.00000,0.00000,0.07180,0.21510,226.67839,264.28053,0.06699,4242.00000,3353.00000,2.17561,246.57647
600.00000,0.07000,5.00000,2.00000,0.00000,0.07438,0.21510,226.67839,264.91674,0.06923,4242.00000,4216.00000,0.35975,246.57647
600.00000,0.07000,6.00000,2.00000,0.00000,0.09307,0.21510,226.67839,269.52627,0.08515,4242.00000,4212.00000,0.00000,246.57647
