"Omega","Tolerance","Step Size Rule","Iterations","Converged?","Gap LR","Gap Naive","Obj. Naive","Obj. LR","Gap","Time Naive","Time LR","Final Lambda"
600.00000,0.07000,1.00000,1.00000,0.00000,0.07191,0.21510,-226.67839,-264.30699,0.16600,2848.00000,2849.00000,0.17114
600.00000,0.07000,2.00000,1.00000,0.00000,0.07191,0.21510,-226.67839,-264.30699,0.16600,2848.00000,2851.00000,0.37719
600.00000,0.07000,3.00000,1.00000,0.00000,0.07191,0.21510,-226.67839,-264.30699,0.16600,2848.00000,2847.00000,0.31364
600.00000,0.07000,4.00000,1.00000,0.00000,0.07191,0.21510,-226.67839,-264.30699,0.16600,2848.00000,2849.00000,0.36114
600.00000,0.07000,5.00000,1.00000,0.00000,0.07191,0.21510,-226.67839,-264.30699,0.16600,2848.00000,2850.00000,0.14035
600.00000,0.07000,6.00000,1.00000,0.00000,0.07191,0.21510,-226.67839,-264.30699,0.16600,2848.00000,2847.00000,0.00000
