"Omega","Tolerance","Step Size Rule","Iterations","Converged?","Gap LR","Gap Naive","Obj. Naive","Obj. LR","Gap","Time Naive","Time LR","Final Lambda","LB Heuristic"
600.00000,0.07000,1.00000,2.00000,0.00000,0.14522,0.21512,226.67839,282.38405,0.12680,4295.00000,2432.00000,8.21114,246.57647
600.00000,0.07000,2.00000,3.00000,0.00000,0.07180,0.21512,226.67839,264.28053,0.06699,4295.00000,2538.00000,0.40596,246.57647
600.00000,0.07000,3.00000,3.00000,0.00000,0.07180,0.21512,226.67839,264.28053,0.06699,4295.00000,2877.00000,3.39664,246.57647
600.00000,0.07000,4.00000,3.00000,0.00000,0.07180,0.21512,226.67839,264.28053,0.06699,4295.00000,3531.00000,2.17561,246.57647
600.00000,0.07000,5.00000,4.00000,0.00000,0.07180,0.21512,226.67839,264.28053,0.06699,4295.00000,2486.00000,0.24557,246.57647
600.00000,0.07000,6.00000,2.00000,0.00000,0.08778,0.21512,226.67839,268.22171,0.08070,4295.00000,4209.00000,0.00000,246.57647
