"Omega","Tolerance","Step Size Rule","Iterations","Converged?","Gap LR","Gap Naive","Obj. Naive","Obj. LR","Gap","Time Naive","Time LR","Final Lambda"
600.00000,0.07000,1.00000,3.00000,0.00000,0.05453,0.21510,-226.67839,-260.02133,259.07304,4274.00000,2664.00000,7.75500
600.00000,0.07000,2.00000,2.00000,0.00000,0.05453,0.21510,-226.67839,-260.02133,259.07304,4274.00000,2877.00000,0.42037
600.00000,0.07000,3.00000,2.00000,0.00000,0.05453,0.21510,-226.67839,-260.02133,259.07304,4274.00000,2424.00000,3.51164
600.00000,0.07000,4.00000,2.00000,0.00000,0.05453,0.21510,-226.67839,-260.02133,259.07304,4274.00000,2410.00000,2.23397
600.00000,0.07000,5.00000,3.00000,0.00000,0.05453,0.21510,-226.67839,-260.02133,259.07304,4274.00000,2615.00000,0.31125
600.00000,0.07000,6.00000,3.00000,0.00000,0.07180,0.21510,-226.67839,-264.28053,263.34752,4274.00000,4318.00000,0.00000
