"Omega","Tolerance","Step Size Rule","Iterations","Converged?","Gap LR","Gap Naive","Obj. Naive","Obj. LR","Gap","Time Naive","Time LR","Final Lambda","LB Heuristic"
600.00000,0.07000,1.00000,3.00000,0.00000,0.05453,0.21510,226.67839,260.02133,0.05171,4283.00000,2684.00000,7.75500,246.57647
600.00000,0.07000,2.00000,2.00000,0.00000,0.05453,0.21510,226.67839,260.02133,0.05171,4283.00000,2873.00000,0.42037,246.57647
600.00000,0.07000,3.00000,3.00000,0.00000,0.05453,0.21510,226.67839,260.02133,0.05171,4283.00000,3317.00000,3.30664,246.57647
600.00000,0.07000,4.00000,3.00000,0.00000,0.05453,0.21510,226.67839,260.02133,0.05171,4283.00000,4036.00000,2.11561,246.57647
600.00000,0.07000,5.00000,3.00000,0.00000,0.07180,0.21510,226.67839,264.28053,0.06699,4283.00000,2446.00000,0.24288,246.57647
600.00000,0.07000,6.00000,3.00000,0.00000,0.07180,0.21510,226.67839,264.28053,0.06699,4283.00000,4300.00000,0.00000,246.57647
