"Omega","Tolerance","Step Size Rule","Iterations","Converged?","Gap LR","Gap Naive","Obj. Naive","Obj. LR","Gap","Time Naive","Time LR","Final Lambda","LB Heuristic"
600.00000,0.07000,1.00000,3.00000,0.00000,0.14522,0.11252,255.81401,282.38405,0.09409,4229.00000,2404.00000,7.59614,246.57647
600.00000,0.07000,2.00000,2.00000,0.00000,0.07425,0.11252,255.81401,264.88585,0.03425,4229.00000,4210.00000,0.40526,246.57647
600.00000,0.07000,3.00000,2.00000,0.00000,0.14522,0.11252,255.81401,282.38405,0.09409,4229.00000,2429.00000,4.39514,246.57647
600.00000,0.07000,4.00000,2.00000,0.00000,0.14522,0.11252,255.81401,282.38405,0.09409,4229.00000,2497.00000,3.10118,246.57647
600.00000,0.07000,5.00000,2.00000,0.00000,0.07918,0.11252,255.81401,266.09981,0.03865,4229.00000,4205.00000,0.37012,246.57647
600.00000,0.07000,6.00000,2.00000,0.00000,0.09413,0.11252,255.81401,269.78643,0.05179,4229.00000,4206.00000,0.00000,246.57647
