"Omega","Tolerance","Step Size Rule","Iterations","Converged?","Gap LR","Gap Naive","Obj. Naive","Obj. LR","Gap","Time Naive","Time LR","Final Lambda"
600.00000,0.07000,1.00000,2.00000,0.00000,0.05453,0.21512,-226.67839,-260.02133,0.05171,2874.00000,2370.00000,8.37000
600.00000,0.07000,2.00000,2.00000,0.00000,0.05453,0.21512,-226.67839,-260.02133,0.05171,2874.00000,2996.00000,0.42037
600.00000,0.07000,3.00000,2.00000,0.00000,0.05453,0.21512,-226.67839,-260.02133,0.05171,2874.00000,2570.00000,3.51164
600.00000,0.07000,4.00000,2.00000,0.00000,0.05453,0.21512,-226.67839,-260.02133,0.05171,2874.00000,2579.00000,2.23397
600.00000,0.07000,5.00000,2.00000,0.00000,0.05453,0.21512,-226.67839,-260.02133,0.05171,2874.00000,2509.00000,0.30767
600.00000,0.07000,6.00000,2.00000,0.00000,0.05453,0.21512,-226.67839,-260.02133,0.05171,2874.00000,2252.00000,1.04062
