"Omega","Tolerance","Step Size Rule","Iterations","Converged?","Gap LR","Gap Naive","Obj. Naive","Obj. LR","Gap","Time Naive","Time LR","Final Lambda","LB Heuristic"
600.00000,0.07000,1.00000,3.00000,0.00000,0.05453,0.21510,226.67839,260.02133,0.05171,4281.00000,2693.00000,7.75500,246.57647
600.00000,0.07000,2.00000,2.00000,0.00000,0.05453,0.21510,226.67839,260.02133,0.05171,4281.00000,2905.00000,0.42037,246.57647
600.00000,0.07000,3.00000,3.00000,0.00000,0.05453,0.21510,226.67839,260.02133,0.05171,4281.00000,3335.00000,3.30664,246.57647
600.00000,0.07000,4.00000,3.00000,0.00000,0.05453,0.21510,226.67839,260.02133,0.05171,4281.00000,4064.00000,2.11561,246.57647
600.00000,0.07000,5.00000,2.00000,0.00000,0.07438,0.21510,226.67839,264.91674,0.06923,4281.00000,4216.00000,0.35975,246.57647
600.00000,0.07000,6.00000,2.00000,0.00000,0.08778,0.21510,226.67839,268.22171,0.08070,4281.00000,4211.00000,0.00000,246.57647
