"Omega","Tolerance","Step Size Rule","Iterations","Converged?","Gap LR","Gap Naive","Obj. Naive","Obj. LR","Gap","Time Naive","Time LR","Final Lambda","LB Heuristic"
600.00000,0.07000,1.00000,5.00000,0.00000,0.14522,0.11251,255.81401,282.38405,0.09409,4222.00000,2422.00000,6.36614,246.57647
600.00000,0.07000,2.00000,2.00000,0.00000,0.13914,0.11251,255.81401,280.88405,0.08925,4222.00000,4026.00000,0.46152,246.57647
600.00000,0.07000,3.00000,3.00000,0.00000,0.14522,0.11251,255.81401,282.38405,0.09409,4222.00000,2602.00000,4.19014,246.57647
600.00000,0.07000,4.00000,3.00000,0.00000,0.14522,0.11251,255.81401,282.38405,0.09409,4222.00000,2766.00000,2.98283,246.57647
600.00000,0.07000,5.00000,2.00000,0.00000,0.07438,0.11251,255.81401,264.91674,0.03436,4222.00000,4119.00000,0.35975,246.57647
600.00000,0.07000,6.00000,2.00000,0.00000,0.09413,0.11251,255.81401,269.78643,0.05179,4222.00000,4026.00000,0.00000,246.57647
