"Omega","Tolerance","Step Size Rule","Iterations","Converged?","Gap LR","Gap Naive","Obj. Naive","Obj. LR","Gap","Time Naive","Time LR","Final Lambda"
900.00000,0.05000,1.00000,1.00000,0.00000,0.00191,0.21183,-224.82865,-246.43842,0.09612,2922.00000,2893.00000,0.00000
900.00000,0.05000,2.00000,1.00000,0.00000,0.00191,0.21183,-224.82865,-246.43842,0.09612,2922.00000,2897.00000,0.26694
900.00000,0.05000,3.00000,1.00000,0.00000,0.00191,0.21183,-224.82865,-246.43842,0.09612,2922.00000,2895.00000,0.03860
900.00000,0.05000,4.00000,1.00000,0.00000,0.00191,0.21183,-224.82865,-246.43842,0.09612,2922.00000,2898.00000,0.12860
900.00000,0.05000,5.00000,1.00000,0.00000,0.00191,0.21183,-224.82865,-246.43842,0.09612,2922.00000,2892.00000,0.14194
900.00000,0.05000,6.00000,1.00000,0.00000,0.00191,0.21183,-224.82865,-246.43842,0.09612,2922.00000,2830.00000,0.28248
