"Omega","Tolerance","Step Size Rule","Iterations","Converged?","Gap LR","Gap Naive","Obj. Naive","Obj. LR","Gap","Time Naive","Time LR","Final Lambda"
900.00000,0.05000,1.00000,1.00000,1.00000,0.00000,0.21245,-224.82865,-245.96826,244.96826,4311.00000,2108.00000,0.30860
900.00000,0.05000,2.00000,1.00000,1.00000,0.00000,0.21245,-224.82865,-245.96826,244.96826,4311.00000,2108.00000,0.30860
900.00000,0.05000,3.00000,1.00000,1.00000,0.00000,0.21245,-224.82865,-245.96826,244.96826,4311.00000,2107.00000,0.30860
900.00000,0.05000,4.00000,1.00000,1.00000,0.00000,0.21245,-224.82865,-245.96826,244.96826,4311.00000,2109.00000,0.30860
900.00000,0.05000,5.00000,1.00000,1.00000,0.00000,0.21245,-224.82865,-245.96826,244.96826,4311.00000,2109.00000,0.30860
900.00000,0.05000,6.00000,1.00000,1.00000,0.00000,0.21245,-224.82865,-245.96826,244.96826,4311.00000,2108.00000,0.30860
