"Omega","Tolerance","Step Size Rule","Iterations","Converged?","Gap LR","Gap Naive","Obj. Naive","Obj. LR","Gap","Time Naive","Time LR","Final Lambda","LB Heuristic"
900.00000,0.05000,1.00000,3.00000,0.00000,0.00191,0.21154,224.82865,246.43842,0.00191,4227.00000,2460.00000,12.15000,245.96826
900.00000,0.05000,2.00000,3.00000,0.00000,0.00191,0.21154,224.82865,246.43842,0.00191,4227.00000,2615.00000,0.27044,245.96826
900.00000,0.05000,3.00000,3.00000,0.00000,0.00191,0.21154,224.82865,246.43842,0.00191,4227.00000,3467.00000,4.95360,245.96826
900.00000,0.05000,4.00000,3.00000,0.00000,0.00191,0.21154,224.82865,246.43842,0.00191,4227.00000,3512.00000,3.02735,245.96826
900.00000,0.05000,5.00000,2.00000,0.00000,0.00191,0.21154,224.82865,246.43842,0.00191,4227.00000,2421.00000,0.14544,245.96826
900.00000,0.05000,6.00000,2.00000,1.00000,0.00000,0.21154,224.82865,245.96826,0.00000,4227.00000,4213.00000,0.28248,245.96826
