"Omega","Tolerance","Step Size Rule","Iterations","Converged?","Gap LR","Gap Naive","Obj. Naive","Obj. LR","Gap","Time Naive","Time LR","Final Lambda"
900.00000,0.05000,1.00000,2.00000,0.00000,0.02949,0.21342,-224.82865,-238.71574,-0.03038,2957.00000,2698.00000,12.82500
900.00000,0.05000,2.00000,1.00000,0.00000,0.02949,0.21342,-224.82865,-238.71574,-0.03038,2957.00000,2293.00000,0.27527
900.00000,0.05000,3.00000,1.00000,0.00000,0.02949,0.21342,-224.82865,-238.71574,-0.03038,2957.00000,2269.00000,0.00000
900.00000,0.05000,4.00000,1.00000,0.00000,0.02949,0.21342,-224.82865,-238.71574,-0.03038,2957.00000,2277.00000,0.08360
900.00000,0.05000,5.00000,1.00000,0.00000,0.02949,0.21342,-224.82865,-238.71574,-0.03038,2957.00000,2272.00000,0.17527
900.00000,0.05000,6.00000,2.00000,0.00000,0.02949,0.21342,-224.82865,-238.71574,-0.03038,2957.00000,4456.00000,0.30860
