"Omega","Tolerance","Step Size Rule","Iterations","Converged?","Gap LR","Gap Naive","Obj. Naive","Obj. LR","Gap","Time Naive","Time LR","Final Lambda","LB Heuristic"
900.00000,0.05000,1.00000,1.00000,1.00000,0.00000,0.21245,224.82865,245.96826,0.00000,4419.00000,2108.00000,0.30860,245.96826
900.00000,0.05000,2.00000,2.00000,0.00000,0.00191,0.21245,224.82865,246.43842,0.00191,4419.00000,2689.00000,0.26869,245.96826
900.00000,0.05000,3.00000,2.00000,0.00000,0.00191,0.21245,224.82865,246.43842,0.00191,4419.00000,2450.00000,5.16860,245.96826
900.00000,0.05000,4.00000,2.00000,0.00000,0.00191,0.21245,224.82865,246.43842,0.00191,4419.00000,2559.00000,3.15148,245.96826
900.00000,0.05000,5.00000,1.00000,1.00000,0.00000,0.21245,224.82865,245.96826,0.00000,4419.00000,2108.00000,0.30860,245.96826
900.00000,0.05000,6.00000,2.00000,1.00000,0.00000,0.21245,224.82865,245.96826,0.00000,4419.00000,4214.00000,0.28248,245.96826
