"Omega","Tolerance","Step Size Rule","Iterations","Converged?","Gap LR","Gap Naive","Obj. Naive","Obj. LR","Gap","Time Naive","Time LR","Final Lambda"
900.00000,0.05000,1.00000,1.00000,0.00000,0.04259,0.20572,-226.65411,-239.73448,-0.04448,2942.00000,2256.00000,0.00000
900.00000,0.05000,2.00000,2.00000,0.00000,0.04259,0.20572,-226.65411,-239.73448,-0.04448,2942.00000,3221.00000,0.26646
900.00000,0.05000,3.00000,2.00000,0.00000,0.04259,0.20572,-226.65411,-239.73448,-0.04448,2942.00000,2668.00000,5.13000
900.00000,0.05000,4.00000,2.00000,0.00000,0.04259,0.20572,-226.65411,-239.73448,-0.04448,2942.00000,2564.00000,3.09592
900.00000,0.05000,5.00000,2.00000,0.00000,0.04259,0.20572,-226.65411,-239.73448,-0.04448,2942.00000,2833.00000,0.16822
900.00000,0.05000,6.00000,2.00000,0.00000,0.04259,0.20572,-226.65411,-239.73448,-0.04448,2942.00000,4392.00000,0.00000
