"Omega","Tolerance","Step Size Rule","Iterations","Converged?","Gap LR","Gap Naive","Obj. Naive","Obj. LR","Gap","Time Naive","Time LR","Final Lambda"
900.00000,0.05000,1.00000,1.00000,0.00000,0.04259,0.20478,-226.65411,-239.73448,0.05771,2888.00000,2900.00000,0.00000
900.00000,0.05000,2.00000,1.00000,0.00000,0.04259,0.20478,-226.65411,-239.73448,0.05771,2888.00000,2898.00000,0.26471
900.00000,0.05000,3.00000,1.00000,0.00000,0.04259,0.20478,-226.65411,-239.73448,0.05771,2888.00000,2904.00000,0.00000
900.00000,0.05000,4.00000,1.00000,0.00000,0.04259,0.20478,-226.65411,-239.73448,0.05771,2888.00000,2906.00000,0.07304
900.00000,0.05000,5.00000,1.00000,0.00000,0.04259,0.20478,-226.65411,-239.73448,0.05771,2888.00000,2902.00000,0.16471
900.00000,0.05000,6.00000,1.00000,0.00000,0.04259,0.20478,-226.65411,-239.73448,0.05771,2888.00000,2865.00000,0.77198
