"Omega","Tolerance","Step Size Rule","Iterations","Converged?","Gap LR","Gap Naive","Obj. Naive","Obj. LR","Gap","Time Naive","Time LR","Final Lambda","LB Heuristic"
900.00000,0.05000,1.00000,3.00000,0.00000,0.04308,0.20478,226.65411,261.18567,0.04130,4238.00000,2449.00000,12.16500,250.39820
900.00000,0.05000,2.00000,3.00000,0.00000,0.04308,0.20478,226.65411,261.18567,0.04130,4238.00000,2476.00000,0.22655,250.39820
900.00000,0.05000,3.00000,3.00000,0.00000,0.04308,0.20478,226.65411,261.18567,0.04130,4238.00000,2944.00000,5.05804,250.39820
900.00000,0.05000,4.00000,3.00000,0.00000,0.04308,0.20478,226.65411,261.18567,0.04130,4238.00000,2914.00000,3.09391,250.39820
900.00000,0.05000,5.00000,4.00000,0.00000,0.04308,0.20478,226.65411,261.18567,0.04130,4238.00000,2429.00000,0.00760,250.39820
900.00000,0.05000,6.00000,3.00000,0.00000,0.04308,0.20478,226.65411,261.18567,0.04130,4238.00000,4335.00000,0.00000,250.39820
