"Omega","Tolerance","Step Size Rule","Iterations","Converged?","Gap LR","Gap Naive","Obj. Naive","Obj. LR","Gap","Time Naive","Time LR","Final Lambda","LB Heuristic"
900.00000,0.05000,1.00000,1.00000,1.00000,0.00000,0.20502,226.65411,250.39820,0.00000,4350.00000,2106.00000,0.29804,250.39820
900.00000,0.05000,2.00000,1.00000,1.00000,0.00000,0.20502,226.65411,250.39820,0.00000,4350.00000,2108.00000,0.29804,250.39820
900.00000,0.05000,3.00000,1.00000,1.00000,0.00000,0.20502,226.65411,250.39820,0.00000,4350.00000,2108.00000,0.29804,250.39820
900.00000,0.05000,4.00000,1.00000,1.00000,0.00000,0.20502,226.65411,250.39820,0.00000,4350.00000,2108.00000,0.29804,250.39820
900.00000,0.05000,5.00000,1.00000,1.00000,0.00000,0.20502,226.65411,250.39820,0.00000,4350.00000,2108.00000,0.29804,250.39820
900.00000,0.05000,6.00000,1.00000,1.00000,0.00000,0.20502,226.65411,250.39820,0.00000,4350.00000,2108.00000,0.29804,250.39820
