"Omega","Tolerance","Step Size Rule","Iterations","Converged?","Gap LR","Gap Naive","Obj. Naive","Obj. LR","Gap","Time Naive","Time LR","Final Lambda","LB Heuristic"
900.00000,0.05000,2.00000,1.00000,1.00000,0.00000,0.20478,226.65411,250.39820,0.00000,4273.00000,2105.00000,0.29804,250.39820
900.00000,0.05000,3.00000,3.00000,0.00000,0.04308,0.20478,226.65411,261.18567,0.04130,4273.00000,3023.00000,5.05804,250.39820
900.00000,0.05000,4.00000,1.00000,1.00000,0.00000,0.20478,226.65411,250.39820,0.00000,4273.00000,2105.00000,0.29804,250.39820
900.00000,0.05000,5.00000,1.00000,1.00000,0.00000,0.20478,226.65411,250.39820,0.00000,4273.00000,2106.00000,0.29804,250.39820
900.00000,0.05000,6.00000,3.00000,0.00000,0.04308,0.20478,226.65411,261.18567,0.04130,4273.00000,4411.00000,0.03767,250.39820
