"Omega","Tolerance","Step Size Rule","Iterations","Converged?","Gap LR","Gap Naive","Obj. Naive","Obj. LR","Gap","Time Naive","Time LR","Final Lambda","LB Heuristic"
600.00000,0.01000,1.00000,2.00000,0.00000,0.04800,0.00100,254.41965,255.59785,0.00461,2781.00000,3030.00000,0.96140,243.32793
600.00000,0.01000,2.00000,2.00000,0.00000,0.04396,0.00100,254.41965,254.51562,0.00038,2781.00000,3063.00000,0.20640,243.32793
600.00000,0.01000,3.00000,2.00000,0.00000,0.04845,0.00100,254.41965,255.71785,0.00508,2781.00000,2430.00000,1.02740,243.32793
600.00000,0.01000,4.00000,3.00000,0.00000,0.04839,0.00100,254.41965,255.70128,0.00501,2781.00000,4114.00000,1.03571,243.32793
600.00000,0.01000,5.00000,10.00000,0.00000,0.04890,0.00100,254.41965,255.83785,0.00554,2781.00000,2000.00000,0.01948,243.32793
600.00000,0.01000,6.00000,3.00000,0.00000,0.04603,0.00100,254.41965,255.06770,0.00254,2781.00000,3113.00000,0.00000,243.32793
