"Omega","Tolerance","Step Size Rule","Iterations","Converged?","Gap LR","Gap Naive","Obj. Naive","Obj. LR","Gap","Time Naive","Time LR","Final Lambda","LB Heuristic"
600.00000,0.01000,1.00000,2.00000,0.00000,0.05043,0.00000,254.41965,255.59785,0.00461,2224.00000,2969.00000,0.96140,243.32793
600.00000,0.01000,2.00000,2.00000,0.00000,0.04680,0.00000,254.41965,254.71498,0.00116,2224.00000,2980.00000,0.00000,243.32793
600.00000,0.01000,3.00000,3.00000,0.00000,0.05052,0.00000,254.41965,255.62185,0.00470,2224.00000,3439.00000,1.00740,243.32793
600.00000,0.01000,4.00000,3.00000,0.00000,0.05085,0.00000,254.41965,255.70128,0.00501,2224.00000,3462.00000,1.03571,243.32793
600.00000,0.01000,5.00000,10.00000,0.00000,0.05141,0.00000,254.41965,255.83785,0.00554,2224.00000,1572.00000,0.01948,243.32793
600.00000,0.01000,6.00000,3.00000,0.00000,0.04825,0.00000,254.41965,255.06770,0.00254,2224.00000,2946.00000,0.00000,243.32793
