"Omega","Tolerance","Step Size Rule","Iterations","Converged?","Gap LR","Gap Naive","Obj. Naive","Obj. LR","Gap","Time Naive","Time LR","Final Lambda","LB Heuristic"
600.00000,0.01000,1.00000,3.00000,0.00000,0.04948,0.00000,254.41965,255.36876,0.00372,1589.00000,2410.00000,0.91640,243.32793
600.00000,0.01000,2.00000,2.00000,0.00000,0.04598,0.00000,254.41965,254.51562,0.00038,1589.00000,2663.00000,0.20640,243.32793
600.00000,0.01000,3.00000,4.00000,0.00000,0.05020,0.00000,254.41965,255.54185,0.00439,1589.00000,3309.00000,0.99026,243.32793
600.00000,0.01000,4.00000,4.00000,0.00000,0.05066,0.00000,254.41965,255.65509,0.00483,1589.00000,2911.00000,1.02571,243.32793
600.00000,0.01000,5.00000,10.00000,0.00000,0.05141,0.00000,254.41965,255.83785,0.00554,1589.00000,819.00000,0.01948,243.32793
600.00000,0.01000,6.00000,5.00000,0.00000,0.04825,0.00000,254.41965,255.06770,0.00254,1589.00000,3100.00000,0.00000,243.32793
