"Omega","Tolerance","Step Size Rule","Iterations","Converged?","Gap LR","Gap Naive","Obj. Naive","Obj. LR","Gap","Time Naive","Time LR","Final Lambda","LB Heuristic"
600.00000,0.01000,1.00000,2.00000,0.00000,0.04800,0.00000,254.41965,255.59785,0.00461,2840.00000,2590.00000,0.96140,243.32793
600.00000,0.01000,2.00000,2.00000,0.00000,0.04471,0.00000,254.41965,254.71498,0.00116,2840.00000,3162.00000,0.00000,243.32793
600.00000,0.01000,3.00000,3.00000,0.00000,0.04809,0.00000,254.41965,255.62185,0.00470,2840.00000,3556.00000,1.00740,243.32793
600.00000,0.01000,4.00000,3.00000,0.00000,0.04839,0.00000,254.41965,255.70128,0.00501,2840.00000,3869.00000,1.03571,243.32793
600.00000,0.01000,5.00000,10.00000,0.00000,0.04890,0.00000,254.41965,255.83785,0.00554,2840.00000,1856.00000,0.01948,243.32793
600.00000,0.01000,6.00000,3.00000,0.00000,0.04603,0.00000,254.41965,255.06770,0.00254,2840.00000,3016.00000,0.00000,243.32793
