"Omega","Tolerance","Step Size Rule","Iterations","Converged?","Gap LR","Gap Naive","Obj. Naive","Obj. LR","Gap","Time Naive","Time LR","Final Lambda","LB Heuristic"
600.00000,0.01000,1.00000,2.00000,0.00000,0.05043,0.03357,254.41965,255.59785,0.00461,4268.00000,4219.00000,0.96140,243.32793
600.00000,0.01000,2.00000,2.00000,0.00000,0.04598,0.03357,254.41965,254.51562,0.00038,4268.00000,4217.00000,0.20640,243.32793
600.00000,0.01000,3.00000,2.00000,0.00000,0.05092,0.03357,254.41965,255.71785,0.00508,4268.00000,4206.00000,1.02740,243.32793
600.00000,0.01000,4.00000,2.00000,0.00000,0.05108,0.03357,254.41965,255.75785,0.00523,4268.00000,3297.00000,1.04726,243.32793
600.00000,0.01000,5.00000,9.00000,0.00000,0.05141,0.03357,254.41965,255.83785,0.00554,4268.00000,2563.00000,0.01847,243.32793
600.00000,0.01000,6.00000,3.00000,0.00000,0.04788,0.03357,254.41965,254.97956,0.00220,4268.00000,3526.00000,0.00000,243.32793
