"Omega","Tolerance","Step Size Rule","Iterations","Converged?","Gap LR","Gap Naive","Obj. Naive","Obj. LR","Gap","Time Naive","Time LR","Final Lambda"
600.00000,0.01000,1.00000,2.00000,0.00000,0.05043,0.01334,-254.41965,-255.59785,0.00463,2838.00000,3798.00000,0.96140
600.00000,0.01000,2.00000,2.00000,0.00000,0.04598,0.01334,-254.41965,-254.51562,0.00038,2838.00000,4746.00000,0.20640
600.00000,0.01000,3.00000,2.00000,0.00000,0.05092,0.01334,-254.41965,-255.71785,0.00510,2838.00000,3414.00000,1.02740
600.00000,0.01000,4.00000,2.00000,0.00000,0.05108,0.01334,-254.41965,-255.75785,0.00526,2838.00000,3792.00000,1.04726
600.00000,0.01000,5.00000,10.00000,0.00000,0.05141,0.01334,-254.41965,-255.83785,0.00557,2838.00000,1630.00000,0.01948
600.00000,0.01000,6.00000,7.00000,0.00000,0.04825,0.01334,-254.41965,-255.06770,0.00255,2838.00000,3916.00000,1.05981
