"Omega","Tolerance","Step Size Rule","Iterations","Converged?","Gap LR","Gap Naive","Obj. Naive","Obj. LR","Gap","Time Naive","Time LR","Final Lambda","LB Heuristic"
600.00000,0.01000,1.00000,2.00000,0.00000,0.04800,0.00100,254.41965,255.59785,0.00461,2921.00000,2894.00000,0.96140,243.32793
600.00000,0.01000,2.00000,2.00000,0.00000,0.04396,0.00100,254.41965,254.51562,0.00038,2921.00000,3045.00000,0.20640,243.32793
600.00000,0.01000,3.00000,3.00000,0.00000,0.04809,0.00100,254.41965,255.62185,0.00470,2921.00000,3697.00000,1.00740,243.32793
600.00000,0.01000,4.00000,2.00000,0.00000,0.04860,0.00100,254.41965,255.75785,0.00523,2921.00000,2450.00000,1.04726,243.32793
600.00000,0.01000,5.00000,10.00000,0.00000,0.04890,0.00100,254.41965,255.83785,0.00554,2921.00000,1790.00000,0.01948,243.32793
600.00000,0.01000,6.00000,3.00000,0.00000,0.04603,0.00100,254.41965,255.06770,0.00254,2921.00000,3102.00000,0.00000,243.32793
