"Omega","Tolerance","Step Size Rule","Iterations","Converged?","Gap LR","Gap Naive","Obj. Naive","Obj. LR","Gap","Time Naive","Time LR","Final Lambda"
600.00000,0.01000,1.00000,2.00000,0.00000,0.05043,0.03959,-253.80909,-255.59785,0.00700,2874.00000,4326.00000,0.96140
600.00000,0.01000,2.00000,2.00000,0.00000,0.04598,0.03959,-253.80909,-254.51562,0.00278,2874.00000,4325.00000,0.20640
600.00000,0.01000,3.00000,2.00000,0.00000,0.05092,0.03959,-253.80909,-255.71785,0.00746,2874.00000,4320.00000,1.02740
600.00000,0.01000,4.00000,2.00000,0.00000,0.05108,0.03959,-253.80909,-255.75785,0.00762,2874.00000,4206.00000,1.04726
600.00000,0.01000,5.00000,10.00000,0.00000,0.05141,0.03959,-253.80909,-255.83785,0.00793,2874.00000,2355.00000,0.01948
600.00000,0.01000,6.00000,3.00000,0.00000,0.04779,0.03959,-253.80909,-254.95644,0.00450,2874.00000,3544.00000,0.00000
