"Omega","Tolerance","Step Size Rule","Iterations","Converged?","Gap LR","Gap Naive","Obj. Naive","Obj. LR","Gap","Time Naive","Time LR","Final Lambda","LB Heuristic"
600.00000,0.01000,1.00000,2.00000,0.00000,0.05043,0.00214,254.41965,255.59785,0.00461,4242.00000,3503.00000,0.96140,243.32793
600.00000,0.01000,2.00000,2.00000,0.00000,0.04598,0.00214,254.41965,254.51562,0.00038,4242.00000,3605.00000,0.20640,243.32793
600.00000,0.01000,3.00000,2.00000,0.00000,0.05092,0.00214,254.41965,255.71785,0.00508,4242.00000,3344.00000,1.02740,243.32793
600.00000,0.01000,4.00000,2.00000,0.00000,0.05108,0.00214,254.41965,255.75785,0.00523,4242.00000,3316.00000,1.04726,243.32793
600.00000,0.01000,5.00000,10.00000,0.00000,0.05141,0.00214,254.41965,255.83785,0.00554,4242.00000,2438.00000,0.01948,243.32793
600.00000,0.01000,6.00000,3.00000,0.00000,0.04825,0.00214,254.41965,255.06770,0.00254,4242.00000,3949.00000,0.00000,243.32793
