"Omega","Tolerance","Step Size Rule","Iterations","Converged?","Gap LR","Gap Naive","Obj. Naive","Obj. LR","Gap","Time Naive","Time LR","Final Lambda"
600.00000,0.01000,1.00000,3.00000,0.00000,0.04948,0.00000,-254.41965,-255.36876,0.00372,1563.00000,2575.00000,0.91640
600.00000,0.01000,2.00000,2.00000,0.00000,0.04680,0.00000,-254.41965,-254.71498,0.00116,1563.00000,2680.00000,0.00000
600.00000,0.01000,3.00000,4.00000,0.00000,0.05020,0.00000,-254.41965,-255.54185,0.00439,1563.00000,3479.00000,0.99026
600.00000,0.01000,4.00000,4.00000,0.00000,0.05066,0.00000,-254.41965,-255.65509,0.00483,1563.00000,3039.00000,1.02571
600.00000,0.01000,5.00000,10.00000,0.00000,0.05141,0.00000,-254.41965,-255.83785,0.00554,1563.00000,869.00000,0.01948
600.00000,0.01000,6.00000,5.00000,0.00000,0.04825,0.00000,-254.41965,-255.06770,0.00254,1563.00000,3079.00000,0.00000
