"Omega","Tolerance","Step Size Rule","Iterations","Converged?","Gap LR","Gap Naive","Obj. Naive","Obj. LR","Gap","Time Naive","Time LR","Final Lambda"
600.00000,0.03000,1.00000,2.00000,0.00000,0.05606,0.12519,-241.97674,-253.00156,252.04513,4298.00000,4222.00000,0.39738
600.00000,0.03000,2.00000,2.00000,0.00000,0.05606,0.12519,-241.97674,-253.00156,252.04513,4298.00000,4218.00000,0.00000
600.00000,0.03000,3.00000,2.00000,0.00000,0.05606,0.12519,-241.97674,-253.00156,252.04513,4298.00000,4217.00000,0.53838
600.00000,0.03000,4.00000,2.00000,0.00000,0.07176,0.12519,-241.97674,-256.76269,255.82027,4298.00000,4217.00000,0.58592
600.00000,0.03000,5.00000,2.00000,0.00000,0.07178,0.12519,-241.97674,-256.76769,255.82529,4298.00000,2525.00000,6.41072
600.00000,0.03000,6.00000,4.00000,0.00000,0.07178,0.12519,-241.97674,-256.76769,255.82529,4298.00000,4474.00000,0.00000
