"Omega","Tolerance","Step Size Rule","Iterations","Converged?","Gap LR","Gap Naive","Obj. Naive","Obj. LR","Gap","Time Naive","Time LR","Final Lambda","LB Heuristic"
600.00000,0.03000,1.00000,2.00000,1.00000,0.00000,0.12519,241.97674,239.57094,-0.01004,4300.00000,4219.00000,0.42738,239.57094
600.00000,0.03000,2.00000,2.00000,0.00000,0.05606,0.12519,241.97674,253.00156,0.04358,4300.00000,4221.00000,0.00000,239.57094
600.00000,0.03000,3.00000,2.00000,0.00000,0.05606,0.12519,241.97674,253.00156,0.04358,4300.00000,4217.00000,0.53838,239.57094
600.00000,0.03000,4.00000,2.00000,0.00000,0.07176,0.12519,241.97674,256.76269,0.05759,4300.00000,4214.00000,0.58592,239.57094
600.00000,0.03000,5.00000,2.00000,0.00000,0.07178,0.12519,241.97674,256.76769,0.05760,4300.00000,2486.00000,6.41072,239.57094
600.00000,0.03000,6.00000,4.00000,0.00000,0.07178,0.12519,241.97674,256.76769,0.05760,4300.00000,4417.00000,0.00000,239.57094
