"Omega","Tolerance","Step Size Rule","Iterations","Converged?","Gap LR","Gap Naive","Obj. Naive","Obj. LR","Gap","Time Naive","Time LR","Final Lambda","LB Heuristic"
600.00000,0.03000,1.00000,2.00000,0.00000,0.06460,0.00000,248.87725,256.11611,0.02826,3671.00000,4210.00000,0.62238,239.57094
600.00000,0.03000,2.00000,2.00000,0.00000,0.06697,0.00000,248.87725,256.76769,0.03073,3671.00000,3414.00000,1.98915,239.57094
600.00000,0.03000,3.00000,2.00000,1.00000,0.06269,0.00000,248.87725,255.59529,0.02628,3671.00000,4204.00000,0.58488,239.57094
600.00000,0.03000,4.00000,2.00000,0.00000,0.06696,0.00000,248.87725,256.76269,0.03071,3671.00000,4204.00000,0.58592,239.57094
600.00000,0.03000,5.00000,7.00000,0.00000,0.06882,0.00000,248.87725,257.27602,0.03264,3671.00000,2447.00000,0.01642,239.57094
600.00000,0.03000,6.00000,3.00000,0.00000,0.07040,0.00000,248.87725,257.71416,0.03429,3671.00000,4274.00000,0.00000,239.57094
