"Omega","Tolerance","Step Size Rule","Iterations","Converged?","Gap LR","Gap Naive","Obj. Naive","Obj. LR","Gap","Time Naive","Time LR","Final Lambda"
600.00000,0.03000,1.00000,1.00000,0.00000,0.06919,0.12519,-241.97674,-256.14611,0.05856,2860.00000,2853.00000,0.60738
600.00000,0.03000,2.00000,1.00000,0.00000,0.06919,0.12519,-241.97674,-256.14611,0.05856,2860.00000,2850.00000,1.32738
600.00000,0.03000,3.00000,1.00000,0.00000,0.06919,0.12519,-241.97674,-256.14611,0.05856,2860.00000,2856.00000,0.59238
600.00000,0.03000,4.00000,1.00000,0.00000,0.06919,0.12519,-241.97674,-256.14611,0.05856,2860.00000,2854.00000,0.58738
600.00000,0.03000,5.00000,1.00000,0.00000,0.06919,0.12519,-241.97674,-256.14611,0.05856,2860.00000,2849.00000,3.57738
600.00000,0.03000,6.00000,1.00000,0.00000,0.06919,0.12519,-241.97674,-256.14611,0.05856,2860.00000,2846.00000,17.15255
