"Omega","Tolerance","Step Size Rule","Iterations","Converged?","Gap LR","Gap Naive","Obj. Naive","Obj. LR","Gap","Time Naive","Time LR","Final Lambda","LB Heuristic"
600.00000,0.03000,1.00000,2.00000,0.00000,0.06906,0.12005,241.97674,256.11611,0.05521,4247.00000,4210.00000,0.62238,239.57094
600.00000,0.03000,2.00000,2.00000,0.00000,0.07178,0.12005,241.97674,256.76769,0.05760,4247.00000,3971.00000,1.98915,239.57094
600.00000,0.03000,3.00000,2.00000,0.00000,0.06193,0.12005,241.97674,254.40853,0.04887,4247.00000,4209.00000,0.54888,239.57094
600.00000,0.03000,4.00000,2.00000,0.00000,0.07176,0.12005,241.97674,256.76269,0.05759,4247.00000,4212.00000,0.58592,239.57094
600.00000,0.03000,5.00000,3.00000,0.00000,0.07178,0.12005,241.97674,256.76769,0.05760,4247.00000,2665.00000,6.29960,239.57094
600.00000,0.03000,6.00000,4.00000,0.00000,0.07178,0.12005,241.97674,256.76769,0.05760,4247.00000,4404.00000,0.00000,239.57094
