"Omega","Tolerance","Step Size Rule","Iterations","Converged?","Gap LR","Gap Naive","Obj. Naive","Obj. LR","Gap","Time Naive","Time LR","Final Lambda"
600.00000,0.03000,1.00000,2.00000,0.00000,0.04641,0.12519,-241.97674,-250.68837,0.03475,2874.00000,2477.00000,9.09738
600.00000,0.03000,2.00000,2.00000,0.00000,0.04641,0.12519,-241.97674,-250.68837,0.03475,2874.00000,4315.00000,0.22024
600.00000,0.03000,3.00000,2.00000,0.00000,0.04641,0.12519,-241.97674,-250.68837,0.03475,2874.00000,4325.00000,0.50838
600.00000,0.03000,4.00000,2.00000,0.00000,0.04641,0.12519,-241.97674,-250.68837,0.03475,2874.00000,4302.00000,0.52860
600.00000,0.03000,5.00000,2.00000,0.00000,0.06919,0.12519,-241.97674,-256.14611,0.05532,2874.00000,2662.00000,3.40091
600.00000,0.03000,6.00000,2.00000,0.00000,0.06919,0.12519,-241.97674,-256.14611,0.05532,2874.00000,2307.00000,0.00000
