"Omega","Tolerance","Step Size Rule","Iterations","Converged?","Gap LR","Gap Naive","Obj. Naive","Obj. LR","Gap","Time Naive","Time LR","Final Lambda","LB Heuristic"
100.00000,0.03000,1.00000,10.00000,0.00000,0.00586,0.00000,277.99176,279.62145,0.00583,72.00000,445.00000,4.00940,277.99176
100.00000,0.03000,2.00000,10.00000,0.00000,0.00427,0.00000,277.99176,279.17861,0.00425,72.00000,211.00000,2.21357,277.99176
100.00000,0.03000,3.00000,10.00000,0.00000,0.00586,0.00000,277.99176,279.62145,0.00583,72.00000,396.00000,3.48609,277.99176
100.00000,0.03000,4.00000,10.00000,0.00000,0.00586,0.00000,277.99176,279.62145,0.00583,72.00000,449.00000,3.26919,277.99176
100.00000,0.03000,5.00000,10.00000,0.00000,0.00460,0.00000,277.99176,279.27139,0.00458,72.00000,156.00000,1.47464,277.99176
100.00000,0.03000,6.00000,10.00000,0.00000,0.00428,0.00000,277.99176,279.18128,0.00426,72.00000,254.00000,2.54382,277.99176
