"Omega","Tolerance","Step Size Rule","Iterations","Converged?","Gap LR","Gap Naive","Obj. Naive","Obj. LR","Gap","Time Naive","Time LR","Final Lambda","LB Heuristic"
100.00000,0.03000,1.00000,10.00000,0.00000,0.00583,0.00000,277.99176,279.62145,0.00583,218.00000,900.00000,4.00940,277.99176
100.00000,0.03000,2.00000,10.00000,0.00000,0.00425,0.00000,277.99176,279.17861,0.00425,218.00000,425.00000,2.21357,277.99176
100.00000,0.03000,3.00000,10.00000,0.00000,0.00583,0.00000,277.99176,279.62145,0.00583,218.00000,818.00000,3.48609,277.99176
100.00000,0.03000,4.00000,10.00000,0.00000,0.00583,0.00000,277.99176,279.62145,0.00583,218.00000,1097.00000,3.26919,277.99176
100.00000,0.03000,5.00000,10.00000,0.00000,0.00458,0.00000,277.99176,279.27139,0.00458,218.00000,439.00000,1.47464,277.99176
100.00000,0.03000,6.00000,10.00000,0.00000,0.00426,0.00000,277.99176,279.18128,0.00426,218.00000,639.00000,2.54382,277.99176
