"Omega","Tolerance","Step Size Rule","Iterations","Converged?","Gap LR","Gap Naive","Obj. Naive","Obj. LR","Gap","Time Naive","Time LR","Final Lambda","LB Heuristic"
600.00000,0.01000,1.00000,2.00000,0.00000,0.02299,0.00000,250.86705,250.08889,-0.00311,3075.00000,4221.00000,1.26425,244.46824
600.00000,0.01000,2.00000,2.00000,0.00000,0.02130,0.00000,250.86705,249.67664,-0.00477,3075.00000,4220.00000,1.07425,244.46824
600.00000,0.01000,3.00000,2.00000,0.00000,0.02787,0.00000,250.86705,251.28208,0.00165,3075.00000,4223.00000,1.30325,244.46824
600.00000,0.01000,4.00000,2.00000,0.00000,0.03082,0.00000,250.86705,252.00311,0.00451,3075.00000,4216.00000,1.30718,244.46824
600.00000,0.01000,5.00000,4.00000,0.00000,0.03090,0.00000,250.86705,252.02311,0.00459,3075.00000,2473.00000,0.01094,244.46824
600.00000,0.01000,6.00000,3.00000,0.00000,0.02368,0.00000,250.86705,250.25673,-0.00244,3075.00000,4272.00000,0.00000,244.46824
