"Omega","Tolerance","Step Size Rule","Iterations","Converged?","Gap LR","Gap Naive","Obj. Naive","Obj. LR","Gap","Time Naive","Time LR","Final Lambda","LB Heuristic"
600.00000,0.01000,1.00000,2.00000,0.00000,0.02299,0.00000,250.86705,250.08889,-0.00311,3415.00000,4219.00000,1.26425,244.46824
600.00000,0.01000,2.00000,2.00000,0.00000,0.02130,0.00000,250.86705,249.67664,-0.00477,3415.00000,4217.00000,1.07425,244.46824
600.00000,0.01000,3.00000,2.00000,0.00000,0.02787,0.00000,250.86705,251.28208,0.00165,3415.00000,4216.00000,1.30325,244.46824
600.00000,0.01000,4.00000,2.00000,0.00000,0.03082,0.00000,250.86705,252.00311,0.00451,3415.00000,4214.00000,1.30718,244.46824
600.00000,0.01000,5.00000,4.00000,0.00000,0.03090,0.00000,250.86705,252.02311,0.00459,3415.00000,2447.00000,0.01094,244.46824
600.00000,0.01000,6.00000,3.00000,0.00000,0.02710,0.00000,250.86705,251.09320,0.00090,3415.00000,4288.00000,0.00000,244.46824
