"Omega","Tolerance","Step Size Rule","Iterations","Converged?","Gap LR","Gap Naive","Obj. Naive","Obj. LR","Gap","Time Naive","Time LR","Final Lambda"
600.00000,0.01000,1.00000,1.00000,0.00000,0.03090,0.00000,-250.86705,-252.02311,0.00461,1791.00000,2861.00000,1.29425
600.00000,0.01000,2.00000,1.00000,0.00000,0.03090,0.00000,-250.86705,-252.02311,0.00461,1791.00000,2850.00000,0.57425
600.00000,0.01000,3.00000,1.00000,0.00000,0.03090,0.00000,-250.86705,-252.02311,0.00461,1791.00000,2849.00000,1.30925
600.00000,0.01000,4.00000,1.00000,0.00000,0.03090,0.00000,-250.86705,-252.02311,0.00461,1791.00000,2852.00000,1.31425
600.00000,0.01000,5.00000,1.00000,0.00000,0.03090,0.00000,-250.86705,-252.02311,0.00461,1791.00000,2852.00000,0.00000
600.00000,0.01000,6.00000,1.00000,0.00000,0.03090,0.00000,-250.86705,-252.02311,0.00461,1791.00000,2905.00000,0.00000
