"Omega","Tolerance","Step Size Rule","Iterations","Converged?","Gap LR","Gap Naive","Obj. Naive","Obj. LR","Gap","Time Naive","Time LR","Final Lambda","LB Heuristic"
600.00000,0.01000,1.00000,10.00000,0.00000,0.02789,0.00000,250.86705,251.48311,0.00245,85.00000,1497.00000,1.02425,244.46824
600.00000,0.01000,4.00000,10.00000,0.00000,0.02961,0.00000,250.86705,251.92902,0.00422,85.00000,1361.00000,1.27404,244.46824
