"Omega","Tolerance","Step Size Rule","Iterations","Converged?","Gap LR","Gap Naive","Obj. Naive","Obj. LR","Gap","Time Naive","Time LR","Final Lambda"
600.00000,0.01000,1.00000,3.00000,0.00000,0.03041,0.00000,-250.86705,-251.90311,0.00411,1022.00000,3057.00000,1.23425
600.00000,0.01000,2.00000,2.00000,0.00000,0.02572,0.00000,-250.86705,-250.75641,-0.00044,1022.00000,3146.00000,2.07425
600.00000,0.01000,3.00000,3.00000,0.00000,0.03068,0.00000,-250.86705,-251.96911,0.00437,1022.00000,3064.00000,1.28725
600.00000,0.01000,4.00000,3.00000,0.00000,0.03076,0.00000,-250.86705,-251.98897,0.00445,1022.00000,2934.00000,1.30141
600.00000,0.01000,5.00000,10.00000,0.00000,0.03090,0.00000,-250.86705,-252.02311,0.00459,1022.00000,1265.00000,0.01948
600.00000,0.01000,6.00000,3.00000,0.00000,0.02710,0.00000,-250.86705,-251.09320,0.00090,1022.00000,3036.00000,0.00000
