"Omega","Tolerance","Step Size Rule","Iterations","Converged?","Gap LR","Gap Naive","Obj. Naive","Obj. LR","Gap","Time Naive","Time LR","Final Lambda"
600.00000,0.01000,1.00000,2.00000,0.00000,0.02017,0.03229,-250.86705,-249.39857,-0.00589,2860.00000,4355.00000,1.26425
600.00000,0.01000,2.00000,2.00000,0.00000,0.02630,0.03229,-250.86705,-250.89756,0.00012,2860.00000,2341.00000,0.00253
600.00000,0.01000,3.00000,2.00000,1.00000,0.02617,0.03229,-250.86705,-250.86705,0.00000,2860.00000,4322.00000,1.31675
600.00000,0.01000,4.00000,2.00000,0.00000,0.02630,0.03229,-250.86705,-250.89756,0.00012,2860.00000,4300.00000,1.31572
600.00000,0.01000,5.00000,3.00000,0.00000,0.02630,0.03229,-250.86705,-250.89756,0.00012,2860.00000,2325.00000,0.00842
600.00000,0.01000,6.00000,3.00000,0.00000,0.02710,0.03229,-250.86705,-251.09320,0.00090,2860.00000,4348.00000,0.00000
