"Omega","Tolerance","Step Size Rule","Iterations","Converged?","Gap LR","Gap Naive","Obj. Naive","Obj. LR","Gap","Time Naive","Time LR","Final Lambda","LB Heuristic"
600.00000,0.03000,4.00000,2.00000,0.00000,0.04241,0.00000,259.23249,259.64167,0.00158,3157.00000,2653.00000,0.54425,248.63152
600.00000,0.03000,5.00000,10.00000,0.00000,0.04248,0.00000,259.23249,259.66167,0.00165,3157.00000,1541.00000,0.01989,248.63152
