"Omega","Tolerance","Step Size Rule","Iterations","Converged?","Gap LR","Gap Naive","Obj. Naive","Obj. LR","Gap","Time Naive","Time LR","Final Lambda","LB Heuristic"
600.00000,0.03000,1.00000,4.00000,0.00000,0.03847,0.06903,257.61717,258.57941,0.00372,4224.00000,2506.00000,8.58633,248.63152
600.00000,0.03000,2.00000,2.00000,0.00000,0.03051,0.06903,257.61717,256.45493,-0.00453,4224.00000,4213.00000,0.04996,248.63152
600.00000,0.03000,3.00000,2.00000,0.00000,0.03203,0.06903,257.61717,256.85841,-0.00295,4224.00000,4206.00000,0.43083,248.63152
600.00000,0.03000,4.00000,2.00000,0.00000,0.03462,0.06903,257.61717,257.54827,-0.00027,4224.00000,4205.00000,0.52400,248.63152
600.00000,0.03000,5.00000,7.00000,0.00000,0.03847,0.06903,257.61717,258.57941,0.00372,4224.00000,2451.00000,0.03229,248.63152
600.00000,0.03000,6.00000,3.00000,0.00000,0.03847,0.06903,257.61717,258.57941,0.00372,4224.00000,4198.00000,0.00000,248.63152
