"Omega","Tolerance","Step Size Rule","Iterations","Converged?","Gap LR","Gap Naive","Obj. Naive","Obj. LR","Gap","Time Naive","Time LR","Final Lambda","LB Heuristic"
600.00000,0.03000,1.00000,2.00000,1.00000,0.03476,0.07893,254.87806,257.27327,0.00931,4235.00000,4211.00000,0.63633,248.63152
600.00000,0.03000,2.00000,2.00000,0.00000,0.03476,0.07893,254.87806,257.27327,0.00931,4235.00000,4211.00000,0.74594,248.63152
600.00000,0.03000,3.00000,2.00000,0.00000,0.03476,0.07893,254.87806,257.27327,0.00931,4235.00000,4217.00000,0.53283,248.63152
600.00000,0.03000,4.00000,2.00000,0.00000,0.03476,0.07893,254.87806,257.27327,0.00931,4235.00000,4222.00000,0.55451,248.63152
600.00000,0.03000,5.00000,2.00000,0.00000,0.03476,0.07893,254.87806,257.27327,0.00931,4235.00000,3011.00000,1.58486,248.63152
600.00000,0.03000,6.00000,3.00000,0.00000,0.04001,0.07893,254.87806,258.57941,0.01431,4235.00000,3452.00000,0.00000,248.63152
