"Omega","Tolerance","Step Size Rule","Iterations","Converged?","Gap LR","Gap Naive","Obj. Naive","Obj. LR","Gap","Time Naive","Time LR","Final Lambda","LB Heuristic"
600.00000,0.03000,1.00000,4.00000,0.00000,0.03847,0.06940,257.51545,258.57941,0.00411,4225.00000,2441.00000,8.58633,248.63152
600.00000,0.03000,2.00000,2.00000,0.00000,0.04232,0.06940,257.51545,259.62000,0.00811,4225.00000,2558.00000,0.04232,248.63152
600.00000,0.03000,3.00000,2.00000,0.00000,0.04129,0.06940,257.51545,259.33900,0.00703,4225.00000,4200.00000,0.04129,248.63152
600.00000,0.03000,4.00000,2.00000,0.00000,0.03462,0.06940,257.51545,257.54827,0.00013,4225.00000,4207.00000,0.52400,248.63152
600.00000,0.03000,5.00000,7.00000,0.00000,0.03847,0.06940,257.51545,258.57941,0.00411,4225.00000,2447.00000,0.03229,248.63152
600.00000,0.03000,6.00000,3.00000,0.00000,0.03847,0.06940,257.51545,258.57941,0.00411,4225.00000,4255.00000,0.00000,248.63152
