"Omega","Tolerance","Step Size Rule","Iterations","Converged?","Gap LR","Gap Naive","Obj. Naive","Obj. LR","Gap","Time Naive","Time LR","Final Lambda","LB Heuristic"
600.00000,0.03000,1.00000,5.00000,0.00000,0.04001,0.06007,257.51545,258.57941,0.00411,4231.00000,2447.00000,8.31633,248.63152
600.00000,0.03000,2.00000,2.00000,0.00000,0.03147,0.06007,257.51545,256.45493,-0.00414,4231.00000,4208.00000,0.04996,248.63152
600.00000,0.03000,3.00000,2.00000,0.00000,0.03480,0.06007,257.51545,257.28296,-0.00090,4231.00000,4206.00000,0.42483,248.63152
600.00000,0.03000,4.00000,2.00000,0.00000,0.03972,0.06007,257.51545,258.50741,0.00384,4231.00000,4204.00000,0.49572,248.63152
600.00000,0.03000,5.00000,7.00000,0.00000,0.04001,0.06007,257.51545,258.57941,0.00411,4231.00000,2444.00000,0.03229,248.63152
600.00000,0.03000,6.00000,3.00000,0.00000,0.04001,0.06007,257.51545,258.57941,0.00411,4231.00000,4254.00000,0.00000,248.63152
