"Omega","Tolerance","Step Size Rule","Iterations","Converged?","Gap LR","Gap Naive","Obj. Naive","Obj. LR","Gap","Time Naive","Time LR","Final Lambda","LB Heuristic"
600.00000,0.03000,1.00000,2.00000,0.00000,0.04226,0.00000,259.23249,259.60167,0.00142,3330.00000,2760.00000,0.50133,248.63152
600.00000,0.03000,2.00000,10.00000,0.00000,0.04248,0.00000,259.23249,259.66167,0.00165,3330.00000,1308.00000,0.02320,248.63152
600.00000,0.03000,3.00000,3.00000,0.00000,0.04228,0.00000,259.23249,259.60767,0.00145,3330.00000,2787.00000,0.52433,248.63152
