"Omega","Tolerance","Step Size Rule","Iterations","Converged?","Gap LR","Gap Naive","Obj. Naive","Obj. LR","Gap","Time Naive","Time LR","Final Lambda"
600.00000,0.03000,1.00000,1.00000,0.00000,0.03878,0.08990,-252.11289,-258.27368,0.02444,2841.00000,2862.00000,0.39633
600.00000,0.03000,2.00000,1.00000,0.00000,0.03878,0.08990,-252.11289,-258.27368,0.02444,2841.00000,2850.00000,0.42496
600.00000,0.03000,3.00000,1.00000,0.00000,0.03878,0.08990,-252.11289,-258.27368,0.02444,2841.00000,2843.00000,0.47883
600.00000,0.03000,4.00000,1.00000,0.00000,0.03878,0.08990,-252.11289,-258.27368,0.02444,2841.00000,2849.00000,0.50633
600.00000,0.03000,5.00000,1.00000,0.00000,0.03878,0.08990,-252.11289,-258.27368,0.02444,2841.00000,2853.00000,0.01587
600.00000,0.03000,6.00000,1.00000,0.00000,0.03878,0.08990,-252.11289,-258.27368,0.02444,2841.00000,2837.00000,0.00000
