"Omega","Tolerance","Step Size Rule","Iterations","Converged?","Gap LR","Gap Naive","Obj. Naive","Obj. LR","Gap","Time Naive","Time LR","Final Lambda"
600.00000,0.03000,1.00000,2.00000,0.00000,0.02369,0.11889,-244.42023,-254.52067,0.02314,2872.00000,4328.00000,0.23133
600.00000,0.03000,2.00000,2.00000,0.00000,0.02369,0.11889,-244.42023,-254.52067,0.02314,2872.00000,2479.00000,0.39724
600.00000,0.03000,3.00000,2.00000,0.00000,0.02369,0.11889,-244.42023,-254.52067,0.02314,2872.00000,4308.00000,0.40983
600.00000,0.03000,4.00000,2.00000,0.00000,0.02081,0.11889,-244.42023,-253.80460,0.02038,2872.00000,4286.00000,0.53754
600.00000,0.03000,5.00000,2.00000,0.00000,0.03476,0.11889,-244.42023,-257.27327,0.03359,2872.00000,3331.00000,1.58486
600.00000,0.03000,6.00000,2.00000,0.00000,0.03878,0.11889,-244.42023,-258.27368,0.03733,2872.00000,2290.00000,0.93723
