"Omega","Tolerance","Step Size Rule","Iterations","Converged?","Gap LR","Gap Naive","Obj. Naive","Obj. LR","Gap","Time Naive","Time LR","Final Lambda"
600.00000,0.03000,1.00000,3.00000,0.00000,0.03398,0.09359,-251.09119,-257.07899,256.10228,4268.00000,2678.00000,8.81133
600.00000,0.03000,2.00000,2.00000,0.00000,0.02544,0.09359,-251.09119,-254.95636,253.97152,4268.00000,4210.00000,0.30418
600.00000,0.03000,3.00000,2.00000,0.00000,0.03118,0.09359,-251.09119,-256.38417,255.40481,4268.00000,4212.00000,0.44433
600.00000,0.03000,4.00000,2.00000,0.00000,0.02580,0.09359,-251.09119,-255.04709,254.06260,4268.00000,4211.00000,0.47365
600.00000,0.03000,5.00000,2.00000,0.00000,0.03476,0.09359,-251.09119,-257.27327,256.29730,4268.00000,3312.00000,1.58486
600.00000,0.03000,6.00000,3.00000,0.00000,0.03724,0.09359,-251.09119,-257.89117,256.91754,4268.00000,4334.00000,0.00000
