"Omega","Tolerance","Step Size Rule","Iterations","Converged?","Gap LR","Gap Naive","Obj. Naive","Obj. LR","Gap","Time Naive","Time LR","Final Lambda","LB Heuristic"
600.00000,0.03000,1.00000,4.00000,0.00000,0.03724,0.07412,256.20907,257.89117,0.00652,4225.00000,2433.00000,8.54133,248.63152
600.00000,0.03000,2.00000,2.00000,0.00000,0.03147,0.07412,256.20907,256.45493,0.00096,4225.00000,4207.00000,0.04996,248.63152
600.00000,0.03000,3.00000,2.00000,0.00000,0.03309,0.07412,256.20907,256.85841,0.00253,4225.00000,4209.00000,0.43083,248.63152
600.00000,0.03000,4.00000,2.00000,0.00000,0.03586,0.07412,256.20907,257.54827,0.00520,4225.00000,4210.00000,0.52400,248.63152
600.00000,0.03000,5.00000,6.00000,0.00000,0.04001,0.07412,256.20907,258.57941,0.00917,4225.00000,2452.00000,0.03082,248.63152
600.00000,0.03000,6.00000,3.00000,0.00000,0.04001,0.07412,256.20907,258.57941,0.00917,4225.00000,4261.00000,0.00000,248.63152
