"Omega","Tolerance","Step Size Rule","Iterations","Converged?","Gap LR","Gap Naive","Obj. Naive","Obj. LR","Gap","Time Naive","Time LR","Final Lambda","LB Heuristic"
600.00000,0.03000,1.00000,3.00000,0.00000,0.03398,0.09359,251.09119,257.07899,0.02329,4275.00000,2667.00000,8.81133,248.63152
600.00000,0.03000,2.00000,2.00000,0.00000,0.02544,0.09359,251.09119,254.95636,0.01516,4275.00000,4212.00000,0.30418,248.63152
600.00000,0.03000,3.00000,2.00000,0.00000,0.03118,0.09359,251.09119,256.38417,0.02064,4275.00000,4212.00000,0.44433,248.63152
600.00000,0.03000,4.00000,2.00000,0.00000,0.02580,0.09359,251.09119,255.04709,0.01551,4275.00000,4212.00000,0.47365,248.63152
600.00000,0.03000,5.00000,2.00000,0.00000,0.03476,0.09359,251.09119,257.27327,0.02403,4275.00000,3418.00000,1.58486,248.63152
600.00000,0.03000,6.00000,3.00000,0.00000,0.03724,0.09359,251.09119,257.89117,0.02637,4275.00000,4321.00000,0.00000,248.63152
