"Omega","Tolerance","Step Size Rule","Iterations","Converged?","Gap LR","Gap Naive","Obj. Naive","Obj. LR","Gap","Time Naive","Time LR","Final Lambda","LB Heuristic"
600.00000,0.03000,1.00000,4.00000,0.00000,0.03847,0.06007,257.51545,258.57941,0.00411,4227.00000,2428.00000,8.58633,248.63152
600.00000,0.03000,2.00000,2.00000,0.00000,0.03051,0.06007,257.51545,256.45493,-0.00414,4227.00000,4207.00000,0.04996,248.63152
600.00000,0.03000,3.00000,2.00000,0.00000,0.03203,0.06007,257.51545,256.85841,-0.00256,4227.00000,4210.00000,0.43083,248.63152
600.00000,0.03000,4.00000,2.00000,0.00000,0.03524,0.06007,257.51545,257.71436,0.00077,4227.00000,4212.00000,0.46390,248.63152
600.00000,0.03000,5.00000,6.00000,0.00000,0.03847,0.06007,257.51545,258.57941,0.00411,4227.00000,2438.00000,0.03082,248.63152
600.00000,0.03000,6.00000,3.00000,0.00000,0.03847,0.06007,257.51545,258.57941,0.00411,4227.00000,4272.00000,0.00000,248.63152
