"Omega","Tolerance","Step Size Rule","Iterations","Converged?","Gap LR","Gap Naive","Obj. Naive","Obj. LR","Gap","Time Naive","Time LR","Final Lambda","LB Heuristic"
600.00000,0.03000,1.00000,3.00000,0.00000,0.03398,0.08990,252.11289,257.07899,0.01932,4271.00000,2668.00000,8.81133,248.63152
600.00000,0.03000,2.00000,2.00000,0.00000,0.02544,0.08990,252.11289,254.95636,0.01115,4271.00000,4214.00000,0.30418,248.63152
600.00000,0.03000,3.00000,2.00000,0.00000,0.03118,0.08990,252.11289,256.38417,0.01666,4271.00000,4212.00000,0.44433,248.63152
600.00000,0.03000,4.00000,2.00000,0.00000,0.02580,0.08990,252.11289,255.04709,0.01150,4271.00000,4212.00000,0.47365,248.63152
600.00000,0.03000,5.00000,2.00000,0.00000,0.03476,0.08990,252.11289,257.27327,0.02006,4271.00000,3358.00000,1.58486,248.63152
600.00000,0.03000,6.00000,3.00000,0.00000,0.03724,0.08990,252.11289,257.89117,0.02241,4271.00000,4320.00000,0.00000,248.63152
