"Omega","Tolerance","Step Size Rule","Iterations","Converged?","Gap LR","Gap Naive","Obj. Naive","Obj. LR","Gap","Time Naive","Time LR","Final Lambda","LB Heuristic"
600.00000,0.03000,1.00000,4.00000,0.00000,0.03724,0.07001,257.34621,257.89117,0.00211,4226.00000,2480.00000,8.54133,248.63152
600.00000,0.03000,2.00000,2.00000,0.00000,0.03147,0.07001,257.34621,256.45493,-0.00348,4226.00000,4210.00000,0.04996,248.63152
600.00000,0.03000,3.00000,2.00000,0.00000,0.03724,0.07001,257.34621,257.89117,0.00211,4226.00000,4211.00000,0.46833,248.63152
600.00000,0.03000,4.00000,2.00000,0.00000,0.03616,0.07001,257.34621,257.62327,0.00108,4226.00000,4211.00000,0.50900,248.63152
600.00000,0.03000,5.00000,2.00000,0.00000,0.03476,0.07001,257.34621,257.27327,-0.00028,4226.00000,2984.00000,1.58486,248.63152
600.00000,0.03000,6.00000,3.00000,0.00000,0.04001,0.07001,257.34621,258.57941,0.00477,4226.00000,4148.00000,0.00000,248.63152
