"Omega","Tolerance","Step Size Rule","Iterations","Converged?","Gap LR","Gap Naive","Obj. Naive","Obj. LR","Gap","Time Naive","Time LR","Final Lambda","LB Heuristic"
600.00000,0.07000,1.00000,4.00000,0.00000,0.07042,0.14794,247.90930,268.46212,0.06579,4230.00000,2404.00000,7.11000,250.79961
600.00000,0.07000,2.00000,4.00000,0.00000,0.07303,0.14794,247.90930,269.11448,0.06806,4230.00000,2589.00000,0.41692,250.79961
600.00000,0.07000,3.00000,3.00000,0.00000,0.07042,0.14794,247.90930,268.46212,0.06579,4230.00000,2569.00000,3.33873,250.79961
600.00000,0.07000,4.00000,3.00000,0.00000,0.07042,0.14794,247.90930,268.46212,0.06579,4230.00000,2799.00000,2.13732,250.79961
600.00000,0.07000,5.00000,3.00000,0.00000,0.07042,0.14794,247.90930,268.46212,0.06579,4230.00000,2436.00000,0.28822,250.79961
600.00000,0.07000,6.00000,3.00000,0.00000,0.07303,0.14794,247.90930,269.11448,0.06806,4230.00000,4303.00000,0.00650,250.79961
