"Omega","Tolerance","Step Size Rule","Iterations","Converged?","Gap LR","Gap Naive","Obj. Naive","Obj. LR","Gap","Time Naive","Time LR","Final Lambda"
600.00000,0.07000,1.00000,2.00000,0.00000,0.06770,0.14949,-247.90930,-267.77877,0.06341,2875.00000,2341.00000,8.37000
600.00000,0.07000,2.00000,2.00000,0.00000,0.06770,0.14949,-247.90930,-267.77877,0.06341,2875.00000,2479.00000,0.41430
600.00000,0.07000,3.00000,2.00000,0.00000,0.06770,0.14949,-247.90930,-267.77877,0.06341,2875.00000,2399.00000,3.54873
600.00000,0.07000,4.00000,2.00000,0.00000,0.06770,0.14949,-247.90930,-267.77877,0.06341,2875.00000,2481.00000,2.25856
600.00000,0.07000,5.00000,2.00000,0.00000,0.06770,0.14949,-247.90930,-267.77877,0.06341,2875.00000,2493.00000,0.28464
600.00000,0.07000,6.00000,2.00000,0.00000,0.06770,0.14949,-247.90930,-267.77877,0.06341,2875.00000,2362.00000,1.03128
