"Omega","Tolerance","Step Size Rule","Iterations","Converged?","Gap LR","Gap Naive","Obj. Naive","Obj. LR","Gap","Time Naive","Time LR","Final Lambda","LB Heuristic"
600.00000,0.07000,1.00000,3.00000,0.00000,0.06770,0.14949,247.90930,267.77877,0.06341,4273.00000,2543.00000,7.74000,250.79961
600.00000,0.07000,2.00000,3.00000,0.00000,0.06770,0.14949,247.90930,267.77877,0.06341,4273.00000,2916.00000,0.41699,250.79961
600.00000,0.07000,3.00000,3.00000,0.00000,0.06770,0.14949,247.90930,267.77877,0.06341,4273.00000,3317.00000,3.33873,250.79961
600.00000,0.07000,4.00000,3.00000,0.00000,0.06770,0.14949,247.90930,267.77877,0.06341,4273.00000,3645.00000,2.13732,250.79961
600.00000,0.07000,5.00000,3.00000,0.00000,0.06770,0.14949,247.90930,267.77877,0.06341,4273.00000,2472.00000,0.28822,250.79961
600.00000,0.07000,6.00000,3.00000,0.00000,0.06770,0.14949,247.90930,267.77877,0.06341,4273.00000,4321.00000,0.00650,250.79961
