"Omega","Tolerance","Step Size Rule","Iterations","Converged?","Gap LR","Gap Naive","Obj. Naive","Obj. LR","Gap","Time Naive","Time LR","Final Lambda","LB Heuristic"
600.00000,0.07000,1.00000,3.00000,0.00000,0.06911,0.14949,247.90930,268.13118,0.06464,4288.00000,2475.00000,7.74000,250.79961
600.00000,0.07000,2.00000,3.00000,0.00000,0.06770,0.14949,247.90930,267.77877,0.06341,4288.00000,2715.00000,0.41699,250.79961
600.00000,0.07000,3.00000,3.00000,0.00000,0.06770,0.14949,247.90930,267.77877,0.06341,4288.00000,2924.00000,3.33873,250.79961
600.00000,0.07000,4.00000,3.00000,0.00000,0.06926,0.14949,247.90930,268.16984,0.06477,4288.00000,3420.00000,2.13232,250.79961
600.00000,0.07000,5.00000,4.00000,0.00000,0.06980,0.14949,247.90930,268.30544,0.06525,4288.00000,2528.00000,0.30072,250.79961
600.00000,0.07000,6.00000,3.00000,0.00000,0.07042,0.14949,247.90930,268.46212,0.06579,4288.00000,4283.00000,0.00650,250.79961
