"Omega","Tolerance","Step Size Rule","Iterations","Converged?","Gap LR","Gap Naive","Obj. Naive","Obj. LR","Gap","Time Naive","Time LR","Final Lambda","LB Heuristic"
600.00000,0.07000,1.00000,3.00000,0.00000,0.06911,0.14949,247.90930,268.13118,0.06464,4246.00000,2413.00000,7.74000,250.79961
600.00000,0.07000,2.00000,2.00000,0.00000,0.06911,0.14949,247.90930,268.13118,0.06464,4246.00000,2592.00000,0.41676,250.79961
600.00000,0.07000,3.00000,3.00000,0.00000,0.06901,0.14949,247.90930,268.10655,0.06455,4246.00000,2965.00000,3.31623,250.79961
600.00000,0.07000,4.00000,3.00000,0.00000,0.06911,0.14949,247.90930,268.13118,0.06464,4246.00000,3075.00000,2.12732,250.79961
600.00000,0.07000,5.00000,3.00000,0.00000,0.06770,0.14949,247.90930,267.77877,0.06341,4246.00000,2430.00000,0.28822,250.79961
600.00000,0.07000,6.00000,3.00000,0.00000,0.06901,0.14949,247.90930,268.10655,0.06455,4246.00000,4294.00000,0.00650,250.79961
