"Omega","Tolerance","Step Size Rule","Iterations","Converged?","Gap LR","Gap Naive","Obj. Naive","Obj. LR","Gap","Time Naive","Time LR","Final Lambda"
600.00000,0.07000,1.00000,1.00000,0.00000,0.07042,0.14949,-247.90930,-268.46212,0.08290,2862.00000,2859.00000,0.00000
600.00000,0.07000,2.00000,1.00000,0.00000,0.07042,0.14949,-247.90930,-268.46212,0.08290,2862.00000,2851.00000,0.41162
600.00000,0.07000,3.00000,1.00000,0.00000,0.07042,0.14949,-247.90930,-268.46212,0.08290,2862.00000,2859.00000,0.20073
600.00000,0.07000,4.00000,1.00000,0.00000,0.07042,0.14949,-247.90930,-268.46212,0.08290,2862.00000,2859.00000,0.28573
600.00000,0.07000,5.00000,1.00000,0.00000,0.07042,0.14949,-247.90930,-268.46212,0.08290,2862.00000,2851.00000,0.27926
600.00000,0.07000,6.00000,1.00000,0.00000,0.07921,0.14949,-247.90930,-270.66560,0.09179,2862.00000,2813.00000,0.00000
