"Omega","Tolerance","Step Size Rule","Iterations","Converged?","Gap LR","Gap Naive","Obj. Naive","Obj. LR","Gap","Time Naive","Time LR","Final Lambda"
600.00000,0.07000,1.00000,3.00000,0.00000,0.06770,0.14949,-247.90930,-267.77877,266.84218,4262.00000,2550.00000,7.74000
600.00000,0.07000,2.00000,3.00000,0.00000,0.06770,0.14949,-247.90930,-267.77877,266.84218,4262.00000,2922.00000,0.41699
600.00000,0.07000,3.00000,3.00000,0.00000,0.06770,0.14949,-247.90930,-267.77877,266.84218,4262.00000,3294.00000,3.33873
600.00000,0.07000,4.00000,3.00000,0.00000,0.06770,0.14949,-247.90930,-267.77877,266.84218,4262.00000,3659.00000,2.13732
600.00000,0.07000,5.00000,3.00000,0.00000,0.06770,0.14949,-247.90930,-267.77877,266.84218,4262.00000,2480.00000,0.28822
600.00000,0.07000,6.00000,3.00000,0.00000,0.06770,0.14949,-247.90930,-267.77877,266.84218,4262.00000,4325.00000,0.00650
