"Omega","Tolerance","Step Size Rule","Iterations","Converged?","Gap LR","Gap Naive","Obj. Naive","Obj. LR","Gap","Time Naive","Time LR","Final Lambda","LB Heuristic"
600.00000,0.07000,1.00000,5.00000,0.00000,0.07303,0.12143,255.39734,269.11448,0.05097,4217.00000,2413.00000,6.48000,250.79961
600.00000,0.07000,2.00000,4.00000,0.00000,0.07303,0.12143,255.39734,269.11448,0.05097,4217.00000,2475.00000,0.41692,250.79961
600.00000,0.07000,3.00000,3.00000,0.00000,0.07303,0.12143,255.39734,269.11448,0.05097,4217.00000,2469.00000,3.35373,250.79961
600.00000,0.07000,4.00000,3.00000,0.00000,0.07303,0.12143,255.39734,269.11448,0.05097,4217.00000,2746.00000,2.14732,250.79961
600.00000,0.07000,5.00000,3.00000,0.00000,0.07303,0.12143,255.39734,269.11448,0.05097,4217.00000,2418.00000,0.27719,250.79961
600.00000,0.07000,6.00000,3.00000,0.00000,0.07303,0.12143,255.39734,269.11448,0.05097,4217.00000,4287.00000,0.04347,250.79961
