"Omega","Tolerance","Step Size Rule","Iterations","Converged?","Gap LR","Gap Naive","Obj. Naive","Obj. LR","Gap","Time Naive","Time LR","Final Lambda","LB Heuristic"
100.00000,0.01000,1.00000,1.00000,1.00000,0.00000,0.00000,273.49889,273.49889,0.00000,56.00000,105.00000,5.41630,273.49889
100.00000,0.01000,2.00000,1.00000,1.00000,0.00000,0.00000,273.49889,273.49889,0.00000,56.00000,91.00000,5.41630,273.49889
100.00000,0.01000,3.00000,1.00000,1.00000,0.00000,0.00000,273.49889,273.49889,0.00000,56.00000,82.00000,5.41630,273.49889
100.00000,0.01000,4.00000,1.00000,1.00000,0.00000,0.00000,273.49889,273.49889,0.00000,56.00000,74.00000,5.41630,273.49889
100.00000,0.01000,5.00000,1.00000,1.00000,0.00000,0.00000,273.49889,273.49889,0.00000,56.00000,67.00000,5.41630,273.49889
100.00000,0.01000,6.00000,1.00000,1.00000,0.00000,0.00000,273.49889,273.49889,0.00000,56.00000,67.00000,5.41630,273.49889
