"Omega","Tolerance","Step Size Rule","Iterations","Converged?","Gap LR","Gap Naive","Obj. Naive","Obj. LR","Gap","Time Naive","Time LR","Final Lambda"
100.00000,0.01000,1.00000,1.00000,1.00000,0.00000,0.00000,-273.49889,-273.49889,0.00000,16.00000,25.00000,5.41630
100.00000,0.01000,2.00000,1.00000,1.00000,0.00000,0.00000,-273.49889,-273.49889,0.00000,16.00000,24.00000,5.41630
100.00000,0.01000,3.00000,1.00000,1.00000,0.00000,0.00000,-273.49889,-273.49889,0.00000,16.00000,24.00000,5.41630
100.00000,0.01000,4.00000,1.00000,1.00000,0.00000,0.00000,-273.49889,-273.49889,0.00000,16.00000,27.00000,5.41630
100.00000,0.01000,5.00000,1.00000,1.00000,0.00000,0.00000,-273.49889,-273.49889,0.00000,16.00000,24.00000,5.41630
100.00000,0.01000,6.00000,1.00000,1.00000,0.00000,0.00000,-273.49889,-273.49889,0.00000,16.00000,23.00000,5.41630
