"Omega","Tolerance","Step Size Rule","Iterations","Converged?","Gap LR","Gap Naive","Obj. Naive","Obj. LR","Gap","Time Naive","Time LR","Final Lambda","LB Heuristic"
900.00000,0.05000,2.00000,1.00000,1.00000,0.00000,0.17838,233.30361,246.79216,0.00000,4274.00000,2104.00000,0.30903,246.79216
900.00000,0.05000,3.00000,1.00000,1.00000,0.00000,0.17838,233.30361,246.79216,0.00000,4274.00000,2106.00000,0.30903,246.79216
900.00000,0.05000,4.00000,1.00000,1.00000,0.00000,0.17838,233.30361,246.79216,0.00000,4274.00000,2106.00000,0.30903,246.79216
900.00000,0.05000,5.00000,1.00000,1.00000,0.00000,0.17838,233.30361,246.79216,0.00000,4274.00000,2106.00000,0.30903,246.79216
900.00000,0.05000,6.00000,1.00000,1.00000,0.00000,0.17838,233.30361,246.79216,0.00000,4274.00000,2106.00000,0.30903,246.79216
