"Omega","Tolerance","Step Size Rule","Iterations","Converged?","Gap LR","Gap Naive","Obj. Naive","Obj. LR","Gap","Time Naive","Time LR","Final Lambda"
900.00000,0.05000,1.00000,2.00000,0.00000,0.00089,0.18089,-233.30361,-247.01232,0.00089,2981.00000,2708.00000,12.82500
900.00000,0.05000,2.00000,1.00000,0.00000,0.00089,0.18089,-233.30361,-247.01232,0.00089,2981.00000,2267.00000,0.27569
900.00000,0.05000,3.00000,1.00000,0.00000,0.00089,0.18089,-233.30361,-247.01232,0.00089,2981.00000,2260.00000,0.00000
900.00000,0.05000,4.00000,1.00000,0.00000,0.00089,0.18089,-233.30361,-247.01232,0.00089,2981.00000,2271.00000,0.08403
900.00000,0.05000,5.00000,1.00000,0.00000,0.00089,0.18089,-233.30361,-247.01232,0.00089,2981.00000,2267.00000,0.17569
900.00000,0.05000,6.00000,2.00000,0.00000,0.00089,0.18089,-233.30361,-246.57200,-0.00089,2981.00000,4451.00000,0.30903
