"Omega","Tolerance","Step Size Rule","Iterations","Converged?","Gap LR","Gap Naive","Obj. Naive","Obj. LR","Gap","Time Naive","Time LR","Final Lambda","LB Heuristic"
900.00000,0.05000,1.00000,3.00000,0.00000,0.02546,0.17836,233.30361,253.07477,0.02483,4239.00000,2448.00000,12.15000,246.79216
900.00000,0.05000,2.00000,3.00000,0.00000,0.02546,0.17836,233.30361,253.07477,0.02483,4239.00000,2478.00000,0.27682,246.79216
900.00000,0.05000,3.00000,3.00000,0.00000,0.02546,0.17836,233.30361,253.07477,0.02483,4239.00000,3040.00000,4.91000,246.79216
900.00000,0.05000,4.00000,3.00000,0.00000,0.02546,0.17836,233.30361,253.07477,0.02483,4239.00000,3058.00000,2.99778,246.79216
900.00000,0.05000,5.00000,3.00000,0.00000,0.02546,0.17836,233.30361,253.07477,0.02483,4239.00000,2599.00000,0.17202,246.79216
900.00000,0.05000,6.00000,3.00000,0.00000,0.02546,0.17836,233.30361,253.07477,0.02483,4239.00000,4425.00000,0.05864,246.79216
