"Omega","Tolerance","Step Size Rule","Iterations","Converged?","Gap LR","Gap Naive","Obj. Naive","Obj. LR","Gap","Time Naive","Time LR","Final Lambda"
900.00000,0.05000,1.00000,1.00000,1.00000,0.00000,0.17924,-233.30361,-246.79216,245.79216,4345.00000,2108.00000,0.30903
900.00000,0.05000,2.00000,1.00000,1.00000,0.00000,0.17924,-233.30361,-246.79216,245.79216,4345.00000,2110.00000,0.30903
900.00000,0.05000,3.00000,1.00000,1.00000,0.00000,0.17924,-233.30361,-246.79216,245.79216,4345.00000,2112.00000,0.30903
900.00000,0.05000,4.00000,1.00000,1.00000,0.00000,0.17924,-233.30361,-246.79216,245.79216,4345.00000,2110.00000,0.30903
900.00000,0.05000,5.00000,1.00000,1.00000,0.00000,0.17924,-233.30361,-246.79216,245.79216,4345.00000,2111.00000,0.30903
900.00000,0.05000,6.00000,1.00000,1.00000,0.00000,0.17924,-233.30361,-246.79216,245.79216,4345.00000,2111.00000,0.30903
