"Omega","Tolerance","Step Size Rule","Iterations","Converged?","Gap LR","Gap Naive","Obj. Naive","Obj. LR","Gap","Time Naive","Time LR","Final Lambda"
900.00000,0.05000,1.00000,1.00000,0.00000,0.04295,0.17860,-233.30361,-257.39133,0.10325,2900.00000,2904.00000,0.00000
900.00000,0.05000,2.00000,1.00000,0.00000,0.04295,0.17860,-233.30361,-257.39133,0.10325,2900.00000,2903.00000,0.26955
900.00000,0.05000,3.00000,1.00000,0.00000,0.04295,0.17860,-233.30361,-257.39133,0.10325,2900.00000,2907.00000,0.02403
900.00000,0.05000,4.00000,1.00000,0.00000,0.04295,0.17860,-233.30361,-257.39133,0.10325,2900.00000,2905.00000,0.11903
900.00000,0.05000,5.00000,1.00000,0.00000,0.04295,0.17860,-233.30361,-257.39133,0.10325,2900.00000,2907.00000,0.15113
900.00000,0.05000,6.00000,1.00000,0.00000,0.04295,0.17860,-233.30361,-257.39133,0.10325,2900.00000,2883.00000,0.00000
