"Omega","Tolerance","Step Size Rule","Iterations","Converged?","Gap LR","Gap Naive","Obj. Naive","Obj. LR","Gap","Time Naive","Time LR","Final Lambda","LB Heuristic"
100.00000,0.05000,1.00000,10.00000,0.00000,0.03072,0.00000,281.53743,290.46073,0.03072,293.00000,784.00000,3.64336,281.53743
100.00000,0.05000,2.00000,10.00000,0.00000,0.01946,0.00000,281.53743,287.12511,0.01946,293.00000,1062.00000,2.52546,281.53743
100.00000,0.05000,3.00000,10.00000,0.00000,0.02596,0.00000,281.53743,289.04119,0.02596,293.00000,866.00000,3.33924,281.53743
100.00000,0.05000,4.00000,10.00000,0.00000,0.02340,0.00000,281.53743,288.28435,0.02340,293.00000,947.00000,3.15294,281.53743
100.00000,0.05000,5.00000,10.00000,0.00000,0.01952,0.00000,281.53743,287.14388,0.01952,293.00000,549.00000,2.55255,281.53743
100.00000,0.05000,6.00000,10.00000,0.00000,0.02026,0.00000,281.53743,287.35810,0.02026,293.00000,184.00000,2.65486,281.53743
