"Omega","Tolerance","Step Size Rule","Iterations","Converged?","Gap LR","Gap Naive","Obj. Naive","Obj. LR","Gap","Time Naive","Time LR","Final Lambda"
150.00000,0.05000,1.00000,10.00000,0.00000,0.04179,0.00000,-280.90392,-291.99100,0.03797,67.00000,274.00000,3.01545
150.00000,0.05000,2.00000,10.00000,0.00000,0.01571,0.00000,-280.90392,-284.68237,0.01327,67.00000,469.00000,1.60986
150.00000,0.05000,3.00000,10.00000,0.00000,0.03184,0.00000,-280.90392,-289.20179,0.02869,67.00000,354.00000,2.68453
150.00000,0.05000,4.00000,10.00000,0.00000,0.02587,0.00000,-280.90392,-287.52740,0.02304,67.00000,385.00000,2.40983
150.00000,0.05000,5.00000,10.00000,0.00000,0.01559,0.00000,-280.90392,-284.64740,0.01315,67.00000,310.00000,1.68996
150.00000,0.05000,6.00000,10.00000,0.00000,0.01613,0.00000,-280.90392,-284.79830,0.01367,67.00000,334.00000,1.76353
