"Omega","Tolerance","Step Size Rule","Iterations","Converged?","Gap LR","Gap Naive","Obj. Naive","Obj. LR","Gap","Time Naive","Time LR","Final Lambda"
150.00000,0.05000,1.00000,10.00000,0.00000,0.04179,0.00000,-280.90392,-291.99100,0.03947,67.00000,256.00000,3.01545
150.00000,0.05000,2.00000,10.00000,0.00000,0.01571,0.00000,-280.90392,-284.68237,0.01345,67.00000,548.00000,1.60986
150.00000,0.05000,3.00000,10.00000,0.00000,0.03184,0.00000,-280.90392,-289.20179,0.02954,67.00000,422.00000,2.68453
150.00000,0.05000,4.00000,10.00000,0.00000,0.02587,0.00000,-280.90392,-287.52740,0.02358,67.00000,430.00000,2.40983
150.00000,0.05000,5.00000,10.00000,0.00000,0.01559,0.00000,-280.90392,-284.64740,0.01333,67.00000,322.00000,1.68996
150.00000,0.05000,6.00000,10.00000,0.00000,0.01613,0.00000,-280.90392,-284.79830,0.01386,67.00000,275.00000,1.76353
