"Omega","Tolerance","Step Size Rule","Iterations","Converged?","Gap LR","Gap Naive","Obj. Naive","Obj. LR","Gap","Time Naive","Time LR","Final Lambda"
100.00000,0.05000,1.00000,10.00000,0.00000,0.07032,0.00000,-282.66965,-297.99169,0.05420,7.00000,1.00000,27.75808
100.00000,0.05000,2.00000,10.00000,0.00000,0.05416,0.00000,-282.66965,-293.49169,0.03829,7.00000,24.00000,2.81071
100.00000,0.05000,3.00000,10.00000,0.00000,0.07032,0.00000,-282.66965,-297.99169,0.05420,7.00000,2.00000,22.70839
100.00000,0.05000,4.00000,10.00000,0.00000,0.07032,0.00000,-282.66965,-297.99169,0.05420,7.00000,2.00000,40.20559
100.00000,0.05000,5.00000,10.00000,0.00000,0.06016,0.00000,-282.66965,-295.16272,0.04420,7.00000,24.00000,2.78891
100.00000,0.05000,6.00000,10.00000,0.00000,0.02929,0.00000,-282.66965,-286.56654,0.01379,7.00000,12.00000,2.45457
