"Omega","Tolerance","Step Size Rule","Iterations","Converged?","Gap LR","Gap Naive","Obj. Naive","Obj. LR","Gap","Time Naive","Time LR","Final Lambda"
100.00000,0.03000,1.00000,10.00000,0.00000,0.01743,0.00000,-276.99113,-281.45562,0.01612,128.00000,286.00000,3.96752
100.00000,0.03000,2.00000,10.00000,0.00000,0.01841,0.00000,-276.99113,-281.72562,0.01709,128.00000,105.00000,2.55670
100.00000,0.03000,3.00000,10.00000,0.00000,0.01717,0.00000,-276.99113,-281.38275,0.01585,128.00000,333.00000,2.79631
100.00000,0.03000,4.00000,10.00000,0.00000,0.01765,0.00000,-276.99113,-281.51390,0.01633,128.00000,264.00000,2.84221
100.00000,0.03000,5.00000,10.00000,0.00000,0.01841,0.00000,-276.99113,-281.72562,0.01709,128.00000,63.00000,1.03684
100.00000,0.03000,6.00000,10.00000,0.00000,0.01757,0.00000,-276.99113,-281.49436,0.01626,128.00000,92.00000,2.61255
