"Omega","Tolerance","Step Size Rule","Iterations","Converged?","Gap LR","Gap Naive","Obj. Naive","Obj. LR","Gap","Time Naive","Time LR","Final Lambda"
100.00000,0.05000,1.00000,10.00000,0.00000,0.03169,0.00000,-281.53743,-290.46073,0.03169,65.00000,267.00000,3.64336
100.00000,0.05000,2.00000,10.00000,0.00000,0.01985,0.00000,-281.53743,-287.12511,0.01985,65.00000,342.00000,2.52546
100.00000,0.05000,3.00000,10.00000,0.00000,0.02665,0.00000,-281.53743,-289.04119,0.02665,65.00000,257.00000,3.33924
100.00000,0.05000,4.00000,10.00000,0.00000,0.02396,0.00000,-281.53743,-288.28435,0.02396,65.00000,218.00000,3.15294
100.00000,0.05000,5.00000,10.00000,0.00000,0.01991,0.00000,-281.53743,-287.14388,0.01991,65.00000,110.00000,2.55255
100.00000,0.05000,6.00000,10.00000,0.00000,0.02067,0.00000,-281.53743,-287.35810,0.02067,65.00000,69.00000,2.65486
