"Omega","Tolerance","Step Size Rule","Iterations","Converged?","Gap LR","Gap Naive","Obj. Naive","Obj. LR","Gap","Time Naive","Time LR","Final Lambda","LB Heuristic"
100.00000,0.07000,1.00000,10.00000,0.00000,0.04848,0.00041,282.76986,296.49643,0.04630,610.00000,720.00000,3.38485,282.12195
100.00000,0.07000,2.00000,10.00000,0.00000,0.03753,0.00041,282.76986,293.12384,0.03532,610.00000,912.00000,2.69502,282.12195
100.00000,0.07000,3.00000,10.00000,0.00000,0.04537,0.00041,282.76986,295.52996,0.04318,610.00000,780.00000,3.29993,282.12195
100.00000,0.07000,4.00000,10.00000,0.00000,0.04226,0.00041,282.76986,294.56957,0.04006,610.00000,907.00000,3.14422,282.12195
100.00000,0.07000,5.00000,10.00000,0.00000,0.03764,0.00041,282.76986,293.15610,0.03543,610.00000,573.00000,2.72269,282.12195
100.00000,0.07000,6.00000,10.00000,0.00000,0.03985,0.00041,282.76986,293.83256,0.03765,610.00000,164.00000,2.66492,282.12195
