"Omega","Tolerance","Step Size Rule","Iterations","Converged?","Gap LR","Gap Naive","Obj. Naive","Obj. LR","Gap","Time Naive","Time LR","Final Lambda"
900.00000,0.07000,1.00000,2.00000,0.00000,0.01318,0.20005,-233.39613,-252.33713,0.01301,2948.00000,2699.00000,12.55500
900.00000,0.07000,2.00000,1.00000,0.00000,0.01318,0.20005,-233.39613,-252.33713,0.01301,2948.00000,2272.00000,0.28145
900.00000,0.07000,3.00000,1.00000,0.00000,0.01318,0.20005,-233.39613,-252.33713,0.01301,2948.00000,2259.00000,0.00000
900.00000,0.07000,4.00000,1.00000,0.00000,0.01318,0.20005,-233.39613,-252.33713,0.01301,2948.00000,2275.00000,0.00000
900.00000,0.07000,5.00000,1.00000,0.00000,0.01318,0.20005,-233.39613,-252.33713,0.01301,2948.00000,2269.00000,0.21002
900.00000,0.07000,6.00000,2.00000,0.00000,0.01318,0.20005,-233.39613,-252.33713,0.01301,2948.00000,2812.00000,0.49062
