"Omega","Tolerance","Step Size Rule","Iterations","Converged?","Gap LR","Gap Naive","Obj. Naive","Obj. LR","Gap","Time Naive","Time LR","Final Lambda"
900.00000,0.07000,1.00000,1.00000,0.00000,0.03892,0.19725,-233.39613,-258.74920,0.10863,2900.00000,2903.00000,0.00000
900.00000,0.07000,2.00000,1.00000,0.00000,0.03892,0.19725,-233.39613,-258.74920,0.10863,2900.00000,2910.00000,0.27939
900.00000,0.07000,3.00000,1.00000,0.00000,0.03892,0.19725,-233.39613,-258.74920,0.10863,2900.00000,2909.00000,0.00000
900.00000,0.07000,4.00000,1.00000,0.00000,0.03892,0.19725,-233.39613,-258.74920,0.10863,2900.00000,2904.00000,0.01526
900.00000,0.07000,5.00000,1.00000,0.00000,0.03892,0.19725,-233.39613,-258.74920,0.10863,2900.00000,2903.00000,0.20181
900.00000,0.07000,6.00000,1.00000,0.00000,0.03892,0.19725,-233.39613,-258.74920,0.10863,2900.00000,2840.00000,0.00000
