"Omega","Tolerance","Step Size Rule","Iterations","Converged?","Gap LR","Gap Naive","Obj. Naive","Obj. LR","Gap","Time Naive","Time LR","Final Lambda","LB Heuristic"
900.00000,0.07000,1.00000,3.00000,0.00000,0.04776,0.19714,233.39613,260.94963,0.04558,4235.00000,2470.00000,11.61000,249.05507
900.00000,0.07000,2.00000,3.00000,0.00000,0.04776,0.19714,233.39613,260.94963,0.04558,4235.00000,2736.00000,0.26937,249.05507
900.00000,0.07000,3.00000,3.00000,0.00000,0.04776,0.19714,233.39613,260.94963,0.04558,4235.00000,2585.00000,4.73226,249.05507
900.00000,0.07000,4.00000,3.00000,0.00000,0.04776,0.19714,233.39613,260.94963,0.04558,4235.00000,2926.00000,2.89841,249.05507
900.00000,0.07000,5.00000,3.00000,0.00000,0.04776,0.19714,233.39613,260.94963,0.04558,4235.00000,2410.00000,0.15333,249.05507
900.00000,0.07000,6.00000,3.00000,0.00000,0.04776,0.19714,233.39613,260.94963,0.04558,4235.00000,4330.00000,0.07877,249.05507
