"Omega","Tolerance","Step Size Rule","Iterations","Converged?","Gap LR","Gap Naive","Obj. Naive","Obj. LR","Gap","Time Naive","Time LR","Final Lambda"
900.00000,0.03000,1.00000,1.00000,0.00000,0.03136,0.11688,-245.68524,-254.69259,0.03666,2891.00000,2904.00000,0.03160
900.00000,0.03000,2.00000,1.00000,0.00000,0.03136,0.11688,-245.68524,-254.69259,0.03666,2891.00000,2911.00000,0.31138
900.00000,0.03000,3.00000,1.00000,0.00000,0.03136,0.11688,-245.68524,-254.69259,0.03666,2891.00000,2912.00000,0.20410
900.00000,0.03000,4.00000,1.00000,0.00000,0.03136,0.11688,-245.68524,-254.69259,0.03666,2891.00000,2909.00000,0.26160
900.00000,0.03000,5.00000,1.00000,0.00000,0.03136,0.11688,-245.68524,-254.69259,0.03666,2891.00000,2913.00000,0.11573
900.00000,0.03000,6.00000,1.00000,0.00000,0.03136,0.11688,-245.68524,-254.69259,0.03666,2891.00000,2825.00000,0.00000
