"Omega","Tolerance","Step Size Rule","Iterations","Converged?","Gap LR","Gap Naive","Obj. Naive","Obj. LR","Gap","Time Naive","Time LR","Final Lambda","LB Heuristic"
900.00000,0.03000,1.00000,4.00000,0.00000,0.03136,0.07497,256.68091,254.69259,-0.00781,4227.00000,2556.00000,12.31660,246.94783
900.00000,0.03000,2.00000,2.00000,0.00000,0.03136,0.07497,256.68091,254.69259,-0.00781,4227.00000,4206.00000,0.20424,246.94783
900.00000,0.03000,3.00000,2.00000,0.00000,0.03136,0.07497,256.68091,254.69259,-0.00781,4227.00000,2537.00000,5.44210,246.94783
900.00000,0.03000,4.00000,2.00000,0.00000,0.03136,0.07497,256.68091,254.69259,-0.00781,4227.00000,2461.00000,3.34812,246.94783
900.00000,0.03000,5.00000,3.00000,0.00000,0.03136,0.07497,256.68091,254.69259,-0.00781,4227.00000,2482.00000,0.12146,246.94783
900.00000,0.03000,6.00000,3.00000,0.00000,0.03136,0.07497,256.68091,254.69259,-0.00781,4227.00000,4381.00000,0.00000,246.94783
