"Omega","Tolerance","Step Size Rule","Iterations","Converged?","Gap LR","Gap Naive","Obj. Naive","Obj. LR","Gap","Time Naive","Time LR","Final Lambda"
900.00000,0.03000,1.00000,1.00000,0.00000,0.03046,0.11726,-245.68524,-254.46947,0.02956,2951.00000,2272.00000,0.00000
900.00000,0.03000,2.00000,1.00000,0.00000,0.03046,0.11726,-245.68524,-254.46947,0.02956,2951.00000,2254.00000,0.32105
900.00000,0.03000,3.00000,1.00000,0.00000,0.03046,0.11726,-245.68524,-254.46947,0.02956,2951.00000,2252.00000,0.17410
900.00000,0.03000,4.00000,1.00000,0.00000,0.03046,0.11726,-245.68524,-254.46947,0.02956,2951.00000,2258.00000,0.24160
900.00000,0.03000,5.00000,1.00000,0.00000,0.03046,0.11726,-245.68524,-254.46947,0.02956,2951.00000,2269.00000,0.15438
900.00000,0.03000,6.00000,2.00000,0.00000,0.03046,0.11726,-245.68524,-254.46947,0.02956,2951.00000,2680.00000,0.62752
