"Omega","Tolerance","Step Size Rule","Iterations","Converged?","Gap LR","Gap Naive","Obj. Naive","Obj. LR","Gap","Time Naive","Time LR","Final Lambda"
600.00000,0.07000,1.00000,1.00000,0.00000,0.05087,0.14019,-251.69045,-270.92485,0.07642,2838.00000,2847.00000,0.00000
600.00000,0.07000,2.00000,1.00000,0.00000,0.05087,0.14019,-251.69045,-270.92485,0.07642,2838.00000,2849.00000,0.41911
600.00000,0.07000,3.00000,1.00000,0.00000,0.05087,0.14019,-251.69045,-270.92485,0.07642,2838.00000,2848.00000,0.17359
600.00000,0.07000,4.00000,1.00000,0.00000,0.05087,0.14019,-251.69045,-270.92485,0.07642,2838.00000,2856.00000,0.26859
600.00000,0.07000,5.00000,1.00000,0.00000,0.05087,0.14019,-251.69045,-270.92485,0.07642,2838.00000,2849.00000,0.30069
600.00000,0.07000,6.00000,1.00000,0.00000,0.05087,0.14019,-251.69045,-270.92485,0.07642,2838.00000,2846.00000,0.00000
