"Omega","Tolerance","Step Size Rule","Iterations","Converged?","Gap LR","Gap Naive","Obj. Naive","Obj. LR","Gap","Time Naive","Time LR","Final Lambda","LB Heuristic"
600.00000,0.07000,1.00000,6.00000,0.00000,0.05286,0.11337,258.73015,271.43785,0.04682,4231.00000,2478.00000,5.85000,257.81014
600.00000,0.07000,2.00000,4.00000,0.00000,0.05286,0.11337,258.73015,271.43785,0.04682,4231.00000,2452.00000,0.41978,257.81014
600.00000,0.07000,3.00000,4.00000,0.00000,0.05286,0.11337,258.73015,271.43785,0.04682,4231.00000,2573.00000,3.17659,257.81014
600.00000,0.07000,4.00000,3.00000,0.00000,0.05286,0.11337,258.73015,271.43785,0.04682,4231.00000,2676.00000,2.15017,257.81014
600.00000,0.07000,5.00000,3.00000,0.00000,0.05286,0.11337,258.73015,271.43785,0.04682,4231.00000,2425.00000,0.28005,257.81014
600.00000,0.07000,6.00000,3.00000,0.00000,0.05286,0.11337,258.73015,271.43785,0.04682,4231.00000,4014.00000,0.13396,257.81014
