"Omega","Tolerance","Step Size Rule","Iterations","Converged?","Gap LR","Gap Naive","Obj. Naive","Obj. LR","Gap","Time Naive","Time LR","Final Lambda"
600.00000,0.07000,1.00000,2.00000,0.00000,0.04904,0.14019,-251.69045,-270.45434,0.04675,2856.00000,2342.00000,8.37000
600.00000,0.07000,2.00000,2.00000,0.00000,0.04904,0.14019,-251.69045,-270.45434,0.04675,2856.00000,2439.00000,0.42556
600.00000,0.07000,3.00000,2.00000,0.00000,0.05087,0.14019,-251.69045,-270.92485,0.04841,2856.00000,2394.00000,3.52159
600.00000,0.07000,4.00000,2.00000,0.00000,0.05087,0.14019,-251.69045,-270.92485,0.04841,2856.00000,2432.00000,2.24141
600.00000,0.07000,5.00000,2.00000,0.00000,0.05087,0.14019,-251.69045,-270.92485,0.04841,2856.00000,2853.00000,0.30607
600.00000,0.07000,6.00000,2.00000,0.00000,0.05087,0.14019,-251.69045,-270.92485,0.04841,2856.00000,2346.00000,1.01770
