"Omega","Tolerance","Step Size Rule","Iterations","Converged?","Gap LR","Gap Naive","Obj. Naive","Obj. LR","Gap","Time Naive","Time LR","Final Lambda","LB Heuristic"
600.00000,0.07000,1.00000,5.00000,0.00000,0.05087,0.12965,254.07313,270.92485,0.04841,4227.00000,2485.00000,6.48000,257.81014
600.00000,0.07000,2.00000,3.00000,0.00000,0.05087,0.12965,254.07313,270.92485,0.04841,4227.00000,2482.00000,0.42449,257.81014
600.00000,0.07000,3.00000,3.00000,0.00000,0.05087,0.12965,254.07313,270.92485,0.04841,4227.00000,2497.00000,3.31159,257.81014
600.00000,0.07000,4.00000,3.00000,0.00000,0.05087,0.12965,254.07313,270.92485,0.04841,4227.00000,2787.00000,2.12017,257.81014
600.00000,0.07000,5.00000,2.00000,0.00000,0.05087,0.12965,254.07313,270.92485,0.04841,4227.00000,2495.00000,0.30607,257.81014
600.00000,0.07000,6.00000,3.00000,0.00000,0.05087,0.12965,254.07313,270.92485,0.04841,4227.00000,4304.00000,0.13396,257.81014
