"Omega","Tolerance","Step Size Rule","Iterations","Converged?","Gap LR","Gap Naive","Obj. Naive","Obj. LR","Gap","Time Naive","Time LR","Final Lambda","LB Heuristic"
600.00000,0.07000,1.00000,1.00000,1.00000,0.00000,0.14019,251.69045,257.81014,0.00000,4267.00000,2111.00000,0.45859,257.81014
600.00000,0.07000,2.00000,1.00000,1.00000,0.00000,0.14019,251.69045,257.81014,0.00000,4267.00000,2106.00000,0.45859,257.81014
600.00000,0.07000,3.00000,1.00000,1.00000,0.00000,0.14019,251.69045,257.81014,0.00000,4267.00000,2107.00000,0.45859,257.81014
600.00000,0.07000,4.00000,1.00000,1.00000,0.00000,0.14019,251.69045,257.81014,0.00000,4267.00000,2109.00000,0.45859,257.81014
600.00000,0.07000,5.00000,1.00000,1.00000,0.00000,0.14019,251.69045,257.81014,0.00000,4267.00000,2109.00000,0.45859,257.81014
600.00000,0.07000,6.00000,1.00000,1.00000,0.00000,0.14019,251.69045,257.81014,0.00000,4267.00000,2109.00000,0.45859,257.81014
