"Omega","Tolerance","Step Size Rule","Iterations","Converged?","Gap LR","Gap Naive","Obj. Naive","Obj. LR","Gap","Time Naive","Time LR","Final Lambda","LB Heuristic"
900.00000,0.01000,1.00000,2.00000,0.00000,0.01762,0.05469,245.99324,246.66009,0.00270,4232.00000,4204.00000,0.75462,242.38854
900.00000,0.01000,2.00000,2.00000,0.00000,0.01820,0.05469,245.99324,246.80065,0.00327,4232.00000,4204.00000,0.59176,242.38854
900.00000,0.01000,3.00000,2.00000,0.00000,0.01820,0.05469,245.99324,246.80065,0.00327,4232.00000,4204.00000,0.83562,242.38854
900.00000,0.01000,4.00000,2.00000,0.00000,0.01820,0.05469,245.99324,246.80065,0.00327,4232.00000,4204.00000,0.83255,242.38854
900.00000,0.01000,5.00000,9.00000,0.00000,0.01820,0.05469,245.99324,246.80065,0.00327,4232.00000,2404.00000,0.01232,242.38854
900.00000,0.01000,6.00000,3.00000,0.00000,0.01820,0.05469,245.99324,246.80065,0.00327,4232.00000,4271.00000,1.18968,242.38854
