"Omega","Tolerance","Step Size Rule","Iterations","Converged?","Gap LR","Gap Naive","Obj. Naive","Obj. LR","Gap","Time Naive","Time LR","Final Lambda"
600.00000,0.05000,1.00000,1.00000,0.00000,0.05300,0.12974,-247.73246,-262.79930,0.06082,2842.00000,2852.00000,0.11692
600.00000,0.05000,2.00000,1.00000,0.00000,0.05300,0.12974,-247.73246,-262.79930,0.06082,2842.00000,2846.00000,0.37873
600.00000,0.05000,3.00000,1.00000,0.00000,0.05300,0.12974,-247.73246,-262.79930,0.06082,2842.00000,2851.00000,0.28192
600.00000,0.05000,4.00000,1.00000,0.00000,0.05300,0.12974,-247.73246,-262.79930,0.06082,2842.00000,2850.00000,0.33692
600.00000,0.05000,5.00000,1.00000,0.00000,0.05300,0.12974,-247.73246,-262.79930,0.06082,2842.00000,2850.00000,0.17419
600.00000,0.05000,6.00000,1.00000,0.00000,0.05300,0.12974,-247.73246,-262.79930,0.06082,2842.00000,2841.00000,0.00000
