"Omega","Tolerance","Step Size Rule","Iterations","Converged?","Gap LR","Gap Naive","Obj. Naive","Obj. LR","Gap","Time Naive","Time LR","Final Lambda"
600.00000,0.05000,1.00000,2.00000,0.00000,0.04727,0.13106,-247.42171,-261.37000,0.04513,2868.00000,2430.00000,8.65192
600.00000,0.05000,2.00000,2.00000,0.00000,0.04727,0.13106,-247.42171,-261.37000,0.04513,2868.00000,2453.00000,0.38433
600.00000,0.05000,3.00000,2.00000,0.00000,0.04727,0.13106,-247.42171,-261.37000,0.04513,2868.00000,2459.00000,3.69442
600.00000,0.05000,4.00000,2.00000,0.00000,0.04727,0.13106,-247.42171,-261.37000,0.04513,2868.00000,2478.00000,2.34717
600.00000,0.05000,5.00000,2.00000,0.00000,0.04727,0.13106,-247.42171,-261.37000,0.04513,2868.00000,2542.00000,0.19131
600.00000,0.05000,6.00000,2.00000,0.00000,0.04727,0.13106,-247.42171,-261.37000,0.04513,2868.00000,2402.00000,0.98059
