"Omega","Tolerance","Step Size Rule","Iterations","Converged?","Gap LR","Gap Naive","Obj. Naive","Obj. LR","Gap","Time Naive","Time LR","Final Lambda","LB Heuristic"
600.00000,0.05000,1.00000,3.00000,0.00000,0.04727,0.13083,247.42171,261.37000,0.04513,4297.00000,2435.00000,8.20192,249.57310
600.00000,0.05000,2.00000,3.00000,0.00000,0.04727,0.13083,247.42171,261.37000,0.04513,4297.00000,2621.00000,0.38696,249.57310
600.00000,0.05000,3.00000,3.00000,0.00000,0.04727,0.13083,247.42171,261.37000,0.04513,4297.00000,2810.00000,3.54442,249.57310
600.00000,0.05000,4.00000,3.00000,0.00000,0.04727,0.13083,247.42171,261.37000,0.04513,4297.00000,2995.00000,2.26057,249.57310
600.00000,0.05000,5.00000,3.00000,0.00000,0.04727,0.13083,247.42171,261.37000,0.04513,4297.00000,2479.00000,0.19482,249.57310
600.00000,0.05000,6.00000,3.00000,0.00000,0.04871,0.13083,247.42171,261.72959,0.04645,4297.00000,4286.00000,0.07171,249.57310
