"Omega","Tolerance","Step Size Rule","Iterations","Converged?","Gap LR","Gap Naive","Obj. Naive","Obj. LR","Gap","Time Naive","Time LR","Final Lambda","LB Heuristic"
600.00000,0.05000,1.00000,4.00000,0.00000,0.05225,0.10882,252.61567,262.61267,0.03807,4230.00000,2423.00000,7.69192,249.57310
600.00000,0.05000,2.00000,3.00000,0.00000,0.05225,0.10882,252.61567,262.61267,0.03807,4230.00000,2405.00000,0.39662,249.57310
600.00000,0.05000,3.00000,3.00000,0.00000,0.05225,0.10882,252.61567,262.61267,0.03807,4230.00000,2602.00000,3.51442,249.57310
600.00000,0.05000,4.00000,3.00000,0.00000,0.05225,0.10882,252.61567,262.61267,0.03807,4230.00000,2778.00000,2.24057,249.57310
600.00000,0.05000,5.00000,4.00000,0.00000,0.05225,0.10882,252.61567,262.61267,0.03807,4230.00000,2465.00000,0.23610,249.57310
600.00000,0.05000,6.00000,3.00000,0.00000,0.05225,0.10882,252.61567,262.61267,0.03807,4230.00000,4261.00000,0.07171,249.57310
