"Omega","Tolerance","Step Size Rule","Iterations","Converged?","Gap LR","Gap Naive","Obj. Naive","Obj. LR","Gap","Time Naive","Time LR","Final Lambda","LB Heuristic"
600.00000,0.05000,1.00000,4.00000,0.00000,0.04991,0.12791,247.81864,262.02876,0.04754,4229.00000,2587.00000,7.73692,249.57310
600.00000,0.05000,2.00000,4.00000,0.00000,0.04871,0.12791,247.81864,261.72959,0.04645,4229.00000,2432.00000,0.38959,249.57310
600.00000,0.05000,3.00000,3.00000,0.00000,0.05300,0.12791,247.81864,262.79930,0.05033,4229.00000,2567.00000,3.55192,249.57310
600.00000,0.05000,4.00000,3.00000,0.00000,0.04991,0.12791,247.81864,262.02876,0.04754,4229.00000,2777.00000,2.25557,249.57310
600.00000,0.05000,5.00000,3.00000,0.00000,0.04991,0.12791,247.81864,262.02876,0.04754,4229.00000,2407.00000,0.20569,249.57310
600.00000,0.05000,6.00000,3.00000,0.00000,0.05181,0.12791,247.81864,262.50453,0.04926,4229.00000,4301.00000,0.07171,249.57310
