"Omega","Tolerance","Step Size Rule","Iterations","Converged?","Gap LR","Gap Naive","Obj. Naive","Obj. LR","Gap","Time Naive","Time LR","Final Lambda","LB Heuristic"
600.00000,0.05000,1.00000,3.00000,0.00000,0.04727,0.12974,247.73246,261.37000,0.04513,4274.00000,2517.00000,8.20192,249.57310
600.00000,0.05000,2.00000,3.00000,0.00000,0.04727,0.12974,247.73246,261.37000,0.04513,4274.00000,2694.00000,0.38696,249.57310
600.00000,0.05000,3.00000,3.00000,0.00000,0.04727,0.12974,247.73246,261.37000,0.04513,4274.00000,3188.00000,3.54442,249.57310
600.00000,0.05000,4.00000,3.00000,0.00000,0.04727,0.12974,247.73246,261.37000,0.04513,4274.00000,3320.00000,2.26057,249.57310
600.00000,0.05000,5.00000,3.00000,0.00000,0.04727,0.12974,247.73246,261.37000,0.04513,4274.00000,2472.00000,0.19482,249.57310
600.00000,0.05000,6.00000,3.00000,0.00000,0.04727,0.12974,247.73246,261.37000,0.04513,4274.00000,4336.00000,0.07171,249.57310
