"Omega","Tolerance","Step Size Rule","Iterations","Converged?","Gap LR","Gap Naive","Obj. Naive","Obj. LR","Gap","Time Naive","Time LR","Final Lambda","LB Heuristic"
600.00000,0.05000,1.00000,3.00000,0.00000,0.04727,0.12972,247.73246,261.37000,0.04513,4243.00000,2404.00000,8.20192,249.57310
600.00000,0.05000,2.00000,3.00000,0.00000,0.04727,0.12972,247.73246,261.37000,0.04513,4243.00000,2559.00000,0.38696,249.57310
600.00000,0.05000,3.00000,3.00000,0.00000,0.04727,0.12972,247.73246,261.37000,0.04513,4243.00000,2764.00000,3.54442,249.57310
600.00000,0.05000,4.00000,3.00000,0.00000,0.04727,0.12972,247.73246,261.37000,0.04513,4243.00000,3070.00000,2.26057,249.57310
600.00000,0.05000,5.00000,3.00000,0.00000,0.04727,0.12972,247.73246,261.37000,0.04513,4243.00000,2474.00000,0.19482,249.57310
600.00000,0.05000,6.00000,3.00000,0.00000,0.04727,0.12972,247.73246,261.37000,0.04513,4243.00000,4322.00000,0.07171,249.57310
