"Omega","Tolerance","Step Size Rule","Iterations","Converged?","Gap LR","Gap Naive","Obj. Naive","Obj. LR","Gap","Time Naive","Time LR","Final Lambda"
900.00000,0.07000,1.00000,1.00000,1.00000,0.00000,0.21745,-227.96198,-249.14350,248.14350,4339.00000,2110.00000,0.30626
900.00000,0.07000,2.00000,1.00000,1.00000,0.00000,0.21745,-227.96198,-249.14350,248.14350,4339.00000,2110.00000,0.30626
900.00000,0.07000,3.00000,1.00000,1.00000,0.00000,0.21745,-227.96198,-249.14350,248.14350,4339.00000,2110.00000,0.30626
900.00000,0.07000,4.00000,1.00000,1.00000,0.00000,0.21745,-227.96198,-249.14350,248.14350,4339.00000,2110.00000,0.30626
900.00000,0.07000,5.00000,1.00000,1.00000,0.00000,0.21745,-227.96198,-249.14350,248.14350,4339.00000,2110.00000,0.30626
900.00000,0.07000,6.00000,1.00000,1.00000,0.00000,0.21745,-227.96198,-249.14350,248.14350,4339.00000,2147.00000,0.30626
