"Omega","Tolerance","Step Size Rule","Iterations","Converged?","Gap LR","Gap Naive","Obj. Naive","Obj. LR","Gap","Time Naive","Time LR","Final Lambda","LB Heuristic"
900.00000,0.07000,1.00000,1.00000,1.00000,0.00000,0.21745,227.96198,249.14350,0.00000,4352.00000,2110.00000,0.30626,249.14350
900.00000,0.07000,2.00000,1.00000,1.00000,0.00000,0.21745,227.96198,249.14350,0.00000,4352.00000,2109.00000,0.30626,249.14350
900.00000,0.07000,3.00000,1.00000,1.00000,0.00000,0.21745,227.96198,249.14350,0.00000,4352.00000,2110.00000,0.30626,249.14350
900.00000,0.07000,4.00000,1.00000,1.00000,0.00000,0.21745,227.96198,249.14350,0.00000,4352.00000,2110.00000,0.30626,249.14350
900.00000,0.07000,5.00000,1.00000,1.00000,0.00000,0.21745,227.96198,249.14350,0.00000,4352.00000,2110.00000,0.30626,249.14350
900.00000,0.07000,6.00000,1.00000,1.00000,0.00000,0.21745,227.96198,249.14350,0.00000,4352.00000,2137.00000,0.30626,249.14350
