"Omega","Tolerance","Step Size Rule","Iterations","Converged?","Gap LR","Gap Naive","Obj. Naive","Obj. LR","Gap","Time Naive","Time LR","Final Lambda","LB Heuristic"
900.00000,0.07000,1.00000,1.00000,1.00000,0.00000,0.21745,227.96198,249.14350,0.00000,4352.00000,2108.00000,0.30626,249.14350
900.00000,0.07000,2.00000,2.00000,0.00000,0.05410,0.21745,227.96198,262.62233,0.05132,4352.00000,2554.00000,0.28263,249.14350
900.00000,0.07000,3.00000,3.00000,0.00000,0.05410,0.21745,227.96198,262.62233,0.05132,4352.00000,3626.00000,4.71200,249.14350
900.00000,0.07000,4.00000,2.00000,0.00000,0.05410,0.21745,227.96198,262.62233,0.05132,4352.00000,2513.00000,2.97050,249.14350
900.00000,0.07000,5.00000,1.00000,1.00000,0.00000,0.21745,227.96198,249.14350,0.00000,4352.00000,2111.00000,0.30626,249.14350
900.00000,0.07000,6.00000,3.00000,0.00000,0.05410,0.21745,227.96198,262.62233,0.05132,4352.00000,4403.00000,0.12805,249.14350
