"Omega","Tolerance","Step Size Rule","Iterations","Converged?","Gap LR","Gap Naive","Obj. Naive","Obj. LR","Gap","Time Naive","Time LR","Final Lambda","LB Heuristic"
900.00000,0.07000,1.00000,3.00000,0.00000,0.07005,0.21644,227.96198,266.59553,0.06546,4236.00000,2563.00000,11.61000,249.14350
900.00000,0.07000,2.00000,2.00000,0.00000,0.07005,0.21644,227.96198,266.59553,0.06546,4236.00000,2608.00000,0.28027,249.14350
900.00000,0.07000,3.00000,3.00000,0.00000,0.07005,0.21644,227.96198,266.59553,0.06546,4236.00000,2673.00000,4.71200,249.14350
900.00000,0.07000,4.00000,3.00000,0.00000,0.07005,0.21644,227.96198,266.59553,0.06546,4236.00000,3262.00000,2.82230,249.14350
900.00000,0.07000,5.00000,2.00000,0.00000,0.07251,0.21644,227.96198,267.20770,0.06760,4236.00000,4208.00000,0.24960,249.14350
900.00000,0.07000,6.00000,3.00000,0.00000,0.07005,0.21644,227.96198,266.59553,0.06546,4236.00000,4306.00000,0.00000,249.14350
