"Omega","Tolerance","Step Size Rule","Iterations","Converged?","Gap LR","Gap Naive","Obj. Naive","Obj. LR","Gap","Time Naive","Time LR","Final Lambda"
900.00000,0.07000,1.00000,1.00000,0.00000,0.01394,0.21935,-227.96198,-245.67130,-0.01413,2947.00000,2306.00000,0.00000
900.00000,0.07000,2.00000,1.00000,0.00000,0.01394,0.21935,-227.96198,-245.67130,-0.01413,2947.00000,2300.00000,0.28245
900.00000,0.07000,3.00000,1.00000,0.00000,0.01394,0.21935,-227.96198,-245.67130,-0.01413,2947.00000,2312.00000,0.00000
900.00000,0.07000,4.00000,1.00000,0.00000,0.01394,0.21935,-227.96198,-245.67130,-0.01413,2947.00000,2295.00000,0.00000
900.00000,0.07000,5.00000,1.00000,0.00000,0.01394,0.21935,-227.96198,-245.67130,-0.01413,2947.00000,2332.00000,0.21102
900.00000,0.07000,6.00000,1.00000,0.00000,0.01394,0.21935,-227.96198,-245.67130,-0.01413,2947.00000,2291.00000,0.41649
