"Omega","Tolerance","Step Size Rule","Iterations","Converged?","Gap LR","Gap Naive","Obj. Naive","Obj. LR","Gap","Time Naive","Time LR","Final Lambda","LB Heuristic"
900.00000,0.07000,2.00000,2.00000,0.00000,0.05410,0.21694,227.96198,262.62233,0.05132,4269.00000,2403.00000,0.28263,249.14350
900.00000,0.07000,3.00000,3.00000,0.00000,0.05410,0.21694,227.96198,262.62233,0.05132,4269.00000,3216.00000,4.71200,249.14350
900.00000,0.07000,4.00000,2.00000,0.00000,0.05410,0.21694,227.96198,262.62233,0.05132,4269.00000,2414.00000,2.97050,249.14350
900.00000,0.07000,5.00000,2.00000,0.00000,0.05410,0.21694,227.96198,262.62233,0.05132,4269.00000,2550.00000,0.20815,249.14350
900.00000,0.07000,6.00000,3.00000,0.00000,0.05410,0.21694,227.96198,262.62233,0.05132,4269.00000,4350.00000,0.12805,249.14350
