"Omega","Tolerance","Step Size Rule","Iterations","Converged?","Gap LR","Gap Naive","Obj. Naive","Obj. LR","Gap","Time Naive","Time LR","Final Lambda","LB Heuristic"
600.00000,0.07000,1.00000,5.00000,0.00000,0.13531,0.10034,260.74169,282.83162,0.07810,4220.00000,2512.00000,6.31007,249.12182
600.00000,0.07000,2.00000,2.00000,0.00000,0.05940,0.10034,260.74169,263.92016,0.01204,4220.00000,4205.00000,0.41730,249.12182
600.00000,0.07000,3.00000,3.00000,0.00000,0.13531,0.10034,260.74169,282.83162,0.07810,4220.00000,2728.00000,4.18307,249.12182
600.00000,0.07000,4.00000,2.00000,0.00000,0.13531,0.10034,260.74169,282.83162,0.07810,4220.00000,2714.00000,3.10158,249.12182
600.00000,0.07000,5.00000,2.00000,0.00000,0.06045,0.10034,260.74169,264.18152,0.01302,4220.00000,4209.00000,0.37707,249.12182
600.00000,0.07000,6.00000,2.00000,0.00000,0.08302,0.10034,260.74169,269.80428,0.03359,4220.00000,4208.00000,0.00000,249.12182
