"Omega","Tolerance","Step Size Rule","Iterations","Converged?","Gap LR","Gap Naive","Obj. Naive","Obj. LR","Gap","Time Naive","Time LR","Final Lambda","LB Heuristic"
600.00000,0.07000,1.00000,3.00000,0.00000,0.05640,0.16832,241.57194,263.17172,0.05339,4283.00000,2559.00000,7.74000,249.12182
600.00000,0.07000,2.00000,3.00000,0.00000,0.05292,0.16832,241.57194,262.30562,0.05026,4283.00000,2619.00000,0.42491,249.12182
600.00000,0.07000,3.00000,3.00000,0.00000,0.05292,0.16832,241.57194,262.30562,0.05026,4283.00000,2897.00000,3.32057,249.12182
600.00000,0.07000,4.00000,3.00000,0.00000,0.05292,0.16832,241.57194,262.30562,0.05026,4283.00000,4036.00000,2.12665,249.12182
600.00000,0.07000,5.00000,2.00000,0.00000,0.06045,0.16832,241.57194,264.18152,0.05701,4283.00000,4213.00000,0.37707,249.12182
600.00000,0.07000,6.00000,3.00000,0.00000,0.05292,0.16832,241.57194,262.30562,0.05026,4283.00000,4281.00000,0.10066,249.12182
