"Omega","Tolerance","Step Size Rule","Iterations","Converged?","Gap LR","Gap Naive","Obj. Naive","Obj. LR","Gap","Time Naive","Time LR","Final Lambda","LB Heuristic"
600.00000,0.07000,1.00000,3.00000,0.00000,0.05292,0.16829,241.57194,262.30562,0.05026,4241.00000,2429.00000,7.74000,249.12182
600.00000,0.07000,2.00000,3.00000,0.00000,0.05292,0.16829,241.57194,262.30562,0.05026,4241.00000,2545.00000,0.42491,249.12182
600.00000,0.07000,3.00000,3.00000,0.00000,0.05292,0.16829,241.57194,262.30562,0.05026,4241.00000,2807.00000,3.32057,249.12182
600.00000,0.07000,4.00000,3.00000,0.00000,0.05292,0.16829,241.57194,262.30562,0.05026,4241.00000,3832.00000,2.12665,249.12182
600.00000,0.07000,5.00000,4.00000,0.00000,0.05292,0.16829,241.57194,262.30562,0.05026,4241.00000,2507.00000,0.30956,249.12182
600.00000,0.07000,6.00000,3.00000,0.00000,0.05423,0.16829,241.57194,262.63178,0.05144,4241.00000,4293.00000,0.14363,249.12182
