"Omega","Tolerance","Step Size Rule","Iterations","Converged?","Gap LR","Gap Naive","Obj. Naive","Obj. LR","Gap","Time Naive","Time LR","Final Lambda"
600.00000,0.07000,1.00000,1.00000,0.00000,0.05292,0.16830,-241.57194,-262.30562,0.08583,2843.00000,2850.00000,0.00000
600.00000,0.07000,2.00000,1.00000,0.00000,0.05292,0.16830,-241.57194,-262.30562,0.08583,2843.00000,2858.00000,0.41953
600.00000,0.07000,3.00000,1.00000,0.00000,0.05292,0.16830,-241.57194,-262.30562,0.08583,2843.00000,2853.00000,0.18257
600.00000,0.07000,4.00000,1.00000,0.00000,0.05292,0.16830,-241.57194,-262.30562,0.08583,2843.00000,2867.00000,0.27507
600.00000,0.07000,5.00000,1.00000,0.00000,0.05292,0.16830,-241.57194,-262.30562,0.08583,2843.00000,2866.00000,0.29791
600.00000,0.07000,6.00000,1.00000,0.00000,0.05292,0.16830,-241.57194,-262.30562,0.08583,2843.00000,2824.00000,0.00000
