"Omega","Tolerance","Step Size Rule","Iterations","Converged?","Gap LR","Gap Naive","Obj. Naive","Obj. LR","Gap","Time Naive","Time LR","Final Lambda","LB Heuristic"
600.00000,0.07000,1.00000,4.00000,0.00000,0.13531,0.16723,241.57194,282.83162,0.11919,4231.00000,2534.00000,6.94007,249.12182
600.00000,0.07000,2.00000,2.00000,0.00000,0.05554,0.16723,241.57194,262.95866,0.05262,4231.00000,4206.00000,0.41437,249.12182
600.00000,0.07000,3.00000,2.00000,0.00000,0.13531,0.16723,241.57194,282.83162,0.11919,4231.00000,2439.00000,4.39307,249.12182
600.00000,0.07000,4.00000,2.00000,0.00000,0.13531,0.16723,241.57194,282.83162,0.11919,4231.00000,2551.00000,3.10158,249.12182
600.00000,0.07000,5.00000,2.00000,0.00000,0.06045,0.16723,241.57194,264.18152,0.05701,4231.00000,4210.00000,0.37707,249.12182
600.00000,0.07000,6.00000,2.00000,0.00000,0.07396,0.16723,241.57194,267.54765,0.06887,4231.00000,4206.00000,0.00000,249.12182
