"Omega","Tolerance","Step Size Rule","Iterations","Converged?","Gap LR","Gap Naive","Obj. Naive","Obj. LR","Gap","Time Naive","Time LR","Final Lambda"
600.00000,0.07000,1.00000,2.00000,0.00000,0.04726,0.16832,-241.57194,-260.89486,0.04513,2865.00000,2337.00000,8.37000
600.00000,0.07000,2.00000,2.00000,0.00000,0.04726,0.16832,-241.57194,-260.89486,0.04513,2865.00000,2541.00000,0.42704
600.00000,0.07000,3.00000,2.00000,0.00000,0.04726,0.16832,-241.57194,-260.89486,0.04513,2865.00000,2380.00000,3.49307
600.00000,0.07000,4.00000,2.00000,0.00000,0.04726,0.16832,-241.57194,-260.89486,0.04513,2865.00000,2490.00000,2.22290
600.00000,0.07000,5.00000,2.00000,0.00000,0.04726,0.16832,-241.57194,-260.89486,0.04513,2865.00000,2496.00000,0.32259
600.00000,0.07000,6.00000,2.00000,0.00000,0.04726,0.16832,-241.57194,-260.89486,0.04513,2865.00000,2364.00000,1.04096
