"Omega","Tolerance","Step Size Rule","Iterations","Converged?","Gap LR","Gap Naive","Obj. Naive","Obj. LR","Gap","Time Naive","Time LR","Final Lambda","LB Heuristic"
600.00000,0.07000,1.00000,1.00000,1.00000,0.00000,0.16832,241.57194,249.12182,0.00000,4267.00000,2109.00000,0.46007,249.12182
600.00000,0.07000,2.00000,1.00000,1.00000,0.00000,0.16832,241.57194,249.12182,0.00000,4267.00000,2107.00000,0.46007,249.12182
600.00000,0.07000,3.00000,1.00000,1.00000,0.00000,0.16832,241.57194,249.12182,0.00000,4267.00000,2107.00000,0.46007,249.12182
600.00000,0.07000,4.00000,1.00000,1.00000,0.00000,0.16832,241.57194,249.12182,0.00000,4267.00000,2107.00000,0.46007,249.12182
600.00000,0.07000,5.00000,1.00000,1.00000,0.00000,0.16832,241.57194,249.12182,0.00000,4267.00000,2108.00000,0.46007,249.12182
600.00000,0.07000,6.00000,1.00000,1.00000,0.00000,0.16832,241.57194,249.12182,0.00000,4267.00000,2108.00000,0.46007,249.12182
