"Omega","Tolerance","Step Size Rule","Iterations","Converged?","Gap LR","Gap Naive","Obj. Naive","Obj. LR","Gap","Time Naive","Time LR","Final Lambda","LB Heuristic"
600.00000,0.03000,1.00000,6.00000,0.00000,0.05492,0.07071,257.32290,259.25582,0.00746,4236.00000,2436.00000,8.00847,245.75789
600.00000,0.03000,2.00000,2.00000,0.00000,0.05492,0.07071,257.32290,259.25582,0.00746,4236.00000,4206.00000,0.44067,245.75789
600.00000,0.03000,3.00000,2.00000,0.00000,0.05007,0.07071,257.32290,258.06367,0.00287,4236.00000,4207.00000,0.46197,245.75789
600.00000,0.03000,4.00000,2.00000,0.00000,0.04638,0.07071,257.32290,257.15731,-0.00064,4236.00000,4206.00000,0.47080,245.75789
600.00000,0.03000,5.00000,7.00000,0.00000,0.05451,0.07071,257.32290,259.15335,0.00706,4236.00000,2442.00000,0.06989,245.75789
600.00000,0.03000,6.00000,3.00000,0.00000,0.05492,0.07071,257.32290,259.25582,0.00746,4236.00000,4212.00000,0.00000,245.75789
