"Omega","Tolerance","Step Size Rule","Iterations","Converged?","Gap LR","Gap Naive","Obj. Naive","Obj. LR","Gap","Time Naive","Time LR","Final Lambda","LB Heuristic"
600.00000,0.03000,1.00000,3.00000,0.00000,0.03998,0.11480,245.46457,255.58450,0.03845,4279.00000,2700.00000,8.78847,245.75789
600.00000,0.03000,2.00000,2.00000,1.00000,0.00000,0.11480,245.46457,245.75789,0.00000,4279.00000,4212.00000,0.40347,245.75789
600.00000,0.03000,3.00000,2.00000,0.00000,0.03998,0.11480,245.46457,255.58450,0.03845,4279.00000,4212.00000,0.47097,245.75789
600.00000,0.03000,4.00000,2.00000,0.00000,0.03998,0.11480,245.46457,255.58450,0.03845,4279.00000,4214.00000,0.44312,245.75789
600.00000,0.03000,5.00000,4.00000,0.00000,0.05008,0.11480,245.46457,258.06619,0.04769,4279.00000,2532.00000,0.01117,245.75789
600.00000,0.03000,6.00000,3.00000,0.00000,0.05376,0.11480,245.46457,258.96870,0.05101,4279.00000,4307.00000,0.00000,245.75789
