"Omega","Tolerance","Step Size Rule","Iterations","Converged?","Gap LR","Gap Naive","Obj. Naive","Obj. LR","Gap","Time Naive","Time LR","Final Lambda","LB Heuristic"
600.00000,0.03000,1.00000,2.00000,0.00000,0.05101,0.07071,257.32290,258.96870,0.00636,4227.00000,3513.00000,9.13347,245.75789
600.00000,0.03000,2.00000,2.00000,0.00000,0.05101,0.07071,257.32290,258.96870,0.00636,4227.00000,3855.00000,0.40605,245.75789
600.00000,0.03000,3.00000,2.00000,0.00000,0.05043,0.07071,257.32290,258.81026,0.00575,4227.00000,4206.00000,0.46047,245.75789
600.00000,0.03000,4.00000,2.00000,0.00000,0.04968,0.07071,257.32290,258.60582,0.00496,4227.00000,4205.00000,0.45751,245.75789
600.00000,0.03000,5.00000,5.00000,0.00000,0.05206,0.07071,257.32290,259.25582,0.00746,4227.00000,2419.00000,0.10516,245.75789
600.00000,0.03000,6.00000,3.00000,0.00000,0.05206,0.07071,257.32290,259.25582,0.00746,4227.00000,3705.00000,0.00000,245.75789
