"Omega","Tolerance","Step Size Rule","Iterations","Converged?","Gap LR","Gap Naive","Obj. Naive","Obj. LR","Gap","Time Naive","Time LR","Final Lambda"
600.00000,0.03000,1.00000,3.00000,0.00000,0.03998,0.11480,-245.46457,-255.58450,254.62295,4277.00000,2722.00000,8.78847
600.00000,0.03000,2.00000,2.00000,1.00000,0.00000,0.11480,-245.46457,-245.75789,244.75789,4277.00000,4215.00000,0.40347
600.00000,0.03000,3.00000,2.00000,1.00000,0.00000,0.11480,-245.46457,-245.75789,244.75789,4277.00000,4218.00000,0.47847
600.00000,0.03000,4.00000,2.00000,0.00000,0.04528,0.11480,-245.46457,-256.88468,255.92799,4277.00000,4218.00000,0.48580
600.00000,0.03000,5.00000,3.00000,0.00000,0.05008,0.11480,-245.46457,-258.06619,257.11389,4277.00000,2401.00000,0.00859
600.00000,0.03000,6.00000,3.00000,0.00000,0.05376,0.11480,-245.46457,-258.96870,258.01971,4277.00000,4301.00000,0.00000
