"Omega","Tolerance","Step Size Rule","Iterations","Converged?","Gap LR","Gap Naive","Obj. Naive","Obj. LR","Gap","Time Naive","Time LR","Final Lambda","LB Heuristic"
600.00000,0.03000,1.00000,2.00000,0.00000,0.05376,0.07071,257.32290,258.96870,0.00636,4229.00000,3468.00000,9.13347,245.75789
600.00000,0.03000,2.00000,2.00000,0.00000,0.05376,0.07071,257.32290,258.96870,0.00636,4229.00000,4082.00000,0.40605,245.75789
600.00000,0.03000,3.00000,2.00000,0.00000,0.05062,0.07071,257.32290,258.19732,0.00339,4229.00000,4208.00000,0.48447,245.75789
600.00000,0.03000,4.00000,2.00000,0.00000,0.04729,0.07071,257.32290,257.38030,0.00022,4229.00000,4208.00000,0.47872,245.75789
600.00000,0.03000,5.00000,6.00000,0.00000,0.05376,0.07071,257.32290,258.96870,0.00636,4229.00000,2451.00000,0.01495,245.75789
600.00000,0.03000,6.00000,3.00000,0.00000,0.05660,0.07071,257.32290,259.66695,0.00903,4229.00000,3710.00000,0.00000,245.75789
