"Omega","Tolerance","Step Size Rule","Iterations","Converged?","Gap LR","Gap Naive","Obj. Naive","Obj. LR","Gap","Time Naive","Time LR","Final Lambda","LB Heuristic"
600.00000,0.03000,1.00000,3.00000,0.00000,0.03998,0.11480,245.46457,255.58450,0.03845,4274.00000,2717.00000,8.78847,245.75789
600.00000,0.03000,2.00000,2.00000,0.00000,0.03388,0.11480,245.46457,254.08450,0.03277,4274.00000,4211.00000,0.35347,245.75789
600.00000,0.03000,3.00000,2.00000,0.00000,0.03998,0.11480,245.46457,255.58450,0.03845,4274.00000,4214.00000,0.47097,245.75789
600.00000,0.03000,4.00000,2.00000,0.00000,0.03998,0.11480,245.46457,255.58450,0.03845,4274.00000,4213.00000,0.44665,245.75789
600.00000,0.03000,5.00000,4.00000,0.00000,0.05376,0.11480,245.46457,258.96870,0.05101,4274.00000,2528.00000,0.01117,245.75789
600.00000,0.03000,6.00000,3.00000,0.00000,0.05376,0.11480,245.46457,258.96870,0.05101,4274.00000,4288.00000,0.00000,245.75789
