"Omega","Tolerance","Step Size Rule","Iterations","Converged?","Gap LR","Gap Naive","Obj. Naive","Obj. LR","Gap","Time Naive","Time LR","Final Lambda","LB Heuristic"
600.00000,0.03000,1.00000,2.00000,0.00000,0.05101,0.07071,257.32290,258.96870,0.00636,4228.00000,3538.00000,9.13347,245.75789
600.00000,0.03000,2.00000,2.00000,0.00000,0.04471,0.07071,257.32290,257.25868,-0.00025,4228.00000,4210.00000,0.00000,245.75789
600.00000,0.03000,3.00000,2.00000,0.00000,0.04912,0.07071,257.32290,258.45303,0.00437,4228.00000,4208.00000,0.43647,245.75789
600.00000,0.03000,4.00000,2.00000,0.00000,0.04887,0.07071,257.32290,258.38505,0.00411,4228.00000,4208.00000,0.50054,245.75789
600.00000,0.03000,5.00000,5.00000,0.00000,0.05206,0.07071,257.32290,259.25582,0.00746,4228.00000,2468.00000,0.10516,245.75789
600.00000,0.03000,6.00000,3.00000,0.00000,0.05206,0.07071,257.32290,259.25582,0.00746,4228.00000,3275.00000,0.00000,245.75789
