"Omega","Tolerance","Step Size Rule","Iterations","Converged?","Gap LR","Gap Naive","Obj. Naive","Obj. LR","Gap","Time Naive","Time LR","Final Lambda","LB Heuristic"
600.00000,0.03000,1.00000,2.00000,0.00000,0.05376,0.07071,257.32290,258.96870,0.00636,4225.00000,3750.00000,9.13347,245.75789
600.00000,0.03000,2.00000,2.00000,0.00000,0.05376,0.07071,257.32290,258.96870,0.00636,4225.00000,3963.00000,0.40605,245.75789
600.00000,0.03000,3.00000,2.00000,0.00000,0.05166,0.07071,257.32290,258.45303,0.00437,4225.00000,4208.00000,0.43647,245.75789
600.00000,0.03000,4.00000,2.00000,0.00000,0.04729,0.07071,257.32290,257.38030,0.00022,4225.00000,4209.00000,0.47872,245.75789
600.00000,0.03000,5.00000,4.00000,0.00000,0.05492,0.07071,257.32290,259.25582,0.00746,4225.00000,2413.00000,0.10310,245.75789
600.00000,0.03000,6.00000,3.00000,0.00000,0.05492,0.07071,257.32290,259.25582,0.00746,4225.00000,3534.00000,0.00000,245.75789
