"Omega","Tolerance","Step Size Rule","Iterations","Converged?","Gap LR","Gap Naive","Obj. Naive","Obj. LR","Gap","Time Naive","Time LR","Final Lambda"
600.00000,0.03000,1.00000,1.00000,0.00000,0.05356,0.11480,-245.46457,-258.92011,0.05482,2850.00000,2861.00000,0.46347
600.00000,0.03000,2.00000,1.00000,0.00000,0.05356,0.11480,-245.46457,-258.92011,0.05482,2850.00000,2855.00000,0.30347
600.00000,0.03000,3.00000,1.00000,0.00000,0.05356,0.11480,-245.46457,-258.92011,0.05482,2850.00000,2852.00000,0.50847
600.00000,0.03000,4.00000,1.00000,0.00000,0.05356,0.11480,-245.46457,-258.92011,0.05482,2850.00000,2854.00000,0.52347
600.00000,0.03000,5.00000,1.00000,0.00000,0.05356,0.11480,-245.46457,-258.92011,0.05482,2850.00000,2850.00000,0.00000
600.00000,0.03000,6.00000,1.00000,0.00000,0.05356,0.11480,-245.46457,-258.92011,0.05482,2850.00000,2846.00000,0.00000
