"Omega","Tolerance","Step Size Rule","Iterations","Converged?","Gap LR","Gap Naive","Obj. Naive","Obj. LR","Gap","Time Naive","Time LR","Final Lambda"
600.00000,0.03000,1.00000,2.00000,0.00000,0.03998,0.11481,-245.46457,-255.58450,0.03845,2869.00000,2486.00000,9.05847
600.00000,0.03000,2.00000,2.00000,0.00000,0.03388,0.11481,-245.46457,-254.08450,0.03277,2869.00000,4317.00000,0.35347
600.00000,0.03000,3.00000,2.00000,0.00000,0.03409,0.11481,-245.46457,-254.13476,0.03296,2869.00000,4319.00000,0.35097
600.00000,0.03000,4.00000,2.00000,0.00000,0.03998,0.11481,-245.46457,-255.58450,0.03845,2869.00000,4296.00000,0.44312
600.00000,0.03000,5.00000,3.00000,0.00000,0.04859,0.11481,-245.46457,-257.69876,0.04634,2869.00000,2317.00000,0.00859
600.00000,0.03000,6.00000,3.00000,0.00000,0.05356,0.11481,-245.46457,-258.92011,0.05084,2869.00000,4353.00000,0.00000
