"Omega","Tolerance","Step Size Rule","Iterations","Converged?","Gap LR","Gap Naive","Obj. Naive","Obj. LR","Gap","Time Naive","Time LR","Final Lambda","LB Heuristic"
600.00000,0.03000,1.00000,2.00000,0.00000,0.04707,0.07841,255.19059,257.32582,0.00830,4239.00000,4212.00000,0.46347,245.75789
600.00000,0.03000,2.00000,2.00000,0.00000,0.05376,0.07841,255.19059,258.96870,0.01459,4239.00000,4214.00000,0.40605,245.75789
600.00000,0.03000,3.00000,2.00000,0.00000,0.04420,0.07841,255.19059,256.62082,0.00557,4239.00000,4212.00000,0.41847,245.75789
600.00000,0.03000,4.00000,2.00000,0.00000,0.04669,0.07841,255.19059,257.23231,0.00794,4239.00000,4214.00000,0.48580,245.75789
600.00000,0.03000,5.00000,5.00000,0.00000,0.04945,0.07841,255.19059,257.91008,0.01054,4239.00000,2457.00000,0.01323,245.75789
600.00000,0.03000,6.00000,3.00000,0.00000,0.05376,0.07841,255.19059,258.96870,0.01459,4239.00000,3618.00000,0.00000,245.75789
