"Omega","Tolerance","Step Size Rule","Iterations","Converged?","Gap LR","Gap Naive","Obj. Naive","Obj. LR","Gap","Time Naive","Time LR","Final Lambda"
450.00000,0.07000,1.00000,10.00000,0.00000,0.09436,0.06534,-285.43103,-307.08543,0.07587,2107.00000,1354.00000,2.85972
450.00000,0.07000,2.00000,4.00000,0.00000,0.07832,0.06534,-285.43103,-302.58543,0.06010,2107.00000,2572.00000,0.63904
450.00000,0.07000,3.00000,10.00000,0.00000,0.09436,0.06534,-285.43103,-307.08543,0.07587,2107.00000,1392.00000,2.78010
450.00000,0.07000,4.00000,10.00000,0.00000,0.09436,0.06534,-285.43103,-307.08543,0.07587,2107.00000,1482.00000,2.13992
450.00000,0.07000,5.00000,4.00000,0.00000,0.05761,0.06534,-285.43103,-296.77363,0.03974,2107.00000,2680.00000,0.59740
450.00000,0.07000,6.00000,8.00000,0.00000,0.06130,0.06534,-285.43103,-297.80795,0.04336,2107.00000,2287.00000,0.38076
