"Omega","Tolerance","Step Size Rule","Iterations","Converged?","Gap LR","Gap Naive","Obj. Naive","Obj. LR","Gap","Time Naive","Time LR","Final Lambda","LB Heuristic"
450.00000,0.07000,1.00000,10.00000,0.00000,0.09436,0.00613,285.43103,307.08543,0.07052,4206.00000,1370.00000,2.85972,280.60756
450.00000,0.07000,2.00000,4.00000,0.00000,0.07832,0.00613,285.43103,302.58543,0.05669,4206.00000,2561.00000,0.63904,280.60756
450.00000,0.07000,3.00000,10.00000,0.00000,0.09436,0.00613,285.43103,307.08543,0.07052,4206.00000,1552.00000,2.78010,280.60756
450.00000,0.07000,4.00000,10.00000,0.00000,0.09436,0.00613,285.43103,307.08543,0.07052,4206.00000,1451.00000,2.13992,280.60756
450.00000,0.07000,5.00000,4.00000,0.00000,0.05761,0.00613,285.43103,296.77363,0.03822,4206.00000,2976.00000,0.59740,280.60756
450.00000,0.07000,6.00000,10.00000,0.00000,0.06130,0.00613,285.43103,297.80795,0.04156,4206.00000,2300.00000,0.57273,280.60756
