"Omega","Tolerance","Step Size Rule","Iterations","Converged?","Gap LR","Gap Naive","Obj. Naive","Obj. LR","Gap","Time Naive","Time LR","Final Lambda"
450.00000,0.07000,1.00000,10.00000,0.00000,0.09436,0.01528,-285.43103,-307.08543,0.07052,2808.00000,1349.00000,2.85972
450.00000,0.07000,2.00000,4.00000,0.00000,0.07832,0.01528,-285.43103,-302.58543,0.05669,2808.00000,2894.00000,0.63904
450.00000,0.07000,3.00000,10.00000,0.00000,0.09436,0.01528,-285.43103,-307.08543,0.07052,2808.00000,1481.00000,2.78010
450.00000,0.07000,4.00000,10.00000,0.00000,0.09436,0.01528,-285.43103,-307.08543,0.07052,2808.00000,1575.00000,2.13992
450.00000,0.07000,5.00000,3.00000,0.00000,0.06229,0.01528,-285.43103,-298.08543,0.04245,2808.00000,2309.00000,0.65097
450.00000,0.07000,6.00000,8.00000,0.00000,0.06130,0.01528,-285.43103,-297.80795,0.04156,2808.00000,2477.00000,0.38076
