"Omega","Tolerance","Step Size Rule","Iterations","Converged?","Gap LR","Gap Naive","Obj. Naive","Obj. LR","Gap","Time Naive","Time LR","Final Lambda"
450.00000,0.05000,1.00000,10.00000,0.00000,0.07549,0.00000,-283.73824,-300.91228,0.06053,502.00000,113.00000,115.61090
450.00000,0.05000,2.00000,10.00000,0.00000,0.05941,0.00000,-283.73824,-296.41228,0.04467,502.00000,835.00000,0.62258
450.00000,0.05000,3.00000,10.00000,0.00000,0.07549,0.00000,-283.73824,-300.91228,0.06053,502.00000,131.00000,90.89225
450.00000,0.05000,4.00000,10.00000,0.00000,0.07549,0.00000,-283.73824,-300.91228,0.06053,502.00000,110.00000,170.37992
450.00000,0.05000,5.00000,10.00000,0.00000,0.06538,0.00000,-283.73824,-298.08331,0.05056,502.00000,762.00000,0.61774
450.00000,0.05000,6.00000,10.00000,0.00000,0.04039,0.00000,-283.73824,-291.09122,0.02591,502.00000,538.00000,0.36285
