"Omega","Tolerance","Step Size Rule","Iterations","Converged?","Gap LR","Gap Naive","Obj. Naive","Obj. LR","Gap","Time Naive","Time LR","Final Lambda"
900.00000,0.01000,1.00000,10.00000,0.00000,0.00725,0.00000,-274.47217,-277.68770,0.01172,222.00000,302.00000,409.50000
900.00000,0.01000,2.00000,9.00000,0.00000,0.00423,0.00000,-274.47217,-276.85613,0.00869,222.00000,2411.00000,0.48131
900.00000,0.01000,3.00000,10.00000,0.00000,0.00725,0.00000,-274.47217,-277.68770,0.01172,222.00000,372.00000,143.16055
900.00000,0.01000,4.00000,10.00000,0.00000,0.00725,0.00000,-274.47217,-277.68770,0.01172,222.00000,304.00000,300.10356
900.00000,0.01000,5.00000,9.00000,0.00000,0.00423,0.00000,-274.47217,-276.85613,0.00869,222.00000,2482.00000,0.50268
900.00000,0.01000,6.00000,9.00000,0.00000,0.00441,0.00000,-274.47217,-276.90544,0.00887,222.00000,2291.00000,0.46503
