"Omega","Tolerance","Step Size Rule","Iterations","Converged?","Gap LR","Gap Naive","Obj. Naive","Obj. LR","Gap","Time Naive","Time LR","Final Lambda"
1200.00000,0.03000,1.00000,1.00000,1.00000,0.00000,0.09735,-265.83335,-269.42738,0.00000,2842.00000,2103.00000,0.23601
1200.00000,0.03000,2.00000,1.00000,1.00000,0.00000,0.09735,-265.83335,-269.42738,0.00000,2842.00000,2102.00000,0.23601
1200.00000,0.03000,3.00000,2.00000,0.00000,0.02139,0.09735,-265.83335,-275.18982,0.02094,2842.00000,2261.00000,7.00251
1200.00000,0.03000,4.00000,2.00000,0.00000,0.02139,0.09735,-265.83335,-275.18982,0.02094,2842.00000,2338.00000,4.20637
1200.00000,0.03000,5.00000,3.00000,0.00000,0.02139,0.09735,-265.83335,-275.18982,0.02094,2842.00000,2343.00000,0.03341
1200.00000,0.03000,6.00000,3.00000,0.00000,0.03602,0.09735,-265.83335,-279.13177,0.03477,2842.00000,4295.00000,0.00000
