"Omega","Tolerance","Step Size Rule","Iterations","Converged?","Gap LR","Gap Naive","Obj. Naive","Obj. LR","Gap","Time Naive","Time LR","Final Lambda"
1200.00000,0.03000,1.00000,1.00000,1.00000,0.00000,0.09735,-265.83335,-269.42738,0.01352,2150.00000,2102.00000,0.23601
1200.00000,0.03000,2.00000,1.00000,1.00000,0.00000,0.09735,-265.83335,-269.42738,0.01352,2150.00000,2102.00000,0.23601
1200.00000,0.03000,3.00000,2.00000,0.00000,0.02139,0.09735,-265.83335,-275.18982,0.03520,2150.00000,2283.00000,7.00251
1200.00000,0.03000,4.00000,2.00000,0.00000,0.02988,0.09735,-265.83335,-277.47753,0.04380,2150.00000,2291.00000,4.23137
1200.00000,0.03000,5.00000,3.00000,0.00000,0.03640,0.09735,-265.83335,-279.23398,0.05041,2150.00000,2318.00000,0.00430
1200.00000,0.03000,6.00000,3.00000,0.00000,0.03640,0.09735,-265.83335,-279.23398,0.05041,2150.00000,3948.00000,0.00000
