"Omega","Tolerance","Step Size Rule","Iterations","Converged?","Gap LR","Gap Naive","Obj. Naive","Obj. LR","Gap","Time Naive","Time LR","Final Lambda"
1200.00000,0.03000,1.00000,10.00000,0.00000,0.03713,0.07161,-272.91922,-279.43241,0.02386,2104.00000,1635.00000,438.00000
1200.00000,0.03000,2.00000,10.00000,0.00000,0.03713,0.07161,-272.91922,-279.43241,0.02386,2104.00000,2008.00000,0.20654
1200.00000,0.03000,3.00000,3.00000,0.00000,0.03713,0.07161,-272.91922,-279.43241,0.02386,2104.00000,2253.00000,189.50000
1200.00000,0.03000,4.00000,10.00000,0.00000,0.03713,0.07161,-272.91922,-279.43241,0.02386,2104.00000,1620.00000,351.88611
1200.00000,0.03000,5.00000,9.00000,1.00000,0.03713,0.07161,-272.91922,-279.43241,0.02386,2104.00000,1804.00000,0.17092
1200.00000,0.03000,6.00000,5.00000,0.00000,0.03713,0.07161,-272.91922,-279.43241,0.02386,2104.00000,4095.00000,0.00000
