"Omega","Tolerance","Step Size Rule","Iterations","Converged?","Gap LR","Gap Naive","Obj. Naive","Obj. LR","Gap","Time Naive","Time LR","Final Lambda"
900.00000,0.07000,1.00000,1.00000,0.00000,0.04899,0.17350,-240.67548,-260.03268,0.08043,2888.00000,2894.00000,0.00000
900.00000,0.07000,2.00000,1.00000,0.00000,0.04899,0.17350,-240.67548,-260.03268,0.08043,2888.00000,2892.00000,0.28345
900.00000,0.07000,3.00000,1.00000,0.00000,0.04899,0.17350,-240.67548,-260.03268,0.08043,2888.00000,2893.00000,0.00000
900.00000,0.07000,4.00000,1.00000,0.00000,0.04899,0.17350,-240.67548,-260.03268,0.08043,2888.00000,2895.00000,0.00000
900.00000,0.07000,5.00000,1.00000,0.00000,0.04899,0.17350,-240.67548,-260.03268,0.08043,2888.00000,2896.00000,0.21202
900.00000,0.07000,6.00000,1.00000,0.00000,0.04899,0.17350,-240.67548,-260.03268,0.08043,2888.00000,2858.00000,0.00000
