"Omega","Tolerance","Step Size Rule","Iterations","Converged?","Gap LR","Gap Naive","Obj. Naive","Obj. LR","Gap","Time Naive","Time LR","Final Lambda","LB Heuristic"
900.00000,0.07000,1.00000,4.00000,0.00000,0.06916,0.17309,240.67548,265.03319,0.06469,4232.00000,2491.00000,10.66500,247.88805
900.00000,0.07000,2.00000,2.00000,0.00000,0.06916,0.17309,240.67548,265.03319,0.06469,4232.00000,2658.00000,0.28319,247.88805
900.00000,0.07000,3.00000,3.00000,0.00000,0.06916,0.17309,240.67548,265.03319,0.06469,4232.00000,2470.00000,4.70700,247.88805
900.00000,0.07000,4.00000,3.00000,0.00000,0.06916,0.17309,240.67548,265.03319,0.06469,4232.00000,2879.00000,2.79463,247.88805
900.00000,0.07000,5.00000,3.00000,0.00000,0.06916,0.17309,240.67548,265.03319,0.06469,4232.00000,2435.00000,0.20978,247.88805
900.00000,0.07000,6.00000,2.00000,0.00000,0.08888,0.17309,240.67548,269.92138,0.08163,4232.00000,4207.00000,0.00000,247.88805
