"Omega","Tolerance","Step Size Rule","Iterations","Converged?","Gap LR","Gap Naive","Obj. Naive","Obj. LR","Gap","Time Naive","Time LR","Final Lambda"
900.00000,0.07000,1.00000,2.00000,0.00000,0.04899,0.17767,-240.67548,-260.03268,0.04670,2936.00000,2604.00000,12.55500
900.00000,0.07000,2.00000,2.00000,0.00000,0.04899,0.17767,-240.67548,-260.03268,0.04670,2936.00000,3326.00000,0.28524
900.00000,0.07000,3.00000,2.00000,0.00000,0.04899,0.17767,-240.67548,-260.03268,0.04670,2936.00000,2548.00000,5.02200
900.00000,0.07000,4.00000,2.00000,0.00000,0.04899,0.17767,-240.67548,-260.03268,0.04670,2936.00000,2519.00000,2.95924
900.00000,0.07000,5.00000,2.00000,0.00000,0.04899,0.17767,-240.67548,-260.03268,0.04670,2936.00000,2845.00000,0.21560
900.00000,0.07000,6.00000,2.00000,0.00000,0.04899,0.17767,-240.67548,-260.03268,0.04670,2936.00000,2435.00000,0.70104
