"Omega","Tolerance","Step Size Rule","Iterations","Converged?","Gap LR","Gap Naive","Obj. Naive","Obj. LR","Gap","Time Naive","Time LR","Final Lambda","LB Heuristic"
100.00000,0.01000,1.00000,10.00000,0.00000,0.01907,0.00000,267.64940,272.75216,0.01871,52.00000,293.00000,4.93686,267.64940
100.00000,0.01000,2.00000,10.00000,0.00000,0.01588,0.00000,267.64940,271.90098,0.01564,52.00000,258.00000,4.78686,267.64940
100.00000,0.01000,3.00000,10.00000,0.00000,0.01943,0.00000,267.64940,272.84907,0.01906,52.00000,242.00000,4.82727,267.64940
100.00000,0.01000,4.00000,10.00000,0.00000,0.01948,0.00000,267.64940,272.86364,0.01911,52.00000,255.00000,4.81197,267.64940
100.00000,0.01000,5.00000,10.00000,0.00000,0.01493,0.00000,267.64940,271.64669,0.01472,52.00000,209.00000,6.62734,267.64940
100.00000,0.01000,6.00000,10.00000,0.00000,0.01493,0.00000,267.64940,271.64407,0.01471,52.00000,212.00000,5.81930,267.64940
