"Omega","Tolerance","Step Size Rule","Iterations","Converged?","Gap LR","Gap Naive","Obj. Naive","Obj. LR","Gap","Time Naive","Time LR","Final Lambda"
600.00000,0.05000,1.00000,1.00000,1.00000,1.00000,"UNDF",-241.14566,0.00000,"UNDF",4269.00000,0.00000,0.44694
600.00000,0.05000,2.00000,1.00000,1.00000,1.00000,"UNDF",-241.14566,0.00000,"UNDF",4269.00000,0.00000,0.44694
600.00000,0.05000,3.00000,1.00000,1.00000,1.00000,"UNDF",-241.14566,0.00000,"UNDF",4269.00000,0.00000,0.44694
600.00000,0.05000,4.00000,1.00000,1.00000,1.00000,"UNDF",-241.14566,0.00000,"UNDF",4269.00000,0.00000,0.44694
600.00000,0.05000,5.00000,1.00000,1.00000,1.00000,"UNDF",-241.14566,0.00000,"UNDF",4269.00000,0.00000,0.44694
600.00000,0.05000,6.00000,1.00000,1.00000,1.00000,"UNDF",-241.14566,0.00000,"UNDF",4269.00000,0.00000,0.44694
