"Omega","Tolerance","Step Size Rule","Iterations","Converged?","Gap LR","Gap Naive","Obj. Naive","Obj. LR","Gap","Time Naive","Time LR","Final Lambda","LB Heuristic"
600.00000,0.05000,1.00000,7.00000,0.00000,0.10764,0.00000,241.14566,275.93673,0.09718,216.00000,2478.00000,6.29694,249.12108
600.00000,0.05000,2.00000,2.00000,0.00000,0.10162,0.00000,241.14566,274.43673,0.09225,216.00000,3604.00000,0.45221,249.12108
600.00000,0.05000,3.00000,10.00000,0.00000,0.10764,0.00000,241.14566,275.93673,0.09718,216.00000,1907.00000,3.73482,249.12108
600.00000,0.05000,4.00000,10.00000,0.00000,0.10764,0.00000,241.14566,275.93673,0.09718,216.00000,2246.00000,2.69379,249.12108
600.00000,0.05000,5.00000,2.00000,0.00000,0.08356,0.00000,241.14566,269.93673,0.07711,216.00000,2590.00000,0.46273,249.12108
600.00000,0.05000,6.00000,4.00000,0.00000,0.06339,0.00000,241.14566,264.91319,0.05961,216.00000,2492.00000,0.04927,249.12108
