"Omega","Tolerance","Step Size Rule","Iterations","Converged?","Gap LR","Gap Naive","Obj. Naive","Obj. LR","Gap","Time Naive","Time LR","Final Lambda"
600.00000,0.05000,1.00000,2.00000,0.00000,0.04204,0.15757,-238.97904,-259.59380,0.04034,2873.00000,2441.00000,8.71194
600.00000,0.05000,2.00000,2.00000,0.00000,0.04204,0.15757,-238.97904,-259.59380,0.04034,2873.00000,2400.00000,0.37063
600.00000,0.05000,3.00000,2.00000,0.00000,0.04204,0.15757,-238.97904,-259.59380,0.04034,2873.00000,2459.00000,3.72444
600.00000,0.05000,4.00000,2.00000,0.00000,0.04204,0.15757,-238.97904,-259.59380,0.04034,2873.00000,2518.00000,2.36720
600.00000,0.05000,5.00000,2.00000,0.00000,0.04204,0.15757,-238.97904,-259.59380,0.04034,2873.00000,2461.00000,0.13642
600.00000,0.05000,6.00000,2.00000,0.00000,0.04204,0.15757,-238.97904,-259.59380,0.04034,2873.00000,2393.00000,0.98798
