"Omega","Tolerance","Step Size Rule","Iterations","Converged?","Gap LR","Gap Naive","Obj. Naive","Obj. LR","Gap","Time Naive","Time LR","Final Lambda"
600.00000,0.05000,1.00000,1.00000,0.00000,0.05078,1.00000,-241.14566,-261.77037,0.08553,2847.00000,2847.00000,0.14694
600.00000,0.05000,2.00000,1.00000,0.00000,0.05078,1.00000,-241.14566,-261.77037,0.08553,2847.00000,2879.00000,0.37194
600.00000,0.05000,3.00000,1.00000,0.00000,0.05078,1.00000,-241.14566,-261.77037,0.08553,2847.00000,2856.00000,0.29694
600.00000,0.05000,4.00000,1.00000,0.00000,0.05078,1.00000,-241.14566,-261.77037,0.08553,2847.00000,2878.00000,0.34694
600.00000,0.05000,5.00000,1.00000,0.00000,0.05078,1.00000,-241.14566,-261.77037,0.08553,2847.00000,2850.00000,0.14694
600.00000,0.05000,6.00000,1.00000,0.00000,0.05078,1.00000,-241.14566,-261.77037,0.08553,2847.00000,2812.00000,0.00000
