"Omega","Tolerance","Step Size Rule","Iterations","Converged?","Gap LR","Gap Naive","Obj. Naive","Obj. LR","Gap","Time Naive","Time LR","Final Lambda","LB Heuristic"
600.00000,0.05000,1.00000,5.00000,0.00000,0.04204,0.00000,241.14566,259.59380,0.04034,1819.00000,2433.00000,7.36194,249.12108
600.00000,0.05000,2.00000,4.00000,0.00000,0.04204,0.00000,241.14566,259.59380,0.04034,1819.00000,2424.00000,0.37589,249.12108
600.00000,0.05000,3.00000,3.00000,0.00000,0.04204,0.00000,241.14566,259.59380,0.04034,1819.00000,2684.00000,3.57444,249.12108
600.00000,0.05000,4.00000,3.00000,0.00000,0.04204,0.00000,241.14566,259.59380,0.04034,1819.00000,3134.00000,2.28060,249.12108
600.00000,0.05000,5.00000,3.00000,0.00000,0.04204,0.00000,241.14566,259.59380,0.04034,1819.00000,2483.00000,0.13993,249.12108
600.00000,0.05000,6.00000,3.00000,0.00000,0.04204,0.00000,241.14566,259.59380,0.04034,1819.00000,4339.00000,0.00000,249.12108
