"Omega","Tolerance","Step Size Rule","Iterations","Converged?","Gap LR","Gap Naive","Obj. Naive","Obj. LR","Gap","Time Naive","Time LR","Final Lambda","LB Heuristic"
600.00000,0.05000,1.00000,3.00000,0.00000,0.04204,0.00000,241.14566,259.59380,0.04034,1636.00000,2585.00000,8.26194,249.12108
600.00000,0.05000,2.00000,4.00000,0.00000,0.05057,0.00000,241.14566,261.71949,0.04814,1636.00000,2506.00000,0.34770,249.12108
600.00000,0.05000,3.00000,3.00000,0.00000,0.05057,0.00000,241.14566,261.71949,0.04814,1636.00000,2629.00000,3.61194,249.12108
600.00000,0.05000,4.00000,3.00000,0.00000,0.05057,0.00000,241.14566,261.71949,0.04814,1636.00000,2893.00000,2.30560,249.12108
600.00000,0.05000,5.00000,5.00000,0.00000,0.05057,0.00000,241.14566,261.71949,0.04814,1636.00000,2491.00000,0.03188,249.12108
600.00000,0.05000,6.00000,3.00000,0.00000,0.05057,0.00000,241.14566,261.71949,0.04814,1636.00000,4313.00000,0.00000,249.12108
