"Omega","Tolerance","Step Size Rule","Iterations","Converged?","Gap LR","Gap Naive","Obj. Naive","Obj. LR","Gap","Time Naive","Time LR","Final Lambda","LB Heuristic"
600.00000,0.05000,1.00000,3.00000,0.00000,0.04204,0.00000,241.14566,259.59380,0.04034,2891.00000,2668.00000,8.26194,249.12108
600.00000,0.05000,2.00000,3.00000,0.00000,0.04204,0.00000,241.14566,259.59380,0.04034,2891.00000,2538.00000,0.37326,249.12108
600.00000,0.05000,3.00000,3.00000,0.00000,0.04204,0.00000,241.14566,259.59380,0.04034,2891.00000,3145.00000,3.57444,249.12108
600.00000,0.05000,4.00000,3.00000,0.00000,0.04204,0.00000,241.14566,259.59380,0.04034,2891.00000,3310.00000,2.28060,249.12108
600.00000,0.05000,5.00000,3.00000,0.00000,0.04204,0.00000,241.14566,259.59380,0.04034,2891.00000,2505.00000,0.13993,249.12108
600.00000,0.05000,6.00000,3.00000,0.00000,0.04204,0.00000,241.14566,259.59380,0.04034,2891.00000,4398.00000,0.01820,249.12108
