"Omega","Tolerance","Step Size Rule","Iterations","Converged?","Gap LR","Gap Naive","Obj. Naive","Obj. LR","Gap","Time Naive","Time LR","Final Lambda","LB Heuristic"
600.00000,0.03000,1.00000,2.00000,0.00000,0.03361,0.12533,241.57194,254.20224,0.03252,4283.00000,2699.00000,9.10867,245.93653
600.00000,0.03000,2.00000,2.00000,0.00000,0.01902,0.12533,241.57194,250.61350,0.01866,4283.00000,4213.00000,0.38153,245.93653
600.00000,0.03000,3.00000,2.00000,0.00000,0.02293,0.12533,241.57194,251.57639,0.02242,4283.00000,4213.00000,0.42367,245.93653
600.00000,0.03000,4.00000,2.00000,0.00000,0.02436,0.12533,241.57194,251.92639,0.02378,4283.00000,4213.00000,0.48331,245.93653
600.00000,0.03000,5.00000,3.00000,0.00000,0.03361,0.12533,241.57194,254.20224,0.03252,4283.00000,2488.00000,0.16869,245.93653
600.00000,0.03000,6.00000,3.00000,0.00000,0.03361,0.12533,241.57194,254.20224,0.03252,4283.00000,4295.00000,0.05525,245.93653
