"Omega","Tolerance","Step Size Rule","Iterations","Converged?","Gap LR","Gap Naive","Obj. Naive","Obj. LR","Gap","Time Naive","Time LR","Final Lambda","LB Heuristic"
600.00000,0.03000,1.00000,2.00000,0.00000,0.04107,0.08922,250.46191,256.03657,0.02177,4232.00000,4208.00000,0.67867,245.93653
600.00000,0.03000,2.00000,2.00000,0.00000,0.04107,0.08922,250.46191,256.03657,0.02177,4232.00000,4209.00000,0.73867,245.93653
600.00000,0.03000,3.00000,1.00000,1.00000,0.03924,0.08922,250.46191,255.58728,0.02005,4232.00000,2103.00000,0.58867,245.93653
600.00000,0.03000,4.00000,2.00000,0.00000,0.03879,0.08922,250.46191,255.47671,0.01963,4232.00000,4208.00000,0.58892,245.93653
600.00000,0.03000,5.00000,2.00000,0.00000,0.03879,0.08922,250.46191,255.47671,0.01963,4232.00000,2823.00000,1.62200,245.93653
600.00000,0.03000,6.00000,4.00000,0.00000,0.04284,0.08922,250.46191,256.47220,0.02343,4232.00000,4382.00000,0.00000,245.93653
