"Omega","Tolerance","Step Size Rule","Iterations","Converged?","Gap LR","Gap Naive","Obj. Naive","Obj. LR","Gap","Time Naive","Time LR","Final Lambda"
600.00000,0.03000,1.00000,2.00000,0.00000,0.03361,0.12533,-241.57194,-254.20224,0.03252,2870.00000,2888.00000,9.10867
600.00000,0.03000,2.00000,2.00000,0.00000,0.01902,0.12533,-241.57194,-250.61350,0.01866,2870.00000,4316.00000,0.38153
600.00000,0.03000,3.00000,2.00000,0.00000,0.01871,0.12533,-241.57194,-250.53759,0.01836,2870.00000,4310.00000,0.39367
600.00000,0.03000,4.00000,2.00000,0.00000,0.02436,0.12533,-241.57194,-251.92639,0.02378,2870.00000,4292.00000,0.48331
600.00000,0.03000,5.00000,2.00000,0.00000,0.03361,0.12533,-241.57194,-254.20224,0.03252,2870.00000,2300.00000,0.16525
600.00000,0.03000,6.00000,3.00000,0.00000,0.03361,0.12533,-241.57194,-254.20224,0.03252,2870.00000,4360.00000,0.00000
