"Omega","Tolerance","Step Size Rule","Iterations","Converged?","Gap LR","Gap Naive","Obj. Naive","Obj. LR","Gap","Time Naive","Time LR","Final Lambda"
600.00000,0.03000,1.00000,1.00000,0.00000,0.03633,0.12533,-241.57194,-254.87127,0.05505,2846.00000,2870.00000,0.48367
600.00000,0.03000,2.00000,1.00000,0.00000,0.03633,0.12533,-241.57194,-254.87127,0.05505,2846.00000,2867.00000,0.37438
600.00000,0.03000,3.00000,1.00000,1.00000,0.04381,0.12533,-241.57194,-256.71009,0.06267,2846.00000,2872.00000,0.58867
600.00000,0.03000,4.00000,1.00000,0.00000,0.03633,0.12533,-241.57194,-254.87127,0.05505,2846.00000,2865.00000,0.55367
600.00000,0.03000,5.00000,1.00000,0.00000,0.03633,0.12533,-241.57194,-254.87127,0.05505,2846.00000,2857.00000,0.00000
600.00000,0.03000,6.00000,1.00000,0.00000,0.04526,0.12533,-241.57194,-257.06752,0.06414,2846.00000,2845.00000,0.00000
