"Omega","Tolerance","Step Size Rule","Iterations","Converged?","Gap LR","Gap Naive","Obj. Naive","Obj. LR","Gap","Time Naive","Time LR","Final Lambda"
600.00000,0.03000,1.00000,2.00000,0.00000,0.03361,0.12533,-241.57194,-254.20224,253.23475,4278.00000,2715.00000,9.10867
600.00000,0.03000,2.00000,2.00000,0.00000,0.01902,0.12533,-241.57194,-250.61350,249.63216,4278.00000,4214.00000,0.38153
600.00000,0.03000,3.00000,2.00000,0.00000,0.02293,0.12533,-241.57194,-251.57639,250.59881,4278.00000,4213.00000,0.42367
600.00000,0.03000,4.00000,2.00000,0.00000,0.02436,0.12533,-241.57194,-251.92639,250.95017,4278.00000,4211.00000,0.48331
600.00000,0.03000,5.00000,3.00000,0.00000,0.03361,0.12533,-241.57194,-254.20224,253.23475,4278.00000,2436.00000,0.16869
600.00000,0.03000,6.00000,3.00000,0.00000,0.03361,0.12533,-241.57194,-254.20224,253.23475,4278.00000,4306.00000,0.05525
