"Omega","Tolerance","Step Size Rule","Iterations","Converged?","Gap LR","Gap Naive","Obj. Naive","Obj. LR","Gap","Time Naive","Time LR","Final Lambda","LB Heuristic"
600.00000,0.03000,1.00000,2.00000,0.00000,0.03402,0.08922,250.46191,254.30347,0.01511,4227.00000,4229.00000,0.67867,245.93653
600.00000,0.03000,2.00000,2.00000,0.00000,0.03879,0.08922,250.46191,255.47671,0.01963,4227.00000,4213.00000,0.73867,245.93653
600.00000,0.03000,3.00000,2.00000,0.00000,0.02632,0.08922,250.46191,252.41027,0.00772,4227.00000,4223.00000,0.45517,245.93653
600.00000,0.03000,4.00000,2.00000,0.00000,0.03542,0.08922,250.46191,254.64861,0.01644,4227.00000,4211.00000,0.55781,245.93653
600.00000,0.03000,5.00000,2.00000,0.00000,0.03879,0.08922,250.46191,255.47671,0.01963,4227.00000,3146.00000,1.62200,245.93653
600.00000,0.03000,6.00000,1.00000,1.00000,0.05165,0.08922,250.46191,258.63937,0.03162,4227.00000,2102.00000,0.58867,245.93653
