"Omega","Tolerance","Step Size Rule","Iterations","Converged?","Gap LR","Gap Naive","Obj. Naive","Obj. LR","Gap","Time Naive","Time LR","Final Lambda","LB Heuristic"
600.00000,0.03000,1.00000,2.00000,0.00000,0.03361,0.08922,250.46191,254.20224,0.01471,4242.00000,2446.00000,9.10867,245.93653
600.00000,0.03000,2.00000,2.00000,0.00000,0.02292,0.08922,250.46191,251.57448,0.00442,4242.00000,4210.00000,0.33153,245.93653
600.00000,0.03000,3.00000,2.00000,0.00000,0.03361,0.08922,250.46191,254.20224,0.01471,4242.00000,4221.00000,0.49567,245.93653
600.00000,0.03000,4.00000,2.00000,0.00000,0.02436,0.08922,250.46191,251.92639,0.00581,4242.00000,4210.00000,0.48331,245.93653
600.00000,0.03000,5.00000,3.00000,0.00000,0.03361,0.08922,250.46191,254.20224,0.01471,4242.00000,2582.00000,0.16869,245.93653
600.00000,0.03000,6.00000,3.00000,0.00000,0.03542,0.08922,250.46191,254.64861,0.01644,4242.00000,4302.00000,0.05525,245.93653
