"Omega","Tolerance","Step Size Rule","Iterations","Converged?","Gap LR","Gap Naive","Obj. Naive","Obj. LR","Gap","Time Naive","Time LR","Final Lambda","LB Heuristic"
600.00000,0.03000,1.00000,2.00000,0.00000,0.03290,0.08922,250.46191,254.30347,0.01511,4228.00000,4208.00000,0.67867,245.93653
600.00000,0.03000,2.00000,2.00000,0.00000,0.03734,0.08922,250.46191,255.47671,0.01963,4228.00000,4212.00000,0.73867,245.93653
600.00000,0.03000,3.00000,2.00000,0.00000,0.03734,0.08922,250.46191,255.47671,0.01963,4228.00000,4212.00000,0.62017,245.93653
600.00000,0.03000,4.00000,2.00000,0.00000,0.03734,0.08922,250.46191,255.47671,0.01963,4228.00000,4211.00000,0.58892,245.93653
600.00000,0.03000,5.00000,2.00000,0.00000,0.04377,0.08922,250.46191,257.19416,0.02618,4228.00000,2651.00000,2.42200,245.93653
600.00000,0.03000,6.00000,4.00000,0.00000,0.04377,0.08922,250.46191,257.19416,0.02618,4228.00000,4358.00000,0.00000,245.93653
