"Omega","Tolerance","Step Size Rule","Iterations","Converged?","Gap LR","Gap Naive","Obj. Naive","Obj. LR","Gap","Time Naive","Time LR","Final Lambda"
150.00000,0.01000,1.00000,6.00000,2.00000,0.00000,0.00000,-273.01153,-273.01153,0.00000,1.00000,16.00000,2.49733
150.00000,0.01000,2.00000,6.00000,2.00000,0.00000,0.00000,-273.01153,-273.01153,0.00000,1.00000,16.00000,2.49733
150.00000,0.01000,3.00000,10.00000,0.00000,0.00428,0.00000,-273.01153,-274.18066,0.00428,1.00000,25.00000,3.98739
150.00000,0.01000,4.00000,9.00000,2.00000,0.00000,0.00000,-273.01153,-273.01153,0.00000,1.00000,26.00000,2.81161
150.00000,0.01000,5.00000,6.00000,2.00000,0.00000,0.00000,-273.01153,-273.01153,0.00000,1.00000,17.00000,2.71399
150.00000,0.01000,6.00000,3.00000,2.00000,0.00000,0.00000,-273.01153,-273.01153,0.00000,1.00000,5.00000,2.79242
