"Omega","Tolerance","Step Size Rule","Iterations","Converged?","Gap LR","Gap Naive","Obj. Naive","Obj. LR","Gap","Time Naive","Time LR","Final Lambda","LB Heuristic"
150.00000,0.01000,1.00000,10.00000,0.00000,0.00727,0.00000,273.01153,275.01014,0.00727,11.00000,175.00000,4.84733,273.01153
150.00000,0.01000,2.00000,10.00000,0.00000,0.00045,0.00000,273.01153,273.13574,0.00045,11.00000,224.00000,1.99733,273.01153
150.00000,0.01000,3.00000,10.00000,0.00000,0.00762,0.00000,273.01153,275.10704,0.00762,11.00000,147.00000,4.95692,273.01153
150.00000,0.01000,4.00000,10.00000,0.00000,0.00767,0.00000,273.01153,275.12162,0.00767,11.00000,180.00000,4.97222,273.01153
150.00000,0.01000,5.00000,10.00000,0.00000,0.00775,0.00000,273.01153,275.14514,0.00775,11.00000,67.00000,0.07768,273.01153
150.00000,0.01000,6.00000,3.00000,2.00000,0.00000,0.00000,273.01153,273.01153,0.00000,11.00000,51.00000,2.79242,273.01153
