"Omega","Tolerance","Step Size Rule","Iterations","Converged?","Gap LR","Gap Naive","Obj. Naive","Obj. LR","Gap","Time Naive","Time LR","Final Lambda","LB Heuristic"
600.00000,0.03000,1.00000,2.00000,0.00000,0.03650,0.06386,258.17405,260.95288,0.01065,4225.00000,4205.00000,0.44830,251.42927
600.00000,0.03000,2.00000,5.00000,0.00000,0.03650,0.06386,258.17405,260.95288,0.01065,4225.00000,2448.00000,0.06361,251.42927
600.00000,0.03000,3.00000,2.00000,0.00000,0.03650,0.06386,258.17405,260.95288,0.01065,4225.00000,4208.00000,0.48280,251.42927
600.00000,0.03000,4.00000,2.00000,0.00000,0.03650,0.06386,258.17405,260.95288,0.01065,4225.00000,4208.00000,0.50648,251.42927
600.00000,0.03000,5.00000,6.00000,0.00000,0.03650,0.06386,258.17405,260.95288,0.01065,4225.00000,2401.00000,0.01495,251.42927
600.00000,0.03000,6.00000,3.00000,0.00000,0.03751,0.06386,258.17405,261.22870,0.01169,4225.00000,3772.00000,0.00000,251.42927
