"Omega","Tolerance","Step Size Rule","Iterations","Converged?","Gap LR","Gap Naive","Obj. Naive","Obj. LR","Gap","Time Naive","Time LR","Final Lambda","LB Heuristic"
600.00000,0.03000,1.00000,2.00000,0.00000,0.03788,0.06386,258.17405,260.95288,0.01065,4232.00000,4207.00000,0.37330,251.42927
600.00000,0.03000,2.00000,4.00000,0.00000,0.03788,0.06386,258.17405,260.95288,0.01065,4232.00000,2428.00000,0.06103,251.42927
600.00000,0.03000,3.00000,2.00000,0.00000,0.03788,0.06386,258.17405,260.95288,0.01065,4232.00000,4208.00000,0.48280,251.42927
600.00000,0.03000,4.00000,2.00000,0.00000,0.03788,0.06386,258.17405,260.95288,0.01065,4232.00000,4206.00000,0.50648,251.42927
600.00000,0.03000,5.00000,6.00000,0.00000,0.03788,0.06386,258.17405,260.95288,0.01065,4232.00000,2437.00000,0.01495,251.42927
600.00000,0.03000,6.00000,3.00000,0.00000,0.03996,0.06386,258.17405,261.47681,0.01263,4232.00000,3770.00000,0.00000,251.42927
