"Omega","Tolerance","Step Size Rule","Iterations","Converged?","Gap LR","Gap Naive","Obj. Naive","Obj. LR","Gap","Time Naive","Time LR","Final Lambda"
600.00000,0.03000,1.00000,2.00000,0.00000,0.03208,0.10964,-247.00099,-259.49493,0.03108,2879.00000,2434.00000,9.04330
600.00000,0.03000,2.00000,2.00000,0.00000,0.01338,0.10964,-247.00099,-254.79306,0.01320,2879.00000,4319.00000,0.37622
600.00000,0.03000,3.00000,2.00000,0.00000,0.03208,0.10964,-247.00099,-259.49493,0.03108,2879.00000,4317.00000,0.42130
600.00000,0.03000,4.00000,2.00000,0.00000,0.01451,0.10964,-247.00099,-255.07776,0.01430,2879.00000,4299.00000,0.49098
600.00000,0.03000,5.00000,3.00000,0.00000,0.03668,0.10964,-247.00099,-260.65079,0.03538,2879.00000,2362.00000,0.00859
600.00000,0.03000,6.00000,2.00000,0.00000,0.03903,0.10964,-247.00099,-261.24285,0.03756,2879.00000,2266.00000,0.92511
