"Omega","Tolerance","Step Size Rule","Iterations","Converged?","Gap LR","Gap Naive","Obj. Naive","Obj. LR","Gap","Time Naive","Time LR","Final Lambda"
600.00000,0.03000,1.00000,3.00000,0.00000,0.03208,0.10964,-247.00099,-259.49493,258.52602,4318.00000,2719.00000,8.77330
600.00000,0.03000,2.00000,2.00000,1.00000,0.00000,0.10964,-247.00099,-251.42927,250.42927,4318.00000,4215.00000,0.45955
600.00000,0.03000,3.00000,2.00000,0.00000,0.01150,0.10964,-247.00099,-254.32056,253.33192,4318.00000,4217.00000,0.32530
600.00000,0.03000,4.00000,2.00000,0.00000,0.01573,0.10964,-247.00099,-255.38467,254.40016,4318.00000,4213.00000,0.43441
600.00000,0.03000,5.00000,3.00000,0.00000,0.03349,0.10964,-247.00099,-259.84992,258.88233,4318.00000,2442.00000,0.16189
600.00000,0.03000,6.00000,3.00000,0.00000,0.03349,0.10964,-247.00099,-259.84992,258.88233,4318.00000,4306.00000,0.00000
