"Omega","Tolerance","Step Size Rule","Iterations","Converged?","Gap LR","Gap Naive","Obj. Naive","Obj. LR","Gap","Time Naive","Time LR","Final Lambda","LB Heuristic"
600.00000,0.03000,1.00000,2.00000,0.00000,0.02819,0.06386,258.17405,258.72190,0.00212,4224.00000,4205.00000,0.38830,251.42927
600.00000,0.03000,2.00000,4.00000,0.00000,0.03650,0.06386,258.17405,260.95288,0.01065,4224.00000,2423.00000,0.06103,251.42927
600.00000,0.03000,3.00000,2.00000,0.00000,0.03650,0.06386,258.17405,260.95288,0.01065,4224.00000,4209.00000,0.48280,251.42927
600.00000,0.03000,4.00000,2.00000,0.00000,0.03650,0.06386,258.17405,260.95288,0.01065,4224.00000,4206.00000,0.50648,251.42927
600.00000,0.03000,5.00000,5.00000,0.00000,0.03650,0.06386,258.17405,260.95288,0.01065,4224.00000,2402.00000,0.01323,251.42927
600.00000,0.03000,6.00000,3.00000,0.00000,0.03843,0.06386,258.17405,261.47681,0.01263,4224.00000,4074.00000,0.00000,251.42927
