"Omega","Tolerance","Step Size Rule","Iterations","Converged?","Gap LR","Gap Naive","Obj. Naive","Obj. LR","Gap","Time Naive","Time LR","Final Lambda","LB Heuristic"
600.00000,0.03000,1.00000,3.00000,0.00000,0.03208,0.10964,247.00099,259.49493,0.03108,4301.00000,2711.00000,8.77330,251.42927
600.00000,0.03000,2.00000,2.00000,1.00000,0.00000,0.10964,247.00099,251.42927,0.00000,4301.00000,4218.00000,0.45955,251.42927
600.00000,0.03000,3.00000,2.00000,0.00000,0.01150,0.10964,247.00099,254.32056,0.01137,4301.00000,4223.00000,0.32530,251.42927
600.00000,0.03000,4.00000,2.00000,0.00000,0.02872,0.10964,247.00099,258.64992,0.02792,4301.00000,4212.00000,0.42027,251.42927
600.00000,0.03000,5.00000,3.00000,0.00000,0.03349,0.10964,247.00099,259.84992,0.03241,4301.00000,2471.00000,0.16189,251.42927
600.00000,0.03000,6.00000,3.00000,0.00000,0.03349,0.10964,247.00099,259.84992,0.03241,4301.00000,4309.00000,0.00000,251.42927
