"Omega","Tolerance","Step Size Rule","Iterations","Converged?","Gap LR","Gap Naive","Obj. Naive","Obj. LR","Gap","Time Naive","Time LR","Final Lambda","LB Heuristic"
600.00000,0.03000,1.00000,3.00000,0.00000,0.03349,0.06580,258.04503,259.84992,0.00695,4243.00000,2535.00000,8.78830,251.42927
600.00000,0.03000,2.00000,2.00000,0.00000,0.01481,0.06580,258.04503,255.15225,-0.01134,4243.00000,4210.00000,0.75330,251.42927
600.00000,0.03000,3.00000,2.00000,0.00000,0.03349,0.06580,258.04503,259.84992,0.00695,4243.00000,4214.00000,0.42880,251.42927
600.00000,0.03000,4.00000,2.00000,0.00000,0.02239,0.06580,258.04503,257.05892,-0.00384,4243.00000,4213.00000,0.43234,251.42927
600.00000,0.03000,5.00000,3.00000,0.00000,0.03349,0.06580,258.04503,259.84992,0.00695,4243.00000,2594.00000,0.16189,251.42927
600.00000,0.03000,6.00000,3.00000,0.00000,0.03349,0.06580,258.04503,259.84992,0.00695,4243.00000,4293.00000,0.00000,251.42927
