"Omega","Tolerance","Step Size Rule","Iterations","Converged?","Gap LR","Gap Naive","Obj. Naive","Obj. LR","Gap","Time Naive","Time LR","Final Lambda","LB Heuristic"
600.00000,0.03000,1.00000,2.00000,0.00000,0.02985,0.06386,258.17405,259.16445,0.00382,4228.00000,4206.00000,0.43330,251.42927
600.00000,0.03000,2.00000,4.00000,0.00000,0.03650,0.06386,258.17405,260.95288,0.01065,4228.00000,2452.00000,0.06103,251.42927
600.00000,0.03000,3.00000,2.00000,0.00000,0.03358,0.06386,258.17405,260.16439,0.00765,4228.00000,4208.00000,0.49330,251.42927
600.00000,0.03000,4.00000,2.00000,0.00000,0.03650,0.06386,258.17405,260.95288,0.01065,4228.00000,4207.00000,0.50648,251.42927
600.00000,0.03000,5.00000,6.00000,0.00000,0.03650,0.06386,258.17405,260.95288,0.01065,4228.00000,2420.00000,0.01495,251.42927
600.00000,0.03000,6.00000,3.00000,0.00000,0.03650,0.06386,258.17405,260.95288,0.01065,4228.00000,3888.00000,0.00000,251.42927
