"Omega","Tolerance","Step Size Rule","Iterations","Converged?","Gap LR","Gap Naive","Obj. Naive","Obj. LR","Gap","Time Naive","Time LR","Final Lambda","LB Heuristic"
600.00000,0.03000,1.00000,2.00000,0.00000,0.03474,0.06433,258.04503,260.16439,0.00815,4229.00000,4211.00000,0.38830,251.42927
600.00000,0.03000,2.00000,3.00000,0.00000,0.03788,0.06433,258.04503,260.95288,0.01114,4229.00000,2415.00000,0.05846,251.42927
600.00000,0.03000,3.00000,2.00000,0.00000,0.03349,0.06433,258.04503,259.84992,0.00695,4229.00000,4211.00000,0.42880,251.42927
600.00000,0.03000,4.00000,2.00000,0.00000,0.03474,0.06433,258.04503,260.16439,0.00815,4229.00000,4210.00000,0.49441,251.42927
600.00000,0.03000,5.00000,3.00000,0.00000,0.03349,0.06433,258.04503,259.84992,0.00695,4229.00000,2429.00000,0.16189,251.42927
600.00000,0.03000,6.00000,3.00000,0.00000,0.03788,0.06433,258.04503,260.95288,0.01114,4229.00000,4022.00000,0.00000,251.42927
