"Omega","Tolerance","Step Size Rule","Iterations","Converged?","Gap LR","Gap Naive","Obj. Naive","Obj. LR","Gap","Time Naive","Time LR","Final Lambda"
600.00000,0.03000,1.00000,1.00000,0.00000,0.03903,0.10964,-247.00099,-261.24285,0.05766,2857.00000,2869.00000,0.47830
600.00000,0.03000,2.00000,1.00000,0.00000,0.03971,0.10964,-247.00099,-261.41245,0.05835,2857.00000,2868.00000,0.33902
600.00000,0.03000,3.00000,1.00000,0.00000,0.03971,0.10964,-247.00099,-261.41245,0.05835,2857.00000,2870.00000,0.50080
600.00000,0.03000,4.00000,1.00000,0.00000,0.03903,0.10964,-247.00099,-261.24285,0.05766,2857.00000,2868.00000,0.52830
600.00000,0.03000,5.00000,1.00000,0.00000,0.03903,0.10964,-247.00099,-261.24285,0.05766,2857.00000,2852.00000,0.00000
600.00000,0.03000,6.00000,1.00000,0.00000,0.03903,0.10964,-247.00099,-261.24285,0.05766,2857.00000,2842.00000,0.00000
