"Omega","Tolerance","Step Size Rule","Iterations","Converged?","Gap LR","Gap Naive","Obj. Naive","Obj. LR","Gap","Time Naive","Time LR","Final Lambda","LB Heuristic"
600.00000,0.03000,1.00000,3.00000,0.00000,0.03208,0.10964,247.00099,259.49493,0.03108,4308.00000,2716.00000,8.77330,251.42927
600.00000,0.03000,2.00000,2.00000,1.00000,0.00000,0.10964,247.00099,251.42927,0.00000,4308.00000,4219.00000,0.45955,251.42927
600.00000,0.03000,3.00000,2.00000,0.00000,0.01150,0.10964,247.00099,254.32056,0.01137,4308.00000,4220.00000,0.32530,251.42927
600.00000,0.03000,4.00000,2.00000,0.00000,0.01573,0.10964,247.00099,255.38467,0.01549,4308.00000,4213.00000,0.43441,251.42927
600.00000,0.03000,5.00000,3.00000,0.00000,0.03349,0.10964,247.00099,259.84992,0.03241,4308.00000,2466.00000,0.16189,251.42927
600.00000,0.03000,6.00000,3.00000,0.00000,0.03349,0.10964,247.00099,259.84992,0.03241,4308.00000,4293.00000,0.00000,251.42927
