"Omega","Tolerance","Step Size Rule","Iterations","Converged?","Gap LR","Gap Naive","Obj. Naive","Obj. LR","Gap","Time Naive","Time LR","Final Lambda","LB Heuristic"
600.00000,0.03000,1.00000,4.00000,0.00000,0.03349,0.06386,258.17405,259.84992,0.00645,4225.00000,2607.00000,8.51830,251.42927
600.00000,0.03000,2.00000,5.00000,0.00000,0.03474,0.06386,258.17405,260.16439,0.00765,4225.00000,2505.00000,0.18861,251.42927
600.00000,0.03000,3.00000,2.00000,0.00000,0.03788,0.06386,258.17405,260.95288,0.01065,4225.00000,4207.00000,0.48280,251.42927
600.00000,0.03000,4.00000,2.00000,0.00000,0.03788,0.06386,258.17405,260.95288,0.01065,4225.00000,4206.00000,0.50648,251.42927
600.00000,0.03000,5.00000,6.00000,0.00000,0.03788,0.06386,258.17405,260.95288,0.01065,4225.00000,2495.00000,0.01495,251.42927
600.00000,0.03000,6.00000,3.00000,0.00000,0.03788,0.06386,258.17405,260.95288,0.01065,4225.00000,4270.00000,0.00000,251.42927
