"Omega","Tolerance","Step Size Rule","Iterations","Converged?","Gap LR","Gap Naive","Obj. Naive","Obj. LR","Gap","Time Naive","Time LR","Final Lambda","LB Heuristic"
600.00000,0.03000,1.00000,4.00000,0.00000,0.03241,0.06386,258.17405,259.84992,0.00645,4226.00000,2545.00000,8.51830,251.42927
600.00000,0.03000,2.00000,5.00000,0.00000,0.03358,0.06386,258.17405,260.16439,0.00765,4226.00000,2475.00000,0.18861,251.42927
600.00000,0.03000,3.00000,2.00000,0.00000,0.03358,0.06386,258.17405,260.16439,0.00765,4226.00000,4206.00000,0.49330,251.42927
600.00000,0.03000,4.00000,2.00000,0.00000,0.03650,0.06386,258.17405,260.95288,0.01065,4226.00000,4205.00000,0.50648,251.42927
600.00000,0.03000,5.00000,5.00000,0.00000,0.03650,0.06386,258.17405,260.95288,0.01065,4226.00000,2441.00000,0.01323,251.42927
600.00000,0.03000,6.00000,3.00000,0.00000,0.03650,0.06386,258.17405,260.95288,0.01065,4226.00000,4068.00000,0.00000,251.42927
