"Omega","Tolerance","Step Size Rule","Iterations","Converged?","Gap LR","Gap Naive","Obj. Naive","Obj. LR","Gap","Time Naive","Time LR","Final Lambda"
600.00000,0.07000,1.00000,10.00000,0.00000,0.10840,0.05726,-281.23726,-305.93214,0.08781,2105.00000,337.00000,90.46835
600.00000,0.07000,2.00000,7.00000,0.00000,0.09754,0.05726,-281.23726,-302.93214,0.07714,2105.00000,2473.00000,0.47462
600.00000,0.07000,3.00000,10.00000,0.00000,0.10840,0.05726,-281.23726,-305.93214,0.08781,2105.00000,378.00000,108.05092
600.00000,0.07000,4.00000,10.00000,0.00000,0.10840,0.05726,-281.23726,-305.93214,0.08781,2105.00000,362.00000,195.02739
600.00000,0.07000,5.00000,7.00000,0.00000,0.09953,0.05726,-281.23726,-303.48214,0.07910,2105.00000,2437.00000,0.47299
600.00000,0.07000,6.00000,10.00000,0.00000,0.07576,0.05726,-281.23726,-296.92069,0.05577,2105.00000,1476.00000,0.41880
