"Omega","Tolerance","Step Size Rule","Iterations","Converged?","Gap LR","Gap Naive","Obj. Naive","Obj. LR","Gap","Time Naive","Time LR","Final Lambda"
600.00000,0.07000,1.00000,10.00000,0.00000,0.10840,0.09514,-277.64700,-305.93214,0.09246,2811.00000,2032.00000,3.16835
600.00000,0.07000,2.00000,2.00000,0.00000,0.10297,0.09514,-277.64700,-304.43214,0.08798,2811.00000,2507.00000,0.47372
600.00000,0.07000,3.00000,10.00000,0.00000,0.10840,0.09514,-277.64700,-305.93214,0.09246,2811.00000,2350.00000,3.27138
600.00000,0.07000,4.00000,8.00000,0.00000,0.10840,0.09514,-277.64700,-305.93214,0.09246,2811.00000,2352.00000,2.55034
600.00000,0.07000,5.00000,3.00000,0.00000,0.07580,0.09514,-277.64700,-296.93214,0.06495,2811.00000,3049.00000,0.48806
600.00000,0.07000,6.00000,6.00000,0.00000,0.07576,0.09514,-277.64700,-296.92069,0.06491,2811.00000,3608.00000,0.00000
