"Omega","Tolerance","Step Size Rule","Iterations","Converged?","Gap LR","Gap Naive","Obj. Naive","Obj. LR","Gap","Time Naive","Time LR","Final Lambda"
600.00000,0.07000,1.00000,10.00000,0.00000,0.10840,0.09514,-277.64700,-305.93214,0.10187,2113.00000,1952.00000,3.16835
600.00000,0.07000,2.00000,2.00000,0.00000,0.10297,0.09514,-277.64700,-304.43214,0.09647,2113.00000,2279.00000,0.47372
600.00000,0.07000,3.00000,10.00000,0.00000,0.10840,0.09514,-277.64700,-305.93214,0.10187,2113.00000,2365.00000,3.27138
600.00000,0.07000,4.00000,9.00000,0.00000,0.10840,0.09514,-277.64700,-305.93214,0.10187,2113.00000,2391.00000,2.48034
600.00000,0.07000,5.00000,3.00000,0.00000,0.07580,0.09514,-277.64700,-296.93214,0.06946,2113.00000,2932.00000,0.48806
600.00000,0.07000,6.00000,6.00000,0.00000,0.07576,0.09514,-277.64700,-296.92069,0.06942,2113.00000,3374.00000,0.00000
