"Omega","Tolerance","Step Size Rule","Iterations","Converged?","Gap LR","Gap Naive","Obj. Naive","Obj. LR","Gap","Time Naive","Time LR","Final Lambda","LB Heuristic"
900.00000,0.01000,1.00000,2.00000,1.00000,0.00000,0.14632,226.10668,244.01279,0.00000,4310.00000,4221.00000,0.80647,244.01279
900.00000,0.01000,2.00000,2.00000,1.00000,0.00000,0.14632,226.10668,244.01279,0.00000,4310.00000,4224.00000,0.73897,244.01279
900.00000,0.01000,3.00000,1.00000,1.00000,0.00000,0.14632,226.10668,244.01279,0.00000,4310.00000,2113.00000,0.92647,244.01279
900.00000,0.01000,4.00000,1.00000,1.00000,0.00000,0.14632,226.10668,244.01279,0.00000,4310.00000,2110.00000,0.92647,244.01279
900.00000,0.01000,5.00000,2.00000,0.00000,0.01545,0.14632,226.10668,247.78284,0.01522,4310.00000,2492.00000,0.17984,244.01279
900.00000,0.01000,6.00000,3.00000,0.00000,0.00376,0.14632,226.10668,244.93007,0.00375,4310.00000,4451.00000,0.34056,244.01279
