"Omega","Tolerance","Step Size Rule","Iterations","Converged?","Gap LR","Gap Naive","Obj. Naive","Obj. LR","Gap","Time Naive","Time LR","Final Lambda"
900.00000,0.01000,1.00000,1.00000,0.00000,0.02045,0.06371,-246.99901,-249.00267,0.00811,2908.00000,2897.00000,0.97147
900.00000,0.01000,2.00000,1.00000,0.00000,0.02045,0.06371,-246.99901,-249.00267,0.00811,2908.00000,2897.00000,1.42647
900.00000,0.01000,3.00000,1.00000,0.00000,0.02045,0.06371,-246.99901,-249.00267,0.00811,2908.00000,2898.00000,0.94897
900.00000,0.01000,4.00000,1.00000,0.00000,0.02045,0.06371,-246.99901,-249.00267,0.00811,2908.00000,2894.00000,0.94147
900.00000,0.01000,5.00000,1.00000,0.00000,0.02045,0.06371,-246.99901,-249.00267,0.00811,2908.00000,2893.00000,2.92647
900.00000,0.01000,6.00000,1.00000,0.00000,0.02417,0.06371,-246.99901,-249.91002,0.01179,2908.00000,2825.00000,6.82371
