"Omega","Tolerance","Step Size Rule","Iterations","Converged?","Gap LR","Gap Naive","Obj. Naive","Obj. LR","Gap","Time Naive","Time LR","Final Lambda","LB Heuristic"
900.00000,0.01000,1.00000,2.00000,0.00000,0.01693,0.03902,248.64048,248.14284,-0.00201,4227.00000,4207.00000,0.85147,244.01279
900.00000,0.01000,2.00000,2.00000,0.00000,0.01937,0.03902,248.64048,248.74022,0.00040,4227.00000,3376.00000,1.23897,244.01279
900.00000,0.01000,3.00000,2.00000,0.00000,0.01818,0.03902,248.64048,248.44799,-0.00077,4227.00000,4209.00000,0.97297,244.01279
900.00000,0.01000,4.00000,2.00000,0.00000,0.01919,0.03902,248.64048,248.69522,0.00022,4227.00000,4211.00000,0.95208,244.01279
900.00000,0.01000,5.00000,2.00000,0.00000,0.01937,0.03902,248.64048,248.74022,0.00040,4227.00000,2895.00000,2.55147,244.01279
900.00000,0.01000,6.00000,2.00000,0.00000,0.02367,0.03902,248.64048,249.78898,0.00460,4227.00000,2499.00000,0.00000,244.01279
