"Omega","Tolerance","Step Size Rule","Iterations","Converged?","Gap LR","Gap Naive","Obj. Naive","Obj. LR","Gap","Time Naive","Time LR","Final Lambda","LB Heuristic"
900.00000,0.01000,1.00000,2.00000,0.00000,0.01152,0.14632,226.10668,246.82284,0.01138,4384.00000,4215.00000,0.68647,244.01279
900.00000,0.01000,2.00000,2.00000,0.00000,0.01545,0.14632,226.10668,247.78284,0.01522,4384.00000,4215.00000,0.00000,244.01279
900.00000,0.01000,3.00000,2.00000,0.00000,0.01348,0.14632,226.10668,247.30284,0.01330,4384.00000,4215.00000,0.81847,244.01279
900.00000,0.01000,4.00000,2.00000,0.00000,0.01846,0.14632,226.10668,248.51773,0.01813,4384.00000,4215.00000,0.90940,244.01279
900.00000,0.01000,5.00000,4.00000,0.00000,0.01846,0.14632,226.10668,248.51773,0.01813,4384.00000,2502.00000,0.00730,244.01279
900.00000,0.01000,6.00000,4.00000,0.00000,0.01937,0.14632,226.10668,248.74022,0.01901,4384.00000,4432.00000,1.02368,244.01279
