"Omega","Tolerance","Step Size Rule","Iterations","Converged?","Gap LR","Gap Naive","Obj. Naive","Obj. LR","Gap","Time Naive","Time LR","Final Lambda"
900.00000,0.01000,1.00000,1.00000,0.00000,0.03921,0.14761,-226.10668,-234.44495,-0.04081,2977.00000,2266.00000,0.79147
900.00000,0.01000,2.00000,2.00000,0.00000,0.03921,0.14761,-226.10668,-234.44495,-0.04081,2977.00000,4492.00000,0.57231
900.00000,0.01000,3.00000,1.00000,0.00000,0.03921,0.14761,-226.10668,-234.44495,-0.04081,2977.00000,2264.00000,0.85897
900.00000,0.01000,4.00000,1.00000,0.00000,0.03921,0.14761,-226.10668,-234.44495,-0.04081,2977.00000,2269.00000,0.88147
900.00000,0.01000,5.00000,1.00000,0.00000,0.03921,0.14761,-226.10668,-234.44495,-0.04081,2977.00000,2259.00000,0.25981
900.00000,0.01000,6.00000,2.00000,0.00000,0.01545,0.14761,-226.10668,-247.78284,0.01522,2977.00000,2520.00000,0.56988
