"Omega","Tolerance","Step Size Rule","Iterations","Converged?","Gap LR","Gap Naive","Obj. Naive","Obj. LR","Gap","Time Naive","Time LR","Final Lambda","LB Heuristic"
900.00000,0.01000,1.00000,1.00000,1.00000,0.00000,0.14632,226.10668,244.01279,0.00000,4322.00000,2113.00000,0.92647,244.01279
900.00000,0.01000,2.00000,1.00000,1.00000,0.00000,0.14632,226.10668,244.01279,0.00000,4322.00000,2114.00000,0.92647,244.01279
900.00000,0.01000,3.00000,2.00000,0.00000,0.01348,0.14632,226.10668,247.30284,0.01330,4322.00000,4225.00000,0.81847,244.01279
900.00000,0.01000,4.00000,1.00000,1.00000,0.00000,0.14632,226.10668,244.01279,0.00000,4322.00000,2113.00000,0.92647,244.01279
900.00000,0.01000,5.00000,1.00000,1.00000,0.00000,0.14632,226.10668,244.01279,0.00000,4322.00000,2111.00000,0.92647,244.01279
900.00000,0.01000,6.00000,3.00000,0.00000,0.00376,0.14632,226.10668,244.93007,0.00375,4322.00000,4463.00000,0.34056,244.01279
