"Omega","Tolerance","Step Size Rule","Iterations","Converged?","Gap LR","Gap Naive","Obj. Naive","Obj. LR","Gap","Time Naive","Time LR","Final Lambda"
900.00000,0.01000,1.00000,1.00000,1.00000,0.00000,0.14632,-226.10668,-244.01279,243.01279,4345.00000,2112.00000,0.92647
900.00000,0.01000,2.00000,1.00000,1.00000,0.00000,0.14632,-226.10668,-244.01279,243.01279,4345.00000,2112.00000,0.92647
900.00000,0.01000,3.00000,2.00000,0.00000,0.01348,0.14632,-226.10668,-247.30284,246.31615,4345.00000,4222.00000,0.81847
900.00000,0.01000,4.00000,1.00000,1.00000,0.00000,0.14632,-226.10668,-244.01279,243.01279,4345.00000,2113.00000,0.92647
900.00000,0.01000,5.00000,1.00000,1.00000,0.00000,0.14632,-226.10668,-244.01279,243.01279,4345.00000,2110.00000,0.92647
900.00000,0.01000,6.00000,3.00000,0.00000,0.00376,0.14632,-226.10668,-244.93007,243.93382,4345.00000,4474.00000,0.34056
