"Omega","Tolerance","Step Size Rule","Iterations","Converged?","Gap LR","Gap Naive","Obj. Naive","Obj. LR","Gap","Time Naive","Time LR","Final Lambda","LB Heuristic"
900.00000,0.01000,2.00000,3.00000,0.00000,0.01846,0.06126,247.16364,248.51773,0.00545,4270.00000,2637.00000,0.17984,244.01279
900.00000,0.01000,3.00000,2.00000,0.00000,0.01496,0.06126,247.16364,247.66284,0.00202,4270.00000,4208.00000,0.86347,244.01279
900.00000,0.01000,4.00000,2.00000,0.00000,0.01846,0.06126,247.16364,248.51773,0.00545,4270.00000,4211.00000,0.90940,244.01279
900.00000,0.01000,5.00000,2.00000,0.00000,0.01892,0.06126,247.16364,248.62984,0.00590,4270.00000,2914.00000,2.55147,244.01279
900.00000,0.01000,6.00000,2.00000,0.00000,0.01937,0.06126,247.16364,248.74022,0.00634,4270.00000,2859.00000,0.00000,244.01279
