"Omega","Tolerance","Step Size Rule","Iterations","Converged?","Gap LR","Gap Naive","Obj. Naive","Obj. LR","Gap","Time Naive","Time LR","Final Lambda","LB Heuristic"
100.00000,0.01000,1.00000,10.00000,0.00000,0.01351,0.00000,268.85066,272.48342,0.01333,21.00000,277.00000,6.53203,268.85066
100.00000,0.01000,2.00000,10.00000,0.00000,0.00453,0.00000,268.85066,270.06895,0.00451,21.00000,437.00000,2.93203,268.85066
100.00000,0.01000,3.00000,10.00000,0.00000,0.01387,0.00000,268.85066,272.58033,0.01368,21.00000,231.00000,6.64162,268.85066
100.00000,0.01000,4.00000,10.00000,0.00000,0.01393,0.00000,268.85066,272.59490,0.01374,21.00000,214.00000,6.65692,268.85066
100.00000,0.01000,5.00000,10.00000,0.00000,0.01401,0.00000,268.85066,272.61842,0.01382,21.00000,97.00000,0.79893,268.85066
100.00000,0.01000,6.00000,10.00000,0.00000,0.00615,0.00000,268.85066,270.50520,0.00612,21.00000,165.00000,4.25387,268.85066
