"Omega","Tolerance","Step Size Rule","Iterations","Converged?","Gap LR","Gap Naive","Obj. Naive","Obj. LR","Gap","Time Naive","Time LR","Final Lambda","LB Heuristic"
100.00000,0.01000,1.00000,10.00000,0.00000,0.01333,0.00000,268.85066,272.48342,0.01333,53.00000,602.00000,6.53203,268.85066
100.00000,0.01000,2.00000,10.00000,0.00000,0.00451,0.00000,268.85066,270.06895,0.00451,53.00000,883.00000,2.93203,268.85066
100.00000,0.01000,3.00000,10.00000,0.00000,0.01368,0.00000,268.85066,272.58033,0.01368,53.00000,468.00000,6.64162,268.85066
100.00000,0.01000,4.00000,10.00000,0.00000,0.01374,0.00000,268.85066,272.59490,0.01374,53.00000,460.00000,6.65692,268.85066
100.00000,0.01000,5.00000,10.00000,0.00000,0.01382,0.00000,268.85066,272.61842,0.01382,53.00000,238.00000,0.79893,268.85066
100.00000,0.01000,6.00000,10.00000,0.00000,0.00612,0.00000,268.85066,270.50520,0.00612,53.00000,418.00000,4.25387,268.85066
