"Omega","Tolerance","Step Size Rule","Iterations","Converged?","Gap LR","Gap Naive","Obj. Naive","Obj. LR","Gap","Time Naive","Time LR","Final Lambda","LB Heuristic"
900.00000,0.05000,2.00000,2.00000,0.00000,0.07898,0.15416,240.79186,259.52230,0.07217,4272.00000,2411.00000,0.23831,240.52632
900.00000,0.05000,3.00000,3.00000,0.00000,0.07898,0.15416,240.79186,259.52230,0.07217,4272.00000,3310.00000,5.03427,240.52632
900.00000,0.05000,4.00000,2.00000,0.00000,0.07898,0.15416,240.79186,259.52230,0.07217,4272.00000,2494.00000,3.20965,240.52632
900.00000,0.05000,5.00000,3.00000,0.00000,0.07898,0.15416,240.79186,259.52230,0.07217,4272.00000,2521.00000,0.04675,240.52632
900.00000,0.05000,6.00000,3.00000,0.00000,0.07898,0.15416,240.79186,259.52230,0.07217,4272.00000,4367.00000,0.00000,240.52632
