"Omega","Tolerance","Step Size Rule","Iterations","Converged?","Gap LR","Gap Naive","Obj. Naive","Obj. LR","Gap","Time Naive","Time LR","Final Lambda"
900.00000,0.05000,1.00000,2.00000,0.00000,0.05099,0.15715,-240.79186,-252.79015,0.04746,2938.00000,2737.00000,12.82500
900.00000,0.05000,2.00000,1.00000,0.00000,0.05099,0.15715,-240.79186,-252.79015,0.04746,2938.00000,2274.00000,0.26844
900.00000,0.05000,3.00000,1.00000,0.00000,0.05099,0.15715,-240.79186,-252.79015,0.04746,2938.00000,2267.00000,0.00000
900.00000,0.05000,4.00000,1.00000,0.00000,0.05099,0.15715,-240.79186,-252.79015,0.04746,2938.00000,2273.00000,0.07677
900.00000,0.05000,5.00000,1.00000,0.00000,0.05099,0.15715,-240.79186,-252.79015,0.04746,2938.00000,2272.00000,0.16844
900.00000,0.05000,6.00000,1.00000,0.00000,0.05099,0.15715,-240.79186,-252.79015,0.04746,2938.00000,2257.00000,0.00000
