"Omega","Tolerance","Step Size Rule","Iterations","Converged?","Gap LR","Gap Naive","Obj. Naive","Obj. LR","Gap","Time Naive","Time LR","Final Lambda","LB Heuristic"
900.00000,0.05000,1.00000,4.00000,0.00000,0.07898,0.14750,242.68593,259.52230,0.06487,4242.00000,2526.00000,11.47500,240.52632
900.00000,0.05000,2.00000,3.00000,0.00000,0.07898,0.14750,242.68593,259.52230,0.06487,4242.00000,2614.00000,0.24006,240.52632
900.00000,0.05000,3.00000,3.00000,0.00000,0.07898,0.14750,242.68593,259.52230,0.06487,4242.00000,3270.00000,5.03427,240.52632
900.00000,0.05000,4.00000,3.00000,0.00000,0.07898,0.14750,242.68593,259.52230,0.06487,4242.00000,2740.00000,3.07975,240.52632
900.00000,0.05000,5.00000,3.00000,0.00000,0.07898,0.14750,242.68593,259.52230,0.06487,4242.00000,2448.00000,0.04675,240.52632
900.00000,0.05000,6.00000,3.00000,0.00000,0.07898,0.14750,242.68593,259.52230,0.06487,4242.00000,4439.00000,0.00000,240.52632
