"Omega","Tolerance","Step Size Rule","Iterations","Converged?","Gap LR","Gap Naive","Obj. Naive","Obj. LR","Gap","Time Naive","Time LR","Final Lambda","LB Heuristic"
900.00000,0.05000,2.00000,10.00000,0.00000,0.08403,0.00000,243.11537,260.73704,0.06758,2334.00000,1912.00000,0.22933,240.52632
900.00000,0.05000,3.00000,10.00000,0.00000,0.08403,0.00000,243.11537,260.73704,0.06758,2334.00000,2306.00000,4.09359,240.52632
900.00000,0.05000,4.00000,10.00000,0.00000,0.08403,0.00000,243.11537,260.73704,0.06758,2334.00000,2228.00000,2.49403,240.52632
900.00000,0.05000,5.00000,10.00000,0.00000,0.08403,0.00000,243.11537,260.73704,0.06758,2334.00000,909.00000,0.01354,240.52632
900.00000,0.05000,6.00000,3.00000,0.00000,0.08403,0.00000,243.11537,260.73704,0.06758,2334.00000,2771.00000,0.00000,240.52632
