"Omega","Tolerance","Step Size Rule","Iterations","Converged?","Gap LR","Gap Naive","Obj. Naive","Obj. LR","Gap","Time Naive","Time LR","Final Lambda"
900.00000,0.05000,1.00000,1.00000,1.00000,0.00000,0.15478,-240.79186,-240.52632,239.52521,4333.00000,2110.00000,0.30177
900.00000,0.05000,2.00000,1.00000,1.00000,0.00000,0.15478,-240.79186,-240.52632,239.52521,4333.00000,2109.00000,0.30177
900.00000,0.05000,3.00000,1.00000,1.00000,0.00000,0.15478,-240.79186,-240.52632,239.52521,4333.00000,2110.00000,0.30177
900.00000,0.05000,4.00000,1.00000,1.00000,0.00000,0.15478,-240.79186,-240.52632,239.52521,4333.00000,2108.00000,0.30177
900.00000,0.05000,5.00000,1.00000,1.00000,0.00000,0.15478,-240.79186,-240.52632,239.52521,4333.00000,2110.00000,0.30177
900.00000,0.05000,6.00000,1.00000,1.00000,0.00000,0.15478,-240.79186,-240.52632,239.52521,4333.00000,2108.00000,0.30177
