"Omega","Tolerance","Step Size Rule","Iterations","Converged?","Gap LR","Gap Naive","Obj. Naive","Obj. LR","Gap","Time Naive","Time LR","Final Lambda","LB Heuristic"
900.00000,0.05000,1.00000,10.00000,0.00000,0.08403,0.15495,240.79186,260.73700,0.07650,4349.00000,1412.00000,7.47177,240.52632
900.00000,0.05000,2.00000,1.00000,1.00000,0.00000,0.15495,240.79186,240.52632,-0.00110,4349.00000,2110.00000,0.30177,240.52632
900.00000,0.05000,3.00000,1.00000,1.00000,0.00000,0.15495,240.79186,240.52632,-0.00110,4349.00000,2111.00000,0.30177,240.52632
900.00000,0.05000,4.00000,1.00000,1.00000,0.00000,0.15495,240.79186,240.52632,-0.00110,4349.00000,2108.00000,0.30177,240.52632
900.00000,0.05000,5.00000,1.00000,1.00000,0.00000,0.15495,240.79186,240.52632,-0.00110,4349.00000,2110.00000,0.30177,240.52632
900.00000,0.05000,6.00000,1.00000,1.00000,0.00000,0.15495,240.79186,240.52632,-0.00110,4349.00000,2109.00000,0.30177,240.52632
