"Omega","Tolerance","Step Size Rule","Iterations","Converged?","Gap LR","Gap Naive","Obj. Naive","Obj. LR","Gap","Time Naive","Time LR","Final Lambda"
900.00000,0.05000,1.00000,1.00000,0.00000,0.07658,0.15425,-240.79186,-258.94595,0.07539,2895.00000,2896.00000,0.00000
900.00000,0.05000,2.00000,1.00000,0.00000,0.07658,0.15425,-240.79186,-258.94595,0.07539,2895.00000,2899.00000,0.25177
900.00000,0.05000,3.00000,1.00000,0.00000,0.07658,0.15425,-240.79186,-258.94595,0.07539,2895.00000,2903.00000,0.07677
900.00000,0.05000,4.00000,1.00000,0.00000,0.07658,0.15425,-240.79186,-258.94595,0.07539,2895.00000,2904.00000,0.15177
900.00000,0.05000,5.00000,1.00000,0.00000,0.07658,0.15425,-240.79186,-258.94595,0.07539,2895.00000,2909.00000,0.10177
900.00000,0.05000,6.00000,1.00000,0.00000,0.07658,0.15425,-240.79186,-258.94595,0.07539,2895.00000,2884.00000,0.00000
