"Omega","Tolerance","Step Size Rule","Iterations","Converged?","Gap LR","Gap Naive","Obj. Naive","Obj. LR","Gap","Time Naive","Time LR","Final Lambda","LB Heuristic"
100.00000,0.05000,1.00000,10.00000,0.00000,0.04831,0.00000,281.53132,294.37453,0.04363,218.00000,301.00000,3.51031,280.80870
100.00000,0.05000,2.00000,10.00000,0.00000,0.03503,0.00000,281.53132,290.64427,0.03135,218.00000,351.00000,2.60241,280.80870
100.00000,0.05000,3.00000,10.00000,0.00000,0.04358,0.00000,281.53132,293.04712,0.03930,218.00000,334.00000,3.30829,280.80870
100.00000,0.05000,4.00000,10.00000,0.00000,0.04043,0.00000,281.53132,292.16143,0.03638,218.00000,351.00000,3.13478,280.80870
100.00000,0.05000,5.00000,10.00000,0.00000,0.03526,0.00000,281.53132,290.70973,0.03157,218.00000,161.00000,2.52424,280.80870
100.00000,0.05000,6.00000,10.00000,0.00000,0.03660,0.00000,281.53132,291.08643,0.03283,218.00000,158.00000,2.54227,280.80870
