"Omega","Tolerance","Step Size Rule","Iterations","Converged?","Gap LR","Gap Naive","Obj. Naive","Obj. LR","Gap","Time Naive","Time LR","Final Lambda","LB Heuristic"
100.00000,0.05000,1.00000,10.00000,0.00000,0.04608,0.00000,281.53132,294.37453,0.04363,561.00000,593.00000,3.51031,280.80870
100.00000,0.05000,2.00000,10.00000,0.00000,0.03384,0.00000,281.53132,290.64427,0.03135,561.00000,717.00000,2.60241,280.80870
100.00000,0.05000,3.00000,10.00000,0.00000,0.04176,0.00000,281.53132,293.04712,0.03930,561.00000,712.00000,3.30829,280.80870
100.00000,0.05000,4.00000,10.00000,0.00000,0.03886,0.00000,281.53132,292.16143,0.03638,561.00000,873.00000,3.13478,280.80870
100.00000,0.05000,5.00000,10.00000,0.00000,0.03406,0.00000,281.53132,290.70973,0.03157,561.00000,449.00000,2.52424,280.80870
100.00000,0.05000,6.00000,10.00000,0.00000,0.03531,0.00000,281.53132,291.08643,0.03283,561.00000,504.00000,2.54227,280.80870
