"Omega","Tolerance","Step Size Rule","Iterations","Converged?","Gap LR","Gap Naive","Obj. Naive","Obj. LR","Gap","Time Naive","Time LR","Final Lambda"
900.00000,0.05000,1.00000,1.00000,0.00000,0.03456,0.16773,-236.81118,-252.11460,0.06462,2912.00000,2902.00000,0.00000
900.00000,0.05000,2.00000,1.00000,0.00000,0.03456,0.16773,-236.81118,-252.11460,0.06462,2912.00000,2903.00000,0.26790
900.00000,0.05000,3.00000,1.00000,0.00000,0.03456,0.16773,-236.81118,-252.11460,0.06462,2912.00000,2904.00000,0.00540
900.00000,0.05000,4.00000,1.00000,0.00000,0.03456,0.16773,-236.81118,-252.11460,0.06462,2912.00000,2908.00000,0.10540
900.00000,0.05000,5.00000,1.00000,0.00000,0.03456,0.16773,-236.81118,-252.11460,0.06462,2912.00000,2910.00000,0.15540
900.00000,0.05000,6.00000,1.00000,0.00000,0.03456,0.16773,-236.81118,-252.11460,0.06462,2912.00000,2830.00000,0.00000
