"Omega","Tolerance","Step Size Rule","Iterations","Converged?","Gap LR","Gap Naive","Obj. Naive","Obj. LR","Gap","Time Naive","Time LR","Final Lambda"
900.00000,0.05000,1.00000,1.00000,0.00000,0.02816,0.16969,-236.81118,-250.55408,0.02739,2959.00000,2254.00000,0.00000
900.00000,0.05000,2.00000,1.00000,0.00000,0.02816,0.16969,-236.81118,-250.55408,0.02739,2959.00000,2258.00000,0.27206
900.00000,0.05000,3.00000,2.00000,0.00000,0.02816,0.16969,-236.81118,-250.55408,0.02739,2959.00000,2671.00000,5.13000
900.00000,0.05000,4.00000,1.00000,0.00000,0.02816,0.16969,-236.81118,-250.55408,0.02739,2959.00000,2293.00000,0.08040
900.00000,0.05000,5.00000,1.00000,0.00000,0.02816,0.16969,-236.81118,-250.55408,0.02739,2959.00000,2300.00000,0.17206
900.00000,0.05000,6.00000,1.00000,0.00000,0.02816,0.16969,-236.81118,-250.55408,0.02739,2959.00000,2275.00000,0.00041
