"Omega","Tolerance","Step Size Rule","Iterations","Converged?","Gap LR","Gap Naive","Obj. Naive","Obj. LR","Gap","Time Naive","Time LR","Final Lambda","LB Heuristic"
900.00000,0.05000,1.00000,3.00000,0.00000,0.04156,0.16731,236.81118,253.81984,0.03990,4290.00000,2444.00000,12.15000,243.69178
900.00000,0.05000,2.00000,3.00000,0.00000,0.04156,0.16731,236.81118,253.81984,0.03990,4290.00000,2571.00000,0.27141,243.69178
900.00000,0.05000,3.00000,3.00000,0.00000,0.04156,0.16731,236.81118,253.81984,0.03990,4290.00000,3425.00000,4.91040,243.69178
900.00000,0.05000,4.00000,3.00000,0.00000,0.04156,0.16731,236.81118,253.81984,0.03990,4290.00000,3310.00000,2.99838,243.69178
900.00000,0.05000,5.00000,2.00000,0.00000,0.04156,0.16731,236.81118,253.81984,0.03990,4290.00000,2442.00000,0.15891,243.69178
900.00000,0.05000,6.00000,3.00000,0.00000,0.04156,0.16731,236.81118,253.81984,0.03990,4290.00000,4490.00000,0.00000,243.69178
