"Omega","Tolerance","Step Size Rule","Iterations","Converged?","Gap LR","Gap Naive","Obj. Naive","Obj. LR","Gap","Time Naive","Time LR","Final Lambda"
900.00000,0.05000,1.00000,2.00000,0.00000,0.03652,0.16149,-239.50371,-253.12836,0.03523,2938.00000,2682.00000,12.82500
900.00000,0.05000,2.00000,2.00000,0.00000,0.03652,0.16149,-239.50371,-253.12836,0.03523,2938.00000,3255.00000,0.27119
900.00000,0.05000,3.00000,2.00000,0.00000,0.03652,0.16149,-239.50371,-253.12836,0.03523,2938.00000,2627.00000,5.13000
900.00000,0.05000,4.00000,2.00000,0.00000,0.03652,0.16149,-239.50371,-253.12836,0.03523,2938.00000,2618.00000,3.10065
900.00000,0.05000,5.00000,2.00000,0.00000,0.03652,0.16149,-239.50371,-253.12836,0.03523,2938.00000,2851.00000,0.17295
900.00000,0.05000,6.00000,2.00000,0.00000,0.04752,0.16149,-239.50371,-255.81413,0.04536,2938.00000,2474.00000,0.66754
