"Omega","Tolerance","Step Size Rule","Iterations","Converged?","Gap LR","Gap Naive","Obj. Naive","Obj. LR","Gap","Time Naive","Time LR","Final Lambda"
900.00000,0.05000,1.00000,1.00000,0.00000,0.06558,0.15526,-239.50371,-260.22374,0.08651,2902.00000,2881.00000,0.00000
900.00000,0.05000,2.00000,1.00000,0.00000,0.06558,0.15526,-239.50371,-260.22374,0.08651,2902.00000,2883.00000,0.25991
900.00000,0.05000,3.00000,1.00000,0.00000,0.06558,0.15526,-239.50371,-260.22374,0.08651,2902.00000,2889.00000,0.04027
900.00000,0.05000,4.00000,1.00000,0.00000,0.06558,0.15526,-239.50371,-260.22374,0.08651,2902.00000,2878.00000,0.12777
900.00000,0.05000,5.00000,1.00000,0.00000,0.06558,0.15526,-239.50371,-260.22374,0.08651,2902.00000,2887.00000,0.13134
900.00000,0.05000,6.00000,1.00000,0.00000,0.06558,0.15526,-239.50371,-260.22374,0.08651,2902.00000,2881.00000,0.00000
