"Omega","Tolerance","Step Size Rule","Iterations","Converged?","Gap LR","Gap Naive","Obj. Naive","Obj. LR","Gap","Time Naive","Time LR","Final Lambda","LB Heuristic"
900.00000,0.05000,1.00000,1.00000,1.00000,0.00000,0.15702,239.50371,244.20952,0.00000,4349.00000,2109.00000,0.30277,244.20952
900.00000,0.05000,2.00000,1.00000,1.00000,0.00000,0.15702,239.50371,244.20952,0.00000,4349.00000,2112.00000,0.30277,244.20952
900.00000,0.05000,3.00000,1.00000,1.00000,0.00000,0.15702,239.50371,244.20952,0.00000,4349.00000,2111.00000,0.30277,244.20952
900.00000,0.05000,4.00000,1.00000,1.00000,0.00000,0.15702,239.50371,244.20952,0.00000,4349.00000,2110.00000,0.30277,244.20952
900.00000,0.05000,5.00000,1.00000,1.00000,0.00000,0.15702,239.50371,244.20952,0.00000,4349.00000,2115.00000,0.30277,244.20952
900.00000,0.05000,6.00000,1.00000,1.00000,0.00000,0.15702,239.50371,244.20952,0.00000,4349.00000,2111.00000,0.30277,244.20952
