"Omega","Tolerance","Step Size Rule","Iterations","Converged?","Gap LR","Gap Naive","Obj. Naive","Obj. LR","Gap","Time Naive","Time LR","Final Lambda","LB Heuristic"
900.00000,0.05000,1.00000,4.00000,0.00000,0.06563,0.15463,239.50371,260.23724,0.06159,4256.00000,2530.00000,11.47500,244.20952
900.00000,0.05000,2.00000,3.00000,0.00000,0.06563,0.15463,239.50371,260.23724,0.06159,4256.00000,3167.00000,0.24378,244.20952
900.00000,0.05000,3.00000,3.00000,0.00000,0.06563,0.15463,239.50371,260.23724,0.06159,4256.00000,2901.00000,5.02777,244.20952
900.00000,0.05000,4.00000,3.00000,0.00000,0.06563,0.15463,239.50371,260.23724,0.06159,4256.00000,2884.00000,3.07575,244.20952
900.00000,0.05000,5.00000,3.00000,0.00000,0.06563,0.15463,239.50371,260.23724,0.06159,4256.00000,2568.00000,0.05862,244.20952
900.00000,0.05000,6.00000,3.00000,0.00000,0.06563,0.15463,239.50371,260.23724,0.06159,4256.00000,4396.00000,0.00000,244.20952
