"Omega","Tolerance","Step Size Rule","Iterations","Converged?","Gap LR","Gap Naive","Obj. Naive","Obj. LR","Gap","Time Naive","Time LR","Final Lambda"
300.00000,0.07000,1.00000,10.00000,0.00000,0.08051,0.00000,-285.30237,-307.12427,0.07649,985.00000,139.00000,45.93841
300.00000,0.07000,2.00000,10.00000,0.00000,0.06468,0.00000,-285.30237,-302.62427,0.06071,985.00000,698.00000,0.95633
300.00000,0.07000,3.00000,10.00000,0.00000,0.08051,0.00000,-285.30237,-307.12427,0.07649,985.00000,127.00000,54.72970
300.00000,0.07000,4.00000,10.00000,0.00000,0.08051,0.00000,-285.30237,-307.12427,0.07649,985.00000,130.00000,98.21794
300.00000,0.07000,5.00000,10.00000,0.00000,0.07056,0.00000,-285.30237,-304.29530,0.06657,985.00000,533.00000,0.94891
300.00000,0.07000,6.00000,10.00000,0.00000,0.04922,0.00000,-285.30237,-298.23131,0.04532,985.00000,427.00000,0.88927
