"Omega","Tolerance","Step Size Rule","Iterations","Converged?","Gap LR","Gap Naive","Obj. Naive","Obj. LR","Gap","Time Naive","Time LR","Final Lambda"
300.00000,0.07000,1.00000,10.00000,0.00000,0.08051,0.01401,-285.30237,-307.12427,0.07105,2804.00000,539.00000,2.30341
300.00000,0.07000,2.00000,8.00000,0.00000,0.04610,0.01401,-285.30237,-297.34355,0.04050,2804.00000,2292.00000,0.90105
300.00000,0.07000,3.00000,10.00000,0.00000,0.08051,0.01401,-285.30237,-307.12427,0.07105,2804.00000,615.00000,2.35380
300.00000,0.07000,4.00000,10.00000,0.00000,0.08051,0.01401,-285.30237,-307.12427,0.07105,2804.00000,1044.00000,1.93131
300.00000,0.07000,5.00000,10.00000,0.00000,0.04623,0.01401,-285.30237,-297.37940,0.04061,2804.00000,1094.00000,0.92103
300.00000,0.07000,6.00000,10.00000,0.00000,0.04922,0.01401,-285.30237,-298.23131,0.04335,2804.00000,1160.00000,0.88927
