"Omega","Tolerance","Step Size Rule","Iterations","Converged?","Gap LR","Gap Naive","Obj. Naive","Obj. LR","Gap","Time Naive","Time LR","Final Lambda"
300.00000,0.05000,1.00000,10.00000,0.00000,0.06192,0.00000,-283.79915,-300.87112,0.06016,263.00000,35.00000,75.92176
300.00000,0.05000,2.00000,10.00000,0.00000,0.04604,0.00000,-283.79915,-296.37112,0.04430,263.00000,324.00000,0.93930
300.00000,0.05000,3.00000,10.00000,0.00000,0.06192,0.00000,-283.79915,-300.87112,0.06016,263.00000,36.00000,60.77268
300.00000,0.05000,4.00000,10.00000,0.00000,0.06192,0.00000,-283.79915,-300.87112,0.06016,263.00000,35.00000,113.26428
300.00000,0.05000,5.00000,10.00000,0.00000,0.05194,0.00000,-283.79915,-298.04215,0.05019,263.00000,259.00000,0.93204
300.00000,0.05000,6.00000,10.00000,0.00000,0.02916,0.00000,-283.79915,-291.58906,0.02745,263.00000,170.00000,0.68825
