"Omega","Tolerance","Step Size Rule","Iterations","Converged?","Gap LR","Gap Naive","Obj. Naive","Obj. LR","Gap","Time Naive","Time LR","Final Lambda"
900.00000,0.05000,1.00000,1.00000,0.00000,0.03066,0.14883,-241.78757,-255.53237,0.05685,2893.00000,2893.00000,0.00000
900.00000,0.05000,2.00000,1.00000,0.00000,0.03066,0.14883,-241.78757,-255.53237,0.05685,2893.00000,2898.00000,0.27211
900.00000,0.05000,3.00000,1.00000,0.00000,0.03066,0.14883,-241.78757,-255.53237,0.05685,2893.00000,2890.00000,0.00000
900.00000,0.05000,4.00000,1.00000,0.00000,0.03066,0.14883,-241.78757,-255.53237,0.05685,2893.00000,2890.00000,0.08044
900.00000,0.05000,5.00000,1.00000,0.00000,0.03066,0.14883,-241.78757,-255.53237,0.05685,2893.00000,2896.00000,0.17211
900.00000,0.05000,6.00000,1.00000,0.00000,0.03066,0.14883,-241.78757,-255.53237,0.05685,2893.00000,2875.00000,0.00000
