"Omega","Tolerance","Step Size Rule","Iterations","Converged?","Gap LR","Gap Naive","Obj. Naive","Obj. LR","Gap","Time Naive","Time LR","Final Lambda"
900.00000,0.05000,1.00000,2.00000,0.00000,0.03066,0.15085,-241.78757,-255.53237,0.02975,2944.00000,2688.00000,12.82500
900.00000,0.05000,2.00000,2.00000,0.00000,0.03066,0.15085,-241.78757,-255.53237,0.02975,2944.00000,4453.00000,0.27386
900.00000,0.05000,3.00000,1.00000,0.00000,0.03066,0.15085,-241.78757,-255.53237,0.02975,2944.00000,2262.00000,0.00000
900.00000,0.05000,4.00000,1.00000,0.00000,0.03066,0.15085,-241.78757,-255.53237,0.02975,2944.00000,2266.00000,0.08044
900.00000,0.05000,5.00000,2.00000,0.00000,0.03066,0.15085,-241.78757,-255.53237,0.02975,2944.00000,2806.00000,0.17562
900.00000,0.05000,6.00000,2.00000,0.00000,0.03066,0.15085,-241.78757,-255.53237,0.02975,2944.00000,2418.00000,0.66419
