"Omega","Tolerance","Step Size Rule","Iterations","Converged?","Gap LR","Gap Naive","Obj. Naive","Obj. LR","Gap","Time Naive","Time LR","Final Lambda","LB Heuristic"
900.00000,0.05000,1.00000,4.00000,0.00000,0.04770,0.14532,242.58721,259.75827,0.04553,4236.00000,2436.00000,11.47500,247.93147
900.00000,0.05000,2.00000,3.00000,0.00000,0.04770,0.14532,242.58721,259.75827,0.04553,4236.00000,2480.00000,0.24077,247.93147
900.00000,0.05000,3.00000,3.00000,0.00000,0.04770,0.14532,242.58721,259.75827,0.04553,4236.00000,2881.00000,5.04544,247.93147
900.00000,0.05000,4.00000,2.00000,0.00000,0.04770,0.14532,242.58721,259.75827,0.04553,4236.00000,2474.00000,3.21832,247.93147
900.00000,0.05000,5.00000,4.00000,0.00000,0.04770,0.14532,242.58721,259.75827,0.04553,4236.00000,2451.00000,0.04032,247.93147
900.00000,0.05000,6.00000,3.00000,0.00000,0.04826,0.14532,242.58721,259.89629,0.04604,4236.00000,4269.00000,0.13653,247.93147
