"Omega","Tolerance","Step Size Rule","Iterations","Converged?","Gap LR","Gap Naive","Obj. Naive","Obj. LR","Gap","Time Naive","Time LR","Final Lambda"
100.00000,0.03000,1.00000,10.00000,0.00000,0.01856,0.00000,-277.64512,-282.52718,0.01758,125.00000,287.00000,3.90281
100.00000,0.03000,2.00000,10.00000,0.00000,0.01905,0.00000,-277.64512,-282.66218,0.01807,125.00000,106.00000,2.49198
100.00000,0.03000,3.00000,10.00000,0.00000,0.01831,0.00000,-277.64512,-282.45711,0.01733,125.00000,347.00000,3.06493
100.00000,0.03000,4.00000,10.00000,0.00000,0.01834,0.00000,-277.64512,-282.46547,0.01736,125.00000,257.00000,2.93561
100.00000,0.03000,5.00000,10.00000,0.00000,0.01905,0.00000,-277.64512,-282.66218,0.01807,125.00000,59.00000,0.97213
100.00000,0.03000,6.00000,10.00000,0.00000,0.01886,0.00000,-277.64512,-282.61050,0.01788,125.00000,94.00000,2.39959
