"Omega","Tolerance","Step Size Rule","Iterations","Converged?","Gap LR","Gap Naive","Obj. Naive","Obj. LR","Gap","Time Naive","Time LR","Final Lambda"
100.00000,0.01000,1.00000,10.00000,0.00000,0.01284,0.00000,-269.25283,-272.71117,0.01284,18.00000,228.00000,5.25595
100.00000,0.01000,2.00000,10.00000,0.00000,0.01306,0.00000,-269.25283,-272.77012,0.01306,18.00000,190.00000,3.90595
100.00000,0.01000,3.00000,10.00000,0.00000,0.01320,0.00000,-269.25283,-272.80807,0.01320,18.00000,196.00000,5.36555
100.00000,0.01000,4.00000,10.00000,0.00000,0.01326,0.00000,-269.25283,-272.82264,0.01326,18.00000,169.00000,5.38085
100.00000,0.01000,5.00000,10.00000,0.00000,0.01335,0.00000,-269.25283,-272.84617,0.01335,18.00000,51.00000,0.11691
100.00000,0.01000,6.00000,10.00000,0.00000,0.01199,0.00000,-269.25283,-272.48112,0.01199,18.00000,151.00000,4.77903
