"Omega","Tolerance","Step Size Rule","Iterations","Converged?","Gap LR","Gap Naive","Obj. Naive","Obj. LR","Gap","Time Naive","Time LR","Final Lambda","LB Heuristic"
100.00000,0.01000,1.00000,10.00000,0.00000,0.01268,0.00000,269.25283,272.71117,0.01268,75.00000,711.00000,5.25595,269.25283
100.00000,0.01000,2.00000,10.00000,0.00000,0.01289,0.00000,269.25283,272.77012,0.01289,75.00000,566.00000,3.90595,269.25283
100.00000,0.01000,3.00000,10.00000,0.00000,0.01303,0.00000,269.25283,272.80807,0.01303,75.00000,608.00000,5.36555,269.25283
100.00000,0.01000,4.00000,10.00000,0.00000,0.01308,0.00000,269.25283,272.82264,0.01308,75.00000,537.00000,5.38085,269.25283
100.00000,0.01000,5.00000,10.00000,0.00000,0.01317,0.00000,269.25283,272.84617,0.01317,75.00000,204.00000,0.11691,269.25283
100.00000,0.01000,6.00000,10.00000,0.00000,0.01185,0.00000,269.25283,272.48112,0.01185,75.00000,602.00000,4.77903,269.25283
