"Omega","Tolerance","Step Size Rule","Iterations","Converged?","Gap LR","Gap Naive","Obj. Naive","Obj. LR","Gap","Time Naive","Time LR","Final Lambda"
450.00000,0.03000,1.00000,10.00000,0.00000,0.03059,0.00622,-281.75177,-285.09920,0.01188,2106.00000,1550.00000,5.62027
450.00000,0.03000,2.00000,10.00000,0.00000,0.03059,0.00622,-281.75177,-285.09920,0.01188,2106.00000,1269.00000,0.53617
450.00000,0.03000,3.00000,10.00000,0.00000,0.03059,0.00622,-281.75177,-285.09920,0.01188,2106.00000,1719.00000,2.87943
450.00000,0.03000,4.00000,10.00000,0.00000,0.03059,0.00622,-281.75177,-285.09920,0.01188,2106.00000,2297.00000,1.98461
450.00000,0.03000,5.00000,10.00000,0.00000,0.03059,0.00622,-281.75177,-285.09920,0.01188,2106.00000,748.00000,0.08176
450.00000,0.03000,6.00000,10.00000,0.00000,0.02987,0.00622,-281.75177,-284.90163,0.01118,2106.00000,2064.00000,0.51930
