"Omega","Tolerance","Step Size Rule","Iterations","Converged?","Gap LR","Gap Naive","Obj. Naive","Obj. LR","Gap","Time Naive","Time LR","Final Lambda"
450.00000,0.03000,1.00000,10.00000,0.00000,0.03059,0.00000,-281.75177,-285.09920,0.01188,297.00000,141.00000,166.50000
450.00000,0.03000,2.00000,10.00000,0.00000,0.03059,0.00000,-281.75177,-285.09920,0.01188,297.00000,866.00000,0.61557
450.00000,0.03000,3.00000,10.00000,0.00000,0.03059,0.00000,-281.75177,-285.09920,0.01188,297.00000,155.00000,65.12080
450.00000,0.03000,4.00000,10.00000,0.00000,0.03059,0.00000,-281.75177,-285.09920,0.01188,297.00000,152.00000,132.96254
450.00000,0.03000,5.00000,10.00000,0.00000,0.03059,0.00000,-281.75177,-285.09920,0.01188,297.00000,178.00000,0.55969
450.00000,0.03000,6.00000,10.00000,0.00000,0.02987,0.00000,-281.75177,-284.90163,0.01118,297.00000,359.00000,0.51930
