"Omega","Tolerance","Step Size Rule","Iterations","Converged?","Gap LR","Gap Naive","Obj. Naive","Obj. LR","Gap","Time Naive","Time LR","Final Lambda","LB Heuristic"
450.00000,0.03000,1.00000,10.00000,0.00000,0.03059,0.00000,281.75177,285.09920,0.01174,3216.00000,1835.00000,5.62027,276.63714
450.00000,0.03000,2.00000,10.00000,0.00000,0.03059,0.00000,281.75177,285.09920,0.01174,3216.00000,1305.00000,0.53617,276.63714
450.00000,0.03000,3.00000,10.00000,0.00000,0.03059,0.00000,281.75177,285.09920,0.01174,3216.00000,1749.00000,2.87943,276.63714
450.00000,0.03000,4.00000,10.00000,0.00000,0.03059,0.00000,281.75177,285.09920,0.01174,3216.00000,2441.00000,1.98461,276.63714
450.00000,0.03000,5.00000,10.00000,0.00000,0.03059,0.00000,281.75177,285.09920,0.01174,3216.00000,832.00000,0.08176,276.63714
450.00000,0.03000,6.00000,10.00000,0.00000,0.02987,0.00000,281.75177,284.90163,0.01106,3216.00000,2264.00000,0.51930,276.63714
