"Omega","Tolerance","Step Size Rule","Iterations","Converged?","Gap LR","Gap Naive","Obj. Naive","Obj. LR","Gap","Time Naive","Time LR","Final Lambda"
900.00000,0.03000,1.00000,3.00000,0.00000,0.02225,0.10969,-263.18652,-282.46685,0.02177,2821.00000,2366.00000,12.73316
900.00000,0.03000,2.00000,3.00000,0.00000,0.02225,0.10969,-263.18652,-282.46685,0.02177,2821.00000,2322.00000,0.23327
900.00000,0.03000,3.00000,3.00000,0.00000,0.02225,0.10969,-263.18652,-282.46685,0.02177,2821.00000,2529.00000,5.28616
900.00000,0.03000,4.00000,3.00000,0.00000,0.02225,0.10969,-263.18652,-282.46685,0.02177,2821.00000,2481.00000,3.23463
900.00000,0.03000,5.00000,4.00000,0.00000,0.02225,0.10969,-263.18652,-282.46685,0.02177,2821.00000,2303.00000,0.00745
900.00000,0.03000,6.00000,3.00000,0.00000,0.02245,0.10969,-263.18652,-282.52315,0.02196,2821.00000,2998.00000,0.11467
