"Omega","Tolerance","Step Size Rule","Iterations","Converged?","Gap LR","Gap Naive","Obj. Naive","Obj. LR","Gap","Time Naive","Time LR","Final Lambda"
900.00000,0.03000,1.00000,3.00000,0.00000,0.02225,0.11027,-263.18652,-282.46685,0.07326,2123.00000,2328.00000,12.73316
900.00000,0.03000,2.00000,3.00000,0.00000,0.02225,0.11027,-263.18652,-282.46685,0.07326,2123.00000,2338.00000,0.23327
900.00000,0.03000,3.00000,3.00000,0.00000,0.02225,0.11027,-263.18652,-282.46685,0.07326,2123.00000,2545.00000,5.28616
900.00000,0.03000,4.00000,3.00000,0.00000,0.02245,0.11027,-263.18652,-282.52315,0.07347,2123.00000,2460.00000,3.23963
900.00000,0.03000,5.00000,5.00000,0.00000,0.02245,0.11027,-263.18652,-282.52315,0.07347,2123.00000,2261.00000,0.00882
900.00000,0.03000,6.00000,3.00000,0.00000,0.02245,0.11027,-263.18652,-282.52315,0.07347,2123.00000,2649.00000,0.11467
