"Omega","Tolerance","Step Size Rule","Iterations","Converged?","Gap LR","Gap Naive","Obj. Naive","Obj. LR","Gap","Time Naive","Time LR","Final Lambda"
900.00000,0.03000,1.00000,10.00000,0.00000,0.02245,0.00000,-273.33726,-282.52315,0.03361,275.00000,573.00000,328.50000
900.00000,0.03000,2.00000,10.00000,0.00000,0.02245,0.00000,-273.33726,-282.52315,0.03361,275.00000,727.00000,0.28891
900.00000,0.03000,3.00000,10.00000,0.00000,0.02245,0.00000,-273.33726,-282.52315,0.03361,275.00000,644.00000,129.48166
900.00000,0.03000,4.00000,10.00000,0.00000,0.02245,0.00000,-273.33726,-282.52315,0.03361,275.00000,576.00000,263.91458
900.00000,0.03000,5.00000,10.00000,0.00000,0.02245,0.00000,-273.33726,-282.52315,0.03361,275.00000,700.00000,0.25655
900.00000,0.03000,6.00000,10.00000,0.00000,0.02245,0.00000,-273.33726,-282.52315,0.03361,275.00000,1614.00000,0.27756
