"Omega","Tolerance","Step Size Rule","Iterations","Converged?","Gap LR","Gap Naive","Obj. Naive","Obj. LR","Gap","Time Naive","Time LR","Final Lambda"
1200.00000,0.07000,1.00000,10.00000,0.00000,0.09001,0.12575,-267.63531,-304.31066,0.13703,2106.00000,1698.00000,180.23420
1200.00000,0.07000,2.00000,2.00000,0.00000,0.04077,0.12575,-267.63531,-290.56339,0.08567,2106.00000,3396.00000,0.22707
1200.00000,0.07000,3.00000,10.00000,0.00000,0.09001,0.12575,-267.63531,-304.31066,0.13703,2106.00000,1158.00000,215.39935
1200.00000,0.07000,4.00000,10.00000,0.00000,0.09001,0.12575,-267.63531,-304.31066,0.13703,2106.00000,1230.00000,389.35228
1200.00000,0.07000,5.00000,2.00000,0.00000,0.04127,0.12575,-267.63531,-290.70298,0.08619,2106.00000,2839.00000,0.22715
1200.00000,0.07000,6.00000,4.00000,0.00000,0.05176,0.12575,-267.63531,-293.63102,0.09713,2106.00000,2384.00000,0.09153
