"Omega","Tolerance","Step Size Rule","Iterations","Converged?","Gap LR","Gap Naive","Obj. Naive","Obj. LR","Gap","Time Naive","Time LR","Final Lambda"
1200.00000,0.07000,1.00000,3.00000,0.00000,0.01662,0.14620,-261.80025,-283.82156,0.01635,2844.00000,2501.00000,15.48000
1200.00000,0.07000,2.00000,2.00000,0.00000,0.01662,0.14620,-261.80025,-283.82156,0.01635,2844.00000,2757.00000,0.21655
1200.00000,0.07000,3.00000,3.00000,0.00000,0.01662,0.14620,-261.80025,-283.82156,0.01635,2844.00000,2385.00000,6.27600
1200.00000,0.07000,4.00000,3.00000,0.00000,0.01662,0.14620,-261.80025,-283.82156,0.01635,2844.00000,2750.00000,3.70317
1200.00000,0.07000,5.00000,2.00000,0.00000,0.01662,0.14620,-261.80025,-283.82156,0.01635,2844.00000,2348.00000,0.16093
1200.00000,0.07000,6.00000,3.00000,0.00000,0.03477,0.14620,-261.80025,-288.88861,0.03360,2844.00000,3850.00000,0.09153
