"Omega","Tolerance","Step Size Rule","Iterations","Converged?","Gap LR","Gap Naive","Obj. Naive","Obj. LR","Gap","Time Naive","Time LR","Final Lambda"
100.00000,0.01000,1.00000,10.00000,0.00000,0.00616,0.00000,-278.53877,-280.25590,0.00616,16.00000,167.00000,5.32282
100.00000,0.01000,2.00000,10.00000,0.00000,0.00126,0.00000,-278.53877,-278.89090,0.00126,16.00000,118.00000,2.59403
100.00000,0.01000,3.00000,10.00000,0.00000,0.00651,0.00000,-278.53877,-280.35280,0.00651,16.00000,139.00000,5.43242
100.00000,0.01000,4.00000,10.00000,0.00000,0.00657,0.00000,-278.53877,-280.36738,0.00657,16.00000,146.00000,5.44772
100.00000,0.01000,5.00000,10.00000,0.00000,0.00665,0.00000,-278.53877,-280.39090,0.00665,16.00000,61.00000,0.11691
100.00000,0.01000,6.00000,4.00000,2.00000,0.00000,0.00000,-278.53877,-278.53877,0.00000,16.00000,74.00000,3.55649
