"Omega","Tolerance","Step Size Rule","Iterations","Converged?","Gap LR","Gap Naive","Obj. Naive","Obj. LR","Gap","Time Naive","Time LR","Final Lambda","LB Heuristic"
900.00000,0.03000,1.00000,3.00000,0.00000,0.04731,0.10209,247.87704,255.82011,0.03105,4219.00000,2424.00000,12.79320,244.26490
900.00000,0.03000,2.00000,2.00000,0.00000,0.04524,0.10209,247.87704,255.31424,0.02913,4219.00000,4212.00000,0.17906,244.26490
900.00000,0.03000,3.00000,2.00000,0.00000,0.04731,0.10209,247.87704,255.82011,0.03105,4219.00000,2598.00000,5.48370,244.26490
900.00000,0.03000,4.00000,2.00000,0.00000,0.03663,0.10209,247.87704,253.21309,0.02107,4219.00000,4207.00000,0.24016,244.26490
900.00000,0.03000,5.00000,4.00000,0.00000,0.04731,0.10209,247.87704,255.82011,0.03105,4219.00000,2413.00000,0.07985,244.26490
900.00000,0.03000,6.00000,3.00000,0.00000,0.04731,0.10209,247.87704,255.82011,0.03105,4219.00000,4275.00000,0.00000,244.26490
