"Omega","Tolerance","Step Size Rule","Iterations","Converged?","Gap LR","Gap Naive","Obj. Naive","Obj. LR","Gap","Time Naive","Time LR","Final Lambda"
900.00000,0.03000,1.00000,1.00000,0.00000,0.04731,0.13309,-239.87473,-255.82011,0.06647,2881.00000,2904.00000,0.10320
900.00000,0.03000,2.00000,1.00000,0.00000,0.04731,0.13309,-239.87473,-255.82011,0.06647,2881.00000,2909.00000,0.30925
900.00000,0.03000,3.00000,1.00000,0.00000,0.04731,0.13309,-239.87473,-255.82011,0.06647,2881.00000,2905.00000,0.24570
900.00000,0.03000,4.00000,1.00000,0.00000,0.04731,0.13309,-239.87473,-255.82011,0.06647,2881.00000,2907.00000,0.29320
900.00000,0.03000,5.00000,1.00000,0.00000,0.04731,0.13309,-239.87473,-255.82011,0.06647,2881.00000,2913.00000,0.07241
900.00000,0.03000,6.00000,1.00000,0.00000,0.04731,0.13309,-239.87473,-255.82011,0.06647,2881.00000,2862.00000,0.00000
