"Omega","Tolerance","Step Size Rule","Iterations","Converged?","Gap LR","Gap Naive","Obj. Naive","Obj. LR","Gap","Time Naive","Time LR","Final Lambda"
900.00000,0.03000,1.00000,2.00000,0.00000,0.02456,0.13404,-239.87473,-250.26427,0.02397,2946.00000,2642.00000,13.09500
900.00000,0.03000,2.00000,1.00000,0.00000,0.02456,0.13404,-239.87473,-250.26427,0.02397,2946.00000,2267.00000,0.33264
900.00000,0.03000,3.00000,1.00000,0.00000,0.02456,0.13404,-239.87473,-250.26427,0.02397,2946.00000,2255.00000,0.18570
900.00000,0.03000,4.00000,1.00000,0.00000,0.02456,0.13404,-239.87473,-250.26427,0.02397,2946.00000,2270.00000,0.25320
900.00000,0.03000,5.00000,1.00000,0.00000,0.02456,0.13404,-239.87473,-250.26427,0.02397,2946.00000,2264.00000,0.16598
900.00000,0.03000,6.00000,1.00000,0.00000,0.02456,0.13404,-239.87473,-250.26427,0.02397,2946.00000,2256.00000,0.00000
