"Omega","Tolerance","Step Size Rule","Iterations","Converged?","Gap LR","Gap Naive","Obj. Naive","Obj. LR","Gap","Time Naive","Time LR","Final Lambda","LB Heuristic"
900.00000,0.03000,1.00000,2.00000,0.00000,0.04731,0.13318,239.87473,255.82011,0.04517,4388.00000,2470.00000,13.19820,244.26490
900.00000,0.03000,2.00000,2.00000,0.00000,0.03155,0.13318,239.87473,251.97110,0.03058,4388.00000,4213.00000,0.24403,244.26490
900.00000,0.03000,3.00000,2.00000,0.00000,0.04731,0.13318,239.87473,255.82011,0.04517,4388.00000,3418.00000,5.48370,244.26490
900.00000,0.03000,4.00000,2.00000,0.00000,0.02691,0.13318,239.87473,250.83827,0.02621,4388.00000,4216.00000,0.21542,244.26490
900.00000,0.03000,5.00000,2.00000,0.00000,0.04731,0.13318,239.87473,255.82011,0.04517,4388.00000,2533.00000,0.07584,244.26490
900.00000,0.03000,6.00000,3.00000,0.00000,0.04731,0.13318,239.87473,255.82011,0.04517,4388.00000,4329.00000,0.00000,244.26490
