"Omega","Tolerance","Step Size Rule","Iterations","Converged?","Gap LR","Gap Naive","Obj. Naive","Obj. LR","Gap","Time Naive","Time LR","Final Lambda","LB Heuristic"
600.00000,0.01000,1.00000,2.00000,0.00000,0.02309,0.01263,252.88388,254.12329,0.00488,4243.00000,4212.00000,1.10564,248.38913
600.00000,0.01000,2.00000,2.00000,0.00000,0.01923,0.01263,252.88388,253.16574,0.00111,4243.00000,4113.00000,0.20564,248.38913
600.00000,0.01000,3.00000,2.00000,0.00000,0.02384,0.01263,252.88388,254.31079,0.00561,4243.00000,3936.00000,1.18814,248.38913
600.00000,0.01000,4.00000,2.00000,0.00000,0.02409,0.01263,252.88388,254.37329,0.00586,4243.00000,4212.00000,1.21297,248.38913
600.00000,0.01000,5.00000,4.00000,0.00000,0.02460,0.01263,252.88388,254.49829,0.00634,4243.00000,2417.00000,0.06659,248.38913
600.00000,0.01000,6.00000,3.00000,0.00000,0.01838,0.01263,252.88388,252.95455,0.00028,4243.00000,3666.00000,0.00000,248.38913
