"Omega","Tolerance","Step Size Rule","Iterations","Converged?","Gap LR","Gap Naive","Obj. Naive","Obj. LR","Gap","Time Naive","Time LR","Final Lambda","LB Heuristic"
600.00000,0.01000,1.00000,2.00000,0.00000,0.02256,0.00098,252.88388,254.12329,0.00488,3375.00000,3670.00000,1.10564,248.38913
600.00000,0.01000,2.00000,2.00000,0.00000,0.01887,0.00098,252.88388,253.16574,0.00111,3375.00000,3750.00000,0.20564,248.38913
600.00000,0.01000,3.00000,2.00000,0.00000,0.02329,0.00098,252.88388,254.31079,0.00561,3375.00000,2920.00000,1.18814,248.38913
600.00000,0.01000,4.00000,2.00000,0.00000,0.02353,0.00098,252.88388,254.37329,0.00586,3375.00000,3233.00000,1.21297,248.38913
600.00000,0.01000,5.00000,10.00000,0.00000,0.02400,0.00098,252.88388,254.49829,0.00634,3375.00000,2511.00000,0.07513,248.38913
600.00000,0.01000,6.00000,3.00000,0.00000,0.01805,0.00098,252.88388,252.95455,0.00028,3375.00000,3652.00000,0.00000,248.38913
