"Omega","Tolerance","Step Size Rule","Iterations","Converged?","Gap LR","Gap Naive","Obj. Naive","Obj. LR","Gap","Time Naive","Time LR","Final Lambda"
600.00000,0.01000,1.00000,2.00000,0.00000,0.02309,0.04523,-252.88388,-254.12329,0.00490,2840.00000,4725.00000,1.10564
600.00000,0.01000,2.00000,2.00000,0.00000,0.01483,0.04523,-252.88388,-252.07177,-0.00321,2840.00000,4853.00000,0.58064
600.00000,0.01000,3.00000,2.00000,0.00000,0.02384,0.04523,-252.88388,-254.31079,0.00564,2840.00000,4591.00000,1.18814
600.00000,0.01000,4.00000,2.00000,0.00000,0.02409,0.04523,-252.88388,-254.37329,0.00589,2840.00000,3139.00000,1.21297
600.00000,0.01000,5.00000,10.00000,0.00000,0.02460,0.04523,-252.88388,-254.49829,0.00638,2840.00000,399.00000,0.07513
600.00000,0.01000,6.00000,7.00000,0.00000,0.01838,0.04523,-252.88388,-252.95455,0.00028,2840.00000,4607.00000,0.72001
