"Omega","Tolerance","Step Size Rule","Iterations","Converged?","Gap LR","Gap Naive","Obj. Naive","Obj. LR","Gap","Time Naive","Time LR","Final Lambda"
600.00000,0.01000,1.00000,3.00000,0.00000,0.02158,0.00000,-252.88388,-253.74829,0.00341,1875.00000,3402.00000,1.03064
600.00000,0.01000,2.00000,2.00000,0.00000,0.01923,0.00000,-252.88388,-253.16574,0.00111,1875.00000,3083.00000,0.20564
600.00000,0.01000,3.00000,3.00000,0.00000,0.02324,0.00000,-252.88388,-254.16079,0.00502,1875.00000,2474.00000,1.16314
600.00000,0.01000,4.00000,3.00000,0.00000,0.02374,0.00000,-252.88388,-254.28490,0.00551,1875.00000,2642.00000,1.19853
600.00000,0.01000,5.00000,10.00000,0.00000,0.02460,0.00000,-252.88388,-254.49829,0.00634,1875.00000,1253.00000,0.07513
600.00000,0.01000,6.00000,3.00000,0.00000,0.01838,0.00000,-252.88388,-252.95455,0.00028,1875.00000,2943.00000,0.00000
