"Omega","Tolerance","Step Size Rule","Iterations","Converged?","Gap LR","Gap Naive","Obj. Naive","Obj. LR","Gap","Time Naive","Time LR","Final Lambda","LB Heuristic"
600.00000,0.01000,1.00000,2.00000,0.00000,0.02309,0.00000,252.88388,254.12329,0.00488,2897.00000,3544.00000,1.10564,248.38913
600.00000,0.01000,2.00000,2.00000,0.00000,0.01923,0.00000,252.88388,253.16574,0.00111,2897.00000,3365.00000,0.20564,248.38913
600.00000,0.01000,3.00000,2.00000,0.00000,0.02384,0.00000,252.88388,254.31079,0.00561,2897.00000,2726.00000,1.18814,248.38913
600.00000,0.01000,4.00000,2.00000,0.00000,0.02409,0.00000,252.88388,254.37329,0.00586,2897.00000,2990.00000,1.21297,248.38913
600.00000,0.01000,5.00000,10.00000,0.00000,0.02460,0.00000,252.88388,254.49829,0.00634,2897.00000,2162.00000,0.07513,248.38913
600.00000,0.01000,6.00000,3.00000,0.00000,0.01838,0.00000,252.88388,252.95455,0.00028,2897.00000,3588.00000,0.00000,248.38913
