"Omega","Tolerance","Step Size Rule","Iterations","Converged?","Gap LR","Gap Naive","Obj. Naive","Obj. LR","Gap","Time Naive","Time LR","Final Lambda","LB Heuristic"
600.00000,0.01000,1.00000,2.00000,0.00000,0.02256,0.00098,252.88388,254.12329,0.00488,3557.00000,3487.00000,1.10564,248.38913
600.00000,0.01000,2.00000,2.00000,0.00000,0.01887,0.00098,252.88388,253.16574,0.00111,3557.00000,3732.00000,0.20564,248.38913
600.00000,0.01000,3.00000,2.00000,0.00000,0.02329,0.00098,252.88388,254.31079,0.00561,3557.00000,2860.00000,1.18814,248.38913
600.00000,0.01000,4.00000,2.00000,0.00000,0.02353,0.00098,252.88388,254.37329,0.00586,3557.00000,3263.00000,1.21297,248.38913
600.00000,0.01000,5.00000,10.00000,0.00000,0.02400,0.00098,252.88388,254.49829,0.00634,3557.00000,2453.00000,0.07513,248.38913
600.00000,0.01000,6.00000,3.00000,0.00000,0.01805,0.00098,252.88388,252.95455,0.00028,3557.00000,3615.00000,0.00000,248.38913
