"Omega","Tolerance","Step Size Rule","Iterations","Converged?","Gap LR","Gap Naive","Obj. Naive","Obj. LR","Gap","Time Naive","Time LR","Final Lambda","LB Heuristic"
600.00000,0.05000,1.00000,3.00000,0.00000,0.09531,0.12095,249.40190,274.50696,0.08701,4223.00000,2405.00000,8.10266,250.62119
600.00000,0.05000,2.00000,2.00000,0.00000,0.08932,0.12095,249.40190,273.00696,0.08200,4223.00000,4208.00000,0.45793,250.62119
600.00000,0.05000,3.00000,2.00000,0.00000,0.09531,0.12095,249.40190,274.50696,0.08701,4223.00000,2454.00000,4.54766,250.62119
600.00000,0.05000,4.00000,2.00000,0.00000,0.09531,0.12095,249.40190,274.50696,0.08701,4223.00000,2529.00000,3.20013,250.62119
600.00000,0.05000,5.00000,2.00000,0.00000,0.07137,0.12095,249.40190,268.50696,0.06661,4223.00000,4205.00000,0.46845,250.62119
600.00000,0.05000,6.00000,2.00000,0.00000,0.06156,0.12095,249.40190,266.04962,0.05799,4223.00000,4203.00000,0.00000,250.62119
