"Omega","Tolerance","Step Size Rule","Iterations","Converged?","Gap LR","Gap Naive","Obj. Naive","Obj. LR","Gap","Time Naive","Time LR","Final Lambda","LB Heuristic"
600.00000,0.05000,1.00000,3.00000,0.00000,0.09531,0.13925,244.50014,274.50696,0.08701,4288.00000,2611.00000,8.10266,250.62119
600.00000,0.05000,2.00000,3.00000,0.00000,0.04999,0.13925,244.50014,263.15032,0.04761,4288.00000,2553.00000,0.29126,250.62119
600.00000,0.05000,3.00000,2.00000,0.00000,0.04999,0.13925,244.50014,263.15032,0.04761,4288.00000,2586.00000,3.80516,250.62119
600.00000,0.05000,4.00000,3.00000,0.00000,0.04999,0.13925,244.50014,263.15032,0.04761,4288.00000,3158.00000,2.33920,250.62119
600.00000,0.05000,5.00000,3.00000,0.00000,0.04999,0.13925,244.50014,263.15032,0.04761,4288.00000,2412.00000,0.00877,250.62119
600.00000,0.05000,6.00000,3.00000,0.00000,0.04999,0.13925,244.50014,263.15032,0.04761,4288.00000,4293.00000,0.01359,250.62119
