"Omega","Tolerance","Step Size Rule","Iterations","Converged?","Gap LR","Gap Naive","Obj. Naive","Obj. LR","Gap","Time Naive","Time LR","Final Lambda"
600.00000,0.05000,1.00000,3.00000,0.00000,0.04336,0.13913,-244.50014,-261.48842,260.52998,4287.00000,2743.00000,8.14766
600.00000,0.05000,2.00000,2.00000,0.00000,0.04336,0.13913,-244.50014,-261.48842,260.52998,4287.00000,2414.00000,0.39974
600.00000,0.05000,3.00000,3.00000,0.00000,0.04336,0.13913,-244.50014,-261.48842,260.52998,4287.00000,3535.00000,3.52516
600.00000,0.05000,4.00000,2.00000,0.00000,0.04336,0.13913,-244.50014,-261.48842,260.52998,4287.00000,2441.00000,2.33292
600.00000,0.05000,5.00000,3.00000,0.00000,0.04336,0.13913,-244.50014,-261.48842,260.52998,4287.00000,2430.00000,0.23921
600.00000,0.05000,6.00000,3.00000,0.00000,0.04999,0.13913,-244.50014,-263.15032,262.19793,4287.00000,4331.00000,0.01359
