"Omega","Tolerance","Step Size Rule","Iterations","Converged?","Gap LR","Gap Naive","Obj. Naive","Obj. LR","Gap","Time Naive","Time LR","Final Lambda","LB Heuristic"
600.00000,0.05000,1.00000,3.00000,0.00000,0.04336,0.13913,244.50014,261.48842,0.04156,4273.00000,2701.00000,8.14766,250.62119
600.00000,0.05000,2.00000,2.00000,0.00000,0.04336,0.13913,244.50014,261.48842,0.04156,4273.00000,2409.00000,0.39974,250.62119
600.00000,0.05000,3.00000,3.00000,0.00000,0.04336,0.13913,244.50014,261.48842,0.04156,4273.00000,3558.00000,3.52516,250.62119
600.00000,0.05000,4.00000,2.00000,0.00000,0.04336,0.13913,244.50014,261.48842,0.04156,4273.00000,2440.00000,2.33292,250.62119
600.00000,0.05000,5.00000,3.00000,0.00000,0.04336,0.13913,244.50014,261.48842,0.04156,4273.00000,2426.00000,0.23921,250.62119
600.00000,0.05000,6.00000,3.00000,0.00000,0.04999,0.13913,244.50014,263.15032,0.04761,4273.00000,4322.00000,0.01359,250.62119
