"Omega","Tolerance","Step Size Rule","Iterations","Converged?","Gap LR","Gap Naive","Obj. Naive","Obj. LR","Gap","Time Naive","Time LR","Final Lambda","LB Heuristic"
600.00000,0.05000,1.00000,3.00000,0.00000,0.04999,0.12187,249.40190,263.15032,0.04761,4244.00000,2581.00000,8.41766,250.62119
600.00000,0.05000,2.00000,3.00000,0.00000,0.04999,0.12187,249.40190,263.15032,0.04761,4244.00000,2460.00000,0.29126,250.62119
600.00000,0.05000,3.00000,2.00000,0.00000,0.04999,0.12187,249.40190,263.15032,0.04761,4244.00000,2555.00000,3.80516,250.62119
600.00000,0.05000,4.00000,3.00000,0.00000,0.04999,0.12187,249.40190,263.15032,0.04761,4244.00000,3220.00000,2.33920,250.62119
600.00000,0.05000,5.00000,4.00000,0.00000,0.04999,0.12187,249.40190,263.15032,0.04761,4244.00000,2534.00000,0.01140,250.62119
600.00000,0.05000,6.00000,3.00000,0.00000,0.04999,0.12187,249.40190,263.15032,0.04761,4244.00000,4317.00000,0.01359,250.62119
