"Omega","Tolerance","Step Size Rule","Iterations","Converged?","Gap LR","Gap Naive","Obj. Naive","Obj. LR","Gap","Time Naive","Time LR","Final Lambda"
600.00000,0.05000,1.00000,1.00000,0.00000,0.04999,0.13913,-244.50014,-263.15032,0.07628,2852.00000,2855.00000,0.31766
600.00000,0.05000,2.00000,1.00000,0.00000,0.04999,0.13913,-244.50014,-263.15032,0.07628,2852.00000,2857.00000,0.28600
600.00000,0.05000,3.00000,1.00000,0.00000,0.04999,0.13913,-244.50014,-263.15032,0.07628,2852.00000,2856.00000,0.38516
600.00000,0.05000,4.00000,1.00000,0.00000,0.04999,0.13913,-244.50014,-263.15032,0.07628,2852.00000,2857.00000,0.40766
600.00000,0.05000,5.00000,1.00000,0.00000,0.04999,0.13913,-244.50014,-263.15032,0.07628,2852.00000,2855.00000,0.00000
600.00000,0.05000,6.00000,1.00000,0.00000,0.04999,0.13913,-244.50014,-263.15032,0.07628,2852.00000,2847.00000,0.00000
