"Omega","Tolerance","Step Size Rule","Iterations","Converged?","Gap LR","Gap Naive","Obj. Naive","Obj. LR","Gap","Time Naive","Time LR","Final Lambda"
600.00000,0.05000,1.00000,2.00000,0.00000,0.04336,0.13913,-244.50014,-261.48842,0.04156,2858.00000,2354.00000,8.59766
600.00000,0.05000,2.00000,2.00000,0.00000,0.04336,0.13913,-244.50014,-261.48842,0.04156,2858.00000,2468.00000,0.39974
600.00000,0.05000,3.00000,2.00000,0.00000,0.04336,0.13913,-244.50014,-261.48842,0.04156,2858.00000,2368.00000,3.67016
600.00000,0.05000,4.00000,2.00000,0.00000,0.04336,0.13913,-244.50014,-261.48842,0.04156,2858.00000,2476.00000,2.33292
600.00000,0.05000,5.00000,2.00000,0.00000,0.04336,0.13913,-244.50014,-261.48842,0.04156,2858.00000,2458.00000,0.23570
600.00000,0.05000,6.00000,2.00000,0.00000,0.04336,0.13913,-244.50014,-261.48842,0.04156,2858.00000,2358.00000,0.98913
