"Omega","Tolerance","Step Size Rule","Iterations","Converged?","Gap LR","Gap Naive","Obj. Naive","Obj. LR","Gap","Time Naive","Time LR","Final Lambda","LB Heuristic"
600.00000,0.05000,1.00000,4.00000,0.00000,0.09531,0.12187,249.40190,274.50696,0.08701,4227.00000,2517.00000,7.65266,250.62119
600.00000,0.05000,2.00000,2.00000,0.00000,0.08932,0.12187,249.40190,273.00696,0.08200,4227.00000,4209.00000,0.45793,250.62119
600.00000,0.05000,3.00000,2.00000,0.00000,0.09531,0.12187,249.40190,274.50696,0.08701,4227.00000,2408.00000,4.54766,250.62119
600.00000,0.05000,4.00000,2.00000,0.00000,0.09531,0.12187,249.40190,274.50696,0.08701,4227.00000,2639.00000,3.20013,250.62119
600.00000,0.05000,5.00000,2.00000,0.00000,0.05037,0.12187,249.40190,263.24505,0.04795,4227.00000,4207.00000,0.12985,250.62119
600.00000,0.05000,6.00000,2.00000,0.00000,0.05433,0.12187,249.40190,264.23656,0.05153,4227.00000,4206.00000,0.00000,250.62119
