"Omega","Tolerance","Step Size Rule","Iterations","Converged?","Gap LR","Gap Naive","Obj. Naive","Obj. LR","Gap","Time Naive","Time LR","Final Lambda","LB Heuristic"
900.00000,0.03000,1.00000,1.00000,1.00000,0.00000,0.10100,248.73009,247.74590,-0.00397,4246.00000,2104.00000,0.36772,247.74590
900.00000,0.03000,2.00000,2.00000,0.00000,0.02729,0.10100,248.73009,254.50646,0.02270,4246.00000,4209.00000,0.22130,247.74590
900.00000,0.03000,3.00000,3.00000,0.00000,0.03247,0.10100,248.73009,255.78922,0.02760,4246.00000,2707.00000,5.29072,247.74590
900.00000,0.03000,4.00000,3.00000,0.00000,0.03247,0.10100,248.73009,255.78922,0.02760,4246.00000,2843.00000,3.25919,247.74590
900.00000,0.03000,5.00000,3.00000,0.00000,0.03247,0.10100,248.73009,255.78922,0.02760,4246.00000,2429.00000,0.12345,247.74590
900.00000,0.03000,6.00000,3.00000,0.00000,0.03247,0.10100,248.73009,255.78922,0.02760,4246.00000,4361.00000,0.00000,247.74590
