"Omega","Tolerance","Step Size Rule","Iterations","Converged?","Gap LR","Gap Naive","Obj. Naive","Obj. LR","Gap","Time Naive","Time LR","Final Lambda"
900.00000,0.03000,1.00000,1.00000,0.00000,0.02970,0.13268,-240.56914,-255.10419,0.06042,2898.00000,2903.00000,0.03772
900.00000,0.03000,2.00000,1.00000,0.00000,0.02970,0.13268,-240.56914,-255.10419,0.06042,2898.00000,2897.00000,0.29954
900.00000,0.03000,3.00000,1.00000,0.00000,0.02970,0.13268,-240.56914,-255.10419,0.06042,2898.00000,2902.00000,0.20272
900.00000,0.03000,4.00000,1.00000,0.00000,0.02970,0.13268,-240.56914,-255.10419,0.06042,2898.00000,2907.00000,0.25772
900.00000,0.03000,5.00000,1.00000,0.00000,0.02970,0.13268,-240.56914,-255.10419,0.06042,2898.00000,2910.00000,0.09500
900.00000,0.03000,6.00000,1.00000,0.00000,0.02970,0.13268,-240.56914,-255.10419,0.06042,2898.00000,2835.00000,0.00000
