"Omega","Tolerance","Step Size Rule","Iterations","Converged?","Gap LR","Gap Naive","Obj. Naive","Obj. LR","Gap","Time Naive","Time LR","Final Lambda"
900.00000,0.03000,1.00000,2.00000,0.00000,0.01111,0.13302,-240.56914,-250.49769,0.01099,2954.00000,2646.00000,13.09500
900.00000,0.03000,2.00000,1.00000,0.00000,0.01111,0.13302,-240.56914,-250.49769,0.01099,2954.00000,2259.00000,0.31217
900.00000,0.03000,3.00000,2.00000,0.00000,0.01111,0.13302,-240.56914,-250.49769,0.01099,2954.00000,2878.00000,5.40322
900.00000,0.03000,4.00000,1.00000,0.00000,0.01111,0.13302,-240.56914,-250.49769,0.01099,2954.00000,2255.00000,0.23272
900.00000,0.03000,5.00000,1.00000,0.00000,0.01111,0.13302,-240.56914,-250.49769,0.01099,2954.00000,2255.00000,0.14550
900.00000,0.03000,6.00000,2.00000,0.00000,0.01111,0.13302,-240.56914,-250.49769,0.01099,2954.00000,2562.00000,0.45431
