"Omega","Tolerance","Step Size Rule","Iterations","Converged?","Gap LR","Gap Naive","Obj. Naive","Obj. LR","Gap","Time Naive","Time LR","Final Lambda","LB Heuristic"
100.00000,0.05000,1.00000,10.00000,0.00000,0.03404,0.00035,282.69468,292.65550,0.03404,345.00000,837.00000,3.65518,282.69468
100.00000,0.05000,2.00000,10.00000,0.00000,0.02289,0.00035,282.69468,289.31761,0.02289,345.00000,993.00000,2.53729,282.69468
100.00000,0.05000,3.00000,10.00000,0.00000,0.02933,0.00035,282.69468,291.23596,0.02933,345.00000,857.00000,3.35107,282.69468
100.00000,0.05000,4.00000,10.00000,0.00000,0.02680,0.00035,282.69468,290.47912,0.02680,345.00000,897.00000,3.16476,282.69468
100.00000,0.05000,5.00000,10.00000,0.00000,0.02296,0.00035,282.69468,289.33866,0.02296,345.00000,556.00000,2.56438,282.69468
100.00000,0.05000,6.00000,10.00000,0.00000,0.02366,0.00035,282.69468,289.54455,0.02366,345.00000,173.00000,2.61636,282.69468
