"Omega","Tolerance","Step Size Rule","Iterations","Converged?","Gap LR","Gap Naive","Obj. Naive","Obj. LR","Gap","Time Naive","Time LR","Final Lambda"
900.00000,0.01000,1.00000,2.00000,0.00000,0.02628,0.09191,-240.71468,-247.16682,0.02560,2931.00000,4449.00000,0.58626
900.00000,0.01000,2.00000,2.00000,0.00000,0.02509,0.09191,-240.71468,-246.88182,0.02448,2931.00000,4422.00000,0.52293
900.00000,0.01000,3.00000,2.00000,0.00000,0.02880,0.09191,-240.71468,-247.77432,0.02799,2931.00000,4420.00000,0.73476
900.00000,0.01000,4.00000,2.00000,0.00000,0.03274,0.09191,-240.71468,-248.72468,0.03171,2931.00000,4417.00000,0.80919
900.00000,0.01000,5.00000,2.00000,0.00000,0.03274,0.09191,-240.71468,-248.72468,0.03171,2931.00000,2540.00000,0.10963
900.00000,0.01000,6.00000,2.00000,0.00000,0.03321,0.09191,-240.71468,-248.83568,0.03214,2931.00000,2317.00000,0.57563
