"Omega","Tolerance","Step Size Rule","Iterations","Converged?","Gap LR","Gap Naive","Obj. Naive","Obj. LR","Gap","Time Naive","Time LR","Final Lambda","LB Heuristic"
900.00000,0.01000,1.00000,2.00000,0.00000,0.04191,0.05236,249.15011,250.93226,0.00710,4243.00000,4206.00000,0.73626,240.83862
900.00000,0.01000,2.00000,2.00000,0.00000,0.03584,0.05236,249.15011,249.46922,0.00128,4243.00000,4207.00000,0.00000,240.83862
900.00000,0.01000,3.00000,2.00000,0.00000,0.04119,0.05236,249.15011,250.75987,0.00642,4243.00000,4206.00000,0.79026,240.83862
900.00000,0.01000,4.00000,2.00000,0.00000,0.04189,0.05236,249.15011,250.92748,0.00708,4243.00000,4206.00000,0.82212,240.83862
900.00000,0.01000,5.00000,8.00000,0.00000,0.04290,0.05236,249.15011,251.16972,0.00804,4243.00000,2423.00000,0.01157,240.83862
900.00000,0.01000,6.00000,3.00000,0.00000,0.03617,0.05236,249.15011,249.54908,0.00160,4243.00000,4260.00000,0.00000,240.83862
