"Omega","Tolerance","Step Size Rule","Iterations","Converged?","Gap LR","Gap Naive","Obj. Naive","Obj. LR","Gap","Time Naive","Time LR","Final Lambda"
900.00000,0.01000,1.00000,1.00000,0.00000,0.04382,0.05870,-248.15847,-251.39273,0.01303,2886.00000,2895.00000,0.78126
900.00000,0.01000,2.00000,1.00000,0.00000,0.04382,0.05870,-248.15847,-251.39273,0.01303,2886.00000,2894.00000,0.55626
900.00000,0.01000,3.00000,1.00000,0.00000,0.04382,0.05870,-248.15847,-251.39273,0.01303,2886.00000,2898.00000,0.81876
900.00000,0.01000,4.00000,1.00000,0.00000,0.04382,0.05870,-248.15847,-251.39273,0.01303,2886.00000,2891.00000,0.83126
900.00000,0.01000,5.00000,1.00000,0.00000,0.04382,0.05870,-248.15847,-251.39273,0.01303,2886.00000,2892.00000,0.00000
900.00000,0.01000,6.00000,1.00000,0.00000,0.04382,0.05870,-248.15847,-251.39273,0.01303,2886.00000,2891.00000,0.00000
