"Omega","Tolerance","Step Size Rule","Iterations","Converged?","Gap LR","Gap Naive","Obj. Naive","Obj. LR","Gap","Time Naive","Time LR","Final Lambda"
900.00000,0.01000,1.00000,2.00000,0.00000,0.02628,0.08693,-240.71468,-247.16682,246.19242,4330.00000,4228.00000,0.58626
900.00000,0.01000,2.00000,2.00000,1.00000,0.00000,0.08693,-240.71468,-240.83862,239.83862,4330.00000,4223.00000,0.68959
900.00000,0.01000,3.00000,2.00000,0.00000,0.02880,0.08693,-240.71468,-247.77432,246.80231,4330.00000,4226.00000,0.73476
900.00000,0.01000,4.00000,2.00000,0.00000,0.03132,0.08693,-240.71468,-248.38182,247.41219,4330.00000,4222.00000,0.80065
900.00000,0.01000,5.00000,2.00000,0.00000,0.03132,0.08693,-240.71468,-248.38182,247.41219,4330.00000,2454.00000,0.19296
900.00000,0.01000,6.00000,3.00000,0.00000,0.03668,0.08693,-240.71468,-249.67325,248.70864,4330.00000,4367.00000,0.00000
