"Omega","Tolerance","Step Size Rule","Iterations","Converged?","Gap LR","Gap Naive","Obj. Naive","Obj. LR","Gap","Time Naive","Time LR","Final Lambda","LB Heuristic"
900.00000,0.01000,1.00000,2.00000,0.00000,0.03804,0.04348,252.16865,253.07977,0.00360,4275.00000,4212.00000,0.74685,243.80646
900.00000,0.01000,2.00000,2.00000,0.00000,0.03804,0.04348,252.16865,253.07977,0.00360,4275.00000,4214.00000,0.24853,243.80646
900.00000,0.01000,3.00000,2.00000,0.00000,0.03294,0.04348,252.16865,251.83784,-0.00131,4275.00000,4222.00000,0.70035,243.80646
900.00000,0.01000,4.00000,2.00000,0.00000,0.03187,0.04348,252.16865,251.57538,-0.00236,4275.00000,4211.00000,0.71417,243.80646
900.00000,0.01000,5.00000,8.00000,0.00000,0.03804,0.04348,252.16865,253.07977,0.00360,4275.00000,2418.00000,0.01157,243.80646
900.00000,0.01000,6.00000,3.00000,0.00000,0.03776,0.04348,252.16865,253.01137,0.00333,4275.00000,4290.00000,2.87337,243.80646
