"Omega","Tolerance","Step Size Rule","Iterations","Converged?","Gap LR","Gap Naive","Obj. Naive","Obj. LR","Gap","Time Naive","Time LR","Final Lambda"
900.00000,0.01000,1.00000,2.00000,0.00000,0.01819,0.09205,-242.73486,-248.24150,0.01787,2946.00000,4480.00000,0.47685
900.00000,0.01000,2.00000,2.00000,0.00000,0.01702,0.09205,-242.73486,-247.95650,0.01674,2946.00000,4465.00000,0.41352
900.00000,0.01000,3.00000,2.00000,0.00000,0.02068,0.09205,-242.73486,-248.84900,0.02026,2946.00000,4460.00000,0.62535
900.00000,0.01000,4.00000,2.00000,0.00000,0.03189,0.09205,-242.73486,-251.58074,0.03090,2946.00000,4394.00000,0.72978
900.00000,0.01000,5.00000,2.00000,0.00000,0.03477,0.09205,-242.73486,-252.28256,0.03360,2946.00000,2521.00000,0.00337
900.00000,0.01000,6.00000,2.00000,0.00000,0.03477,0.09205,-242.73486,-252.28256,0.03360,2946.00000,2339.00000,0.57214
