"Omega","Tolerance","Step Size Rule","Iterations","Converged?","Gap LR","Gap Naive","Obj. Naive","Obj. LR","Gap","Time Naive","Time LR","Final Lambda"
900.00000,0.01000,1.00000,1.00000,0.00000,0.03789,0.05679,-251.43686,-253.04452,0.00639,2910.00000,2898.00000,0.79185
900.00000,0.01000,2.00000,1.00000,0.00000,0.03789,0.05679,-251.43686,-253.04452,0.00639,2910.00000,2899.00000,1.24685
900.00000,0.01000,3.00000,1.00000,0.00000,0.03789,0.05679,-251.43686,-253.04452,0.00639,2910.00000,2905.00000,0.76935
900.00000,0.01000,4.00000,1.00000,0.00000,0.03789,0.05679,-251.43686,-253.04452,0.00639,2910.00000,2903.00000,0.76185
900.00000,0.01000,5.00000,1.00000,0.00000,0.03789,0.05679,-251.43686,-253.04452,0.00639,2910.00000,2904.00000,2.74685
900.00000,0.01000,6.00000,1.00000,0.00000,0.03789,0.05679,-251.43686,-253.04452,0.00639,2910.00000,2892.00000,6.90556
