"Omega","Tolerance","Step Size Rule","Iterations","Converged?","Gap LR","Gap Naive","Obj. Naive","Obj. LR","Gap","Time Naive","Time LR","Final Lambda","LB Heuristic"
600.00000,0.05000,1.00000,2.00000,0.00000,0.07730,0.13570,244.53939,261.21683,0.06385,4286.00000,2605.00000,8.92069,242.47449
600.00000,0.05000,2.00000,3.00000,0.00000,0.07730,0.13570,244.53939,261.21683,0.06385,4286.00000,2559.00000,0.15095,242.47449
600.00000,0.05000,3.00000,3.00000,0.00000,0.07730,0.13570,244.53939,261.21683,0.06385,4286.00000,3070.00000,3.68819,242.47449
600.00000,0.05000,4.00000,2.00000,0.00000,0.07730,0.13570,244.53939,261.21683,0.06385,4286.00000,4213.00000,2.43594,242.47449
600.00000,0.05000,5.00000,4.00000,0.00000,0.07730,0.13570,244.53939,261.21683,0.06385,4286.00000,2525.00000,0.01140,242.47449
600.00000,0.05000,6.00000,3.00000,0.00000,0.07730,0.13570,244.53939,261.21683,0.06385,4286.00000,4361.00000,0.00000,242.47449
