"Omega","Tolerance","Step Size Rule","Iterations","Converged?","Gap LR","Gap Naive","Obj. Naive","Obj. LR","Gap","Time Naive","Time LR","Final Lambda","LB Heuristic"
600.00000,0.05000,1.00000,1.00000,1.00000,0.00000,0.13570,244.53939,242.47449,-0.00852,4270.00000,2108.00000,0.44569,242.47449
600.00000,0.05000,2.00000,3.00000,0.00000,0.07730,0.13570,244.53939,261.21683,0.06385,4270.00000,2605.00000,0.15095,242.47449
600.00000,0.05000,3.00000,3.00000,0.00000,0.07730,0.13570,244.53939,261.21683,0.06385,4270.00000,3455.00000,3.68819,242.47449
600.00000,0.05000,4.00000,2.00000,0.00000,0.07730,0.13570,244.53939,261.21683,0.06385,4270.00000,4285.00000,0.39947,242.47449
600.00000,0.05000,5.00000,3.00000,0.00000,0.07730,0.13570,244.53939,261.21683,0.06385,4270.00000,2403.00000,0.00877,242.47449
600.00000,0.05000,6.00000,3.00000,0.00000,0.07730,0.13570,244.53939,261.21683,0.06385,4270.00000,4368.00000,0.00000,242.47449
