"Omega","Tolerance","Step Size Rule","Iterations","Converged?","Gap LR","Gap Naive","Obj. Naive","Obj. LR","Gap","Time Naive","Time LR","Final Lambda"
600.00000,0.05000,1.00000,2.00000,0.00000,0.05862,0.16345,-236.72289,-256.68950,0.05538,2863.00000,2398.00000,8.62069
600.00000,0.05000,2.00000,2.00000,0.00000,0.05862,0.16345,-236.72289,-256.68950,0.05538,2863.00000,2465.00000,0.38832
600.00000,0.05000,3.00000,2.00000,0.00000,0.05862,0.16345,-236.72289,-256.68950,0.05538,2863.00000,2437.00000,3.67819
600.00000,0.05000,4.00000,2.00000,0.00000,0.05862,0.16345,-236.72289,-256.68950,0.05538,2863.00000,3205.00000,2.33594
600.00000,0.05000,5.00000,2.00000,0.00000,0.05862,0.16345,-236.72289,-256.68950,0.05538,2863.00000,2501.00000,0.21095
600.00000,0.05000,6.00000,2.00000,0.00000,0.05862,0.16345,-236.72289,-256.68950,0.05538,2863.00000,2258.00000,1.00583
