"Omega","Tolerance","Step Size Rule","Iterations","Converged?","Gap LR","Gap Naive","Obj. Naive","Obj. LR","Gap","Time Naive","Time LR","Final Lambda"
600.00000,0.05000,1.00000,2.00000,0.00000,0.07730,0.13570,-244.53939,-261.21683,260.28068,4270.00000,2723.00000,8.92069
600.00000,0.05000,2.00000,2.00000,0.00000,0.07730,0.13570,-244.53939,-261.21683,260.28068,4270.00000,2419.00000,0.14832
600.00000,0.05000,3.00000,3.00000,0.00000,0.07730,0.13570,-244.53939,-261.21683,260.28068,4270.00000,3417.00000,3.68819
600.00000,0.05000,4.00000,2.00000,0.00000,0.07730,0.13570,-244.53939,-261.21683,260.28068,4270.00000,4269.00000,0.39947
600.00000,0.05000,5.00000,3.00000,0.00000,0.07730,0.13570,-244.53939,-261.21683,260.28068,4270.00000,2439.00000,0.00877
600.00000,0.05000,6.00000,3.00000,0.00000,0.07730,0.13570,-244.53939,-261.21683,260.28068,4270.00000,4357.00000,0.00000
