"Omega","Tolerance","Step Size Rule","Iterations","Converged?","Gap LR","Gap Naive","Obj. Naive","Obj. LR","Gap","Time Naive","Time LR","Final Lambda","LB Heuristic"
600.00000,0.05000,1.00000,4.00000,0.00000,0.07829,0.13117,245.17817,261.45877,0.06227,4230.00000,2678.00000,7.78069,242.47449
600.00000,0.05000,2.00000,4.00000,0.00000,0.07730,0.13117,245.17817,261.21683,0.06140,4230.00000,2403.00000,0.15358,242.47449
600.00000,0.05000,3.00000,3.00000,0.00000,0.07730,0.13117,245.17817,261.21683,0.06140,4230.00000,2680.00000,3.68819,242.47449
600.00000,0.05000,4.00000,3.00000,0.00000,0.07829,0.13117,245.17817,261.45877,0.06227,4230.00000,3195.00000,2.27800,242.47449
600.00000,0.05000,5.00000,5.00000,0.00000,0.09109,0.13117,245.17817,264.56056,0.07326,4230.00000,2430.00000,0.05920,242.47449
600.00000,0.05000,6.00000,3.00000,0.00000,0.09109,0.13117,245.17817,264.56056,0.07326,4230.00000,4276.00000,0.00000,242.47449
