"Omega","Tolerance","Step Size Rule","Iterations","Converged?","Gap LR","Gap Naive","Obj. Naive","Obj. LR","Gap","Time Naive","Time LR","Final Lambda","LB Heuristic"
600.00000,0.05000,1.00000,2.00000,0.00000,0.07730,0.13570,244.53939,261.21683,0.06385,4265.00000,2671.00000,8.92069,242.47449
600.00000,0.05000,2.00000,2.00000,0.00000,0.07730,0.13570,244.53939,261.21683,0.06385,4265.00000,2407.00000,0.14832,242.47449
600.00000,0.05000,3.00000,3.00000,0.00000,0.07730,0.13570,244.53939,261.21683,0.06385,4265.00000,3473.00000,3.68819,242.47449
600.00000,0.05000,4.00000,2.00000,0.00000,0.07730,0.13570,244.53939,261.21683,0.06385,4265.00000,4262.00000,0.39947,242.47449
600.00000,0.05000,5.00000,3.00000,0.00000,0.07730,0.13570,244.53939,261.21683,0.06385,4265.00000,2441.00000,0.00877,242.47449
600.00000,0.05000,6.00000,3.00000,0.00000,0.07730,0.13570,244.53939,261.21683,0.06385,4265.00000,4348.00000,0.00000,242.47449
