"Omega","Tolerance","Step Size Rule","Iterations","Converged?","Gap LR","Gap Naive","Obj. Naive","Obj. LR","Gap","Time Naive","Time LR","Final Lambda"
600.00000,0.05000,1.00000,1.00000,0.00000,0.08175,0.13570,-244.53939,-262.29631,0.07261,2852.00000,2842.00000,0.50569
600.00000,0.05000,2.00000,1.00000,0.00000,0.08175,0.13570,-244.53939,-262.29631,0.07261,2852.00000,2845.00000,0.82069
600.00000,0.05000,3.00000,1.00000,0.00000,0.08175,0.13570,-244.53939,-262.29631,0.07261,2852.00000,2845.00000,0.47569
600.00000,0.05000,4.00000,1.00000,0.00000,0.08175,0.13570,-244.53939,-262.29631,0.07261,2852.00000,2854.00000,0.46569
600.00000,0.05000,5.00000,1.00000,0.00000,0.08175,0.13570,-244.53939,-262.29631,0.07261,2852.00000,2849.00000,1.94569
600.00000,0.05000,6.00000,1.00000,0.00000,0.08175,0.13570,-244.53939,-262.29631,0.07261,2852.00000,2846.00000,10.35659
