"Omega","Tolerance","Step Size Rule","Iterations","Converged?","Gap LR","Gap Naive","Obj. Naive","Obj. LR","Gap","Time Naive","Time LR","Final Lambda","LB Heuristic"
600.00000,0.05000,1.00000,3.00000,0.00000,0.07730,0.13420,244.53939,261.21683,0.06385,4231.00000,2485.00000,8.47069,242.47449
600.00000,0.05000,2.00000,5.00000,0.00000,0.07730,0.13420,244.53939,261.21683,0.06385,4231.00000,2501.00000,0.15621,242.47449
600.00000,0.05000,3.00000,3.00000,0.00000,0.07730,0.13420,244.53939,261.21683,0.06385,4231.00000,2693.00000,3.68819,242.47449
600.00000,0.05000,4.00000,2.00000,0.00000,0.07730,0.13420,244.53939,261.21683,0.06385,4231.00000,4208.00000,2.43594,242.47449
600.00000,0.05000,5.00000,4.00000,0.00000,0.08493,0.13420,244.53939,263.06865,0.07044,4231.00000,2412.00000,0.01140,242.47449
600.00000,0.05000,6.00000,3.00000,0.00000,0.07730,0.13420,244.53939,261.21683,0.06385,4231.00000,4377.00000,0.00000,242.47449
