"Omega","Tolerance","Step Size Rule","Iterations","Converged?","Gap LR","Gap Naive","Obj. Naive","Obj. LR","Gap","Time Naive","Time LR","Final Lambda","LB Heuristic"
100.00000,0.07000,1.00000,10.00000,0.00000,0.04106,0.00000,284.90623,296.60345,0.03944,207.00000,524.00000,3.63063,284.90623
100.00000,0.07000,2.00000,10.00000,0.00000,0.03065,0.00000,284.90623,293.63957,0.02974,207.00000,525.00000,2.59079,284.90623
100.00000,0.07000,3.00000,10.00000,0.00000,0.03692,0.00000,284.90623,295.42390,0.03560,207.00000,418.00000,3.38651,284.90623
100.00000,0.07000,4.00000,10.00000,0.00000,0.03433,0.00000,284.90623,294.68706,0.03319,207.00000,316.00000,3.20521,284.90623
100.00000,0.07000,5.00000,10.00000,0.00000,0.03073,0.00000,284.90623,293.66108,0.02981,207.00000,163.00000,2.69669,284.90623
100.00000,0.07000,6.00000,10.00000,0.00000,0.03192,0.00000,284.90623,294.00051,0.03093,207.00000,78.00000,2.61360,284.90623
