"Omega","Tolerance","Step Size Rule","Iterations","Converged?","Gap LR","Gap Naive","Obj. Naive","Obj. LR","Gap","Time Naive","Time LR","Final Lambda","LB Heuristic"
100.00000,0.07000,1.00000,10.00000,0.00000,0.03944,0.00080,284.90623,296.60345,0.03944,530.00000,1041.00000,3.63063,284.90623
100.00000,0.07000,2.00000,10.00000,0.00000,0.02974,0.00080,284.90623,293.63957,0.02974,530.00000,1090.00000,2.59079,284.90623
100.00000,0.07000,3.00000,10.00000,0.00000,0.03560,0.00080,284.90623,295.42390,0.03560,530.00000,1102.00000,3.38651,284.90623
100.00000,0.07000,4.00000,10.00000,0.00000,0.03319,0.00080,284.90623,294.68706,0.03319,530.00000,845.00000,3.20521,284.90623
100.00000,0.07000,5.00000,10.00000,0.00000,0.02981,0.00080,284.90623,293.66108,0.02981,530.00000,263.00000,2.69669,284.90623
100.00000,0.07000,6.00000,10.00000,0.00000,0.03093,0.00080,284.90623,294.00051,0.03093,530.00000,243.00000,2.61360,284.90623
