"Omega","Tolerance","Step Size Rule","Iterations","Converged?","Gap LR","Gap Naive","Obj. Naive","Obj. LR","Gap","Time Naive","Time LR","Final Lambda"
600.00000,0.01000,1.00000,1.00000,1.00000,0.02739,0.03742,-250.80869,-249.41367,-0.00559,2881.00000,2174.00000,1.25835
600.00000,0.01000,2.00000,1.00000,1.00000,0.02739,0.03742,-250.80869,-249.41367,-0.00559,2881.00000,2171.00000,1.25835
600.00000,0.01000,3.00000,1.00000,1.00000,0.02739,0.03742,-250.80869,-249.41367,-0.00559,2881.00000,2171.00000,1.25835
600.00000,0.01000,4.00000,1.00000,1.00000,0.02739,0.03742,-250.80869,-249.41367,-0.00559,2881.00000,2176.00000,1.25835
600.00000,0.01000,5.00000,1.00000,1.00000,0.02739,0.03742,-250.80869,-249.41367,-0.00559,2881.00000,2171.00000,1.25835
600.00000,0.01000,6.00000,1.00000,1.00000,0.02739,0.03742,-250.80869,-249.41367,-0.00559,2881.00000,2167.00000,1.25835
