"Omega","Tolerance","Step Size Rule","Iterations","Converged?","Gap LR","Gap Naive","Obj. Naive","Obj. LR","Gap","Time Naive","Time LR","Final Lambda","LB Heuristic"
600.00000,0.01000,1.00000,2.00000,0.00000,0.03304,0.00000,250.80869,250.78688,-0.00009,1856.00000,4210.00000,1.21335,242.76500
600.00000,0.01000,2.00000,2.00000,0.00000,0.03384,0.00000,250.80869,250.98035,0.00068,1856.00000,2783.00000,2.50835,242.76500
600.00000,0.01000,3.00000,2.00000,0.00000,0.03304,0.00000,250.80869,250.78688,-0.00009,1856.00000,4208.00000,1.23885,242.76500
600.00000,0.01000,4.00000,2.00000,0.00000,0.03382,0.00000,250.80869,250.97535,0.00066,1856.00000,4211.00000,1.26689,242.76500
600.00000,0.01000,5.00000,3.00000,0.00000,0.03384,0.00000,250.80869,250.98035,0.00068,1856.00000,2531.00000,6.42502,242.76500
600.00000,0.01000,6.00000,4.00000,0.00000,0.03384,0.00000,250.80869,250.98035,0.00068,1856.00000,4414.00000,1.46898,242.76500
