"Omega","Tolerance","Step Size Rule","Iterations","Converged?","Gap LR","Gap Naive","Obj. Naive","Obj. LR","Gap","Time Naive","Time LR","Final Lambda","LB Heuristic"
600.00000,0.01000,1.00000,2.00000,0.00000,0.02930,0.00416,250.80869,249.87814,-0.00372,4281.00000,4215.00000,1.33335,242.76500
600.00000,0.01000,2.00000,2.00000,0.00000,0.02932,0.00416,250.80869,249.88407,-0.00370,4281.00000,4217.00000,0.88335,242.76500
600.00000,0.01000,3.00000,2.00000,1.00000,0.02932,0.00416,250.80869,249.88407,-0.00370,4281.00000,4216.00000,1.28835,242.76500
600.00000,0.01000,4.00000,2.00000,0.00000,0.03206,0.00416,250.80869,250.54846,-0.00104,4281.00000,4213.00000,1.26042,242.76500
600.00000,0.01000,5.00000,3.00000,0.00000,0.03304,0.00416,250.80869,250.78688,-0.00009,4281.00000,2462.00000,0.00842,242.76500
600.00000,0.01000,6.00000,3.00000,0.00000,0.03304,0.00416,250.80869,250.78688,-0.00009,4281.00000,4350.00000,3.24622,242.76500
