"Omega","Tolerance","Step Size Rule","Iterations","Converged?","Gap LR","Gap Naive","Obj. Naive","Obj. LR","Gap","Time Naive","Time LR","Final Lambda","LB Heuristic"
600.00000,0.01000,1.00000,2.00000,0.00000,0.03384,0.00000,250.80869,250.98035,0.00068,1536.00000,4212.00000,1.24335,242.76500
600.00000,0.01000,2.00000,2.00000,0.00000,0.03384,0.00000,250.80869,250.98035,0.00068,1536.00000,2770.00000,2.50835,242.76500
600.00000,0.01000,3.00000,2.00000,0.00000,0.03384,0.00000,250.80869,250.98035,0.00068,1536.00000,4207.00000,1.25385,242.76500
600.00000,0.01000,4.00000,2.00000,0.00000,0.03384,0.00000,250.80869,250.98035,0.00068,1536.00000,4208.00000,1.25628,242.76500
600.00000,0.01000,5.00000,4.00000,0.00000,0.03384,0.00000,250.80869,250.98035,0.00068,1536.00000,2535.00000,6.17502,242.76500
600.00000,0.01000,6.00000,3.00000,0.00000,0.03600,0.00000,250.80869,251.50399,0.00276,1536.00000,3512.00000,3.24622,242.76500
