"Omega","Tolerance","Step Size Rule","Iterations","Converged?","Gap LR","Gap Naive","Obj. Naive","Obj. LR","Gap","Time Naive","Time LR","Final Lambda","LB Heuristic"
600.00000,0.01000,1.00000,2.00000,0.00000,0.03181,0.00000,250.80869,250.48831,-0.00128,2871.00000,4212.00000,1.28835,242.76500
600.00000,0.01000,2.00000,4.00000,0.00000,0.03304,0.00000,250.80869,250.78688,-0.00009,2871.00000,2484.00000,0.00758,242.76500
600.00000,0.01000,3.00000,2.00000,0.00000,0.03142,0.00000,250.80869,250.39226,-0.00166,2871.00000,4208.00000,1.26285,242.76500
600.00000,0.01000,4.00000,2.00000,0.00000,0.03206,0.00000,250.80869,250.54846,-0.00104,2871.00000,4209.00000,1.26042,242.76500
600.00000,0.01000,5.00000,4.00000,0.00000,0.03304,0.00000,250.80869,250.78688,-0.00009,2871.00000,2532.00000,0.01094,242.76500
600.00000,0.01000,6.00000,3.00000,0.00000,0.03304,0.00000,250.80869,250.78688,-0.00009,2871.00000,4319.00000,2.10114,242.76500
