"Omega","Tolerance","Step Size Rule","Iterations","Converged?","Gap LR","Gap Naive","Obj. Naive","Obj. LR","Gap","Time Naive","Time LR","Final Lambda"
600.00000,0.01000,1.00000,2.00000,0.00000,0.02930,0.00445,-250.80869,-249.87814,248.87441,4286.00000,4213.00000,1.33335
600.00000,0.01000,2.00000,2.00000,0.00000,0.02932,0.00445,-250.80869,-249.88407,248.88037,4286.00000,4212.00000,0.13335
600.00000,0.01000,3.00000,2.00000,1.00000,0.02932,0.00445,-250.80869,-249.88407,248.88037,4286.00000,4213.00000,1.28835
600.00000,0.01000,4.00000,2.00000,0.00000,0.03206,0.00445,-250.80869,-250.54846,249.54742,4286.00000,4212.00000,1.26042
600.00000,0.01000,5.00000,3.00000,0.00000,0.03304,0.00445,-250.80869,-250.78688,249.78680,4286.00000,2404.00000,0.00842
600.00000,0.01000,6.00000,3.00000,0.00000,0.03304,0.00445,-250.80869,-250.78688,249.78680,4286.00000,4364.00000,3.24622
