"Omega","Tolerance","Step Size Rule","Iterations","Converged?","Gap LR","Gap Naive","Obj. Naive","Obj. LR","Gap","Time Naive","Time LR","Final Lambda","LB Heuristic"
600.00000,0.01000,1.00000,2.00000,0.00000,0.02930,0.00445,250.80869,249.87814,-0.00372,4292.00000,4216.00000,1.33335,242.76500
600.00000,0.01000,2.00000,2.00000,0.00000,0.02932,0.00445,250.80869,249.88407,-0.00370,4292.00000,4215.00000,0.13335,242.76500
600.00000,0.01000,3.00000,2.00000,1.00000,0.02932,0.00445,250.80869,249.88407,-0.00370,4292.00000,4215.00000,1.28835,242.76500
600.00000,0.01000,4.00000,2.00000,0.00000,0.03206,0.00445,250.80869,250.54846,-0.00104,4292.00000,4212.00000,1.26042,242.76500
600.00000,0.01000,5.00000,4.00000,0.00000,0.03304,0.00445,250.80869,250.78688,-0.00009,4292.00000,2529.00000,0.01094,242.76500
600.00000,0.01000,6.00000,4.00000,0.00000,0.03384,0.00445,250.80869,250.98035,0.00068,4292.00000,4471.00000,1.46898,242.76500
