"Omega","Tolerance","Step Size Rule","Iterations","Converged?","Gap LR","Gap Naive","Obj. Naive","Obj. LR","Gap","Time Naive","Time LR","Final Lambda"
600.00000,0.01000,1.00000,2.00000,0.00000,0.03575,0.00000,-250.80869,-251.44399,0.00253,1203.00000,3518.00000,1.19835
600.00000,0.01000,2.00000,2.00000,0.00000,0.03600,0.00000,-250.80869,-251.50399,0.00276,1203.00000,3789.00000,0.80835
600.00000,0.01000,3.00000,2.00000,0.00000,0.03587,0.00000,-250.80869,-251.47399,0.00265,1203.00000,3536.00000,1.23135
600.00000,0.01000,4.00000,2.00000,0.00000,0.03592,0.00000,-250.80869,-251.48399,0.00269,1203.00000,2957.00000,1.24128
600.00000,0.01000,5.00000,10.00000,0.00000,0.03600,0.00000,-250.80869,-251.50399,0.00276,1203.00000,1919.00000,0.01948
600.00000,0.01000,6.00000,8.00000,0.00000,0.03600,0.00000,-250.80869,-251.50399,0.00276,1203.00000,2532.00000,0.40962
