"Omega","Tolerance","Step Size Rule","Iterations","Converged?","Gap LR","Gap Naive","Obj. Naive","Obj. LR","Gap","Time Naive","Time LR","Final Lambda","LB Heuristic"
600.00000,0.01000,1.00000,3.00000,0.00000,0.03401,0.00000,250.80869,251.31300,0.00201,1726.00000,2299.00000,1.16835,242.76500
600.00000,0.01000,2.00000,2.00000,0.00000,0.03273,0.00000,250.80869,250.98035,0.00068,1726.00000,2738.00000,2.50835,242.76500
600.00000,0.01000,3.00000,2.00000,0.00000,0.03273,0.00000,250.80869,250.98035,0.00068,1726.00000,4207.00000,1.25385,242.76500
600.00000,0.01000,4.00000,2.00000,0.00000,0.03271,0.00000,250.80869,250.97535,0.00066,1726.00000,4208.00000,1.26689,242.76500
600.00000,0.01000,5.00000,3.00000,0.00000,0.03273,0.00000,250.80869,250.98035,0.00068,1726.00000,2505.00000,6.42502,242.76500
600.00000,0.01000,6.00000,4.00000,0.00000,0.03273,0.00000,250.80869,250.98035,0.00068,1726.00000,4415.00000,1.46898,242.76500
