"Omega","Tolerance","Step Size Rule","Iterations","Converged?","Gap LR","Gap Naive","Obj. Naive","Obj. LR","Gap","Time Naive","Time LR","Final Lambda","LB Heuristic"
600.00000,0.01000,1.00000,2.00000,0.00000,0.03199,0.00000,250.80869,250.78688,-0.00009,1835.00000,4209.00000,1.21335,242.76500
600.00000,0.01000,2.00000,2.00000,0.00000,0.03273,0.00000,250.80869,250.98035,0.00068,1835.00000,2718.00000,2.50835,242.76500
600.00000,0.01000,3.00000,2.00000,0.00000,0.03273,0.00000,250.80869,250.98035,0.00068,1835.00000,4210.00000,1.25385,242.76500
600.00000,0.01000,4.00000,2.00000,0.00000,0.03273,0.00000,250.80869,250.98035,0.00068,1835.00000,4209.00000,1.25628,242.76500
600.00000,0.01000,5.00000,3.00000,0.00000,0.03273,0.00000,250.80869,250.98035,0.00068,1835.00000,2406.00000,6.42502,242.76500
600.00000,0.01000,6.00000,4.00000,0.00000,0.03273,0.00000,250.80869,250.98035,0.00068,1835.00000,4323.00000,1.46898,242.76500
