"Omega","Tolerance","Step Size Rule","Iterations","Converged?","Gap LR","Gap Naive","Obj. Naive","Obj. LR","Gap","Time Naive","Time LR","Final Lambda","LB Heuristic"
600.00000,0.01000,1.00000,2.00000,0.00000,0.03575,0.00000,250.80869,251.44399,0.00253,1123.00000,3231.00000,1.19835,242.76500
600.00000,0.01000,2.00000,2.00000,0.00000,0.03600,0.00000,250.80869,251.50399,0.00276,1123.00000,3885.00000,0.80835,242.76500
600.00000,0.01000,3.00000,2.00000,0.00000,0.03587,0.00000,250.80869,251.47399,0.00265,1123.00000,3335.00000,1.23135,242.76500
600.00000,0.01000,4.00000,2.00000,0.00000,0.03592,0.00000,250.80869,251.48399,0.00269,1123.00000,3134.00000,1.24128,242.76500
600.00000,0.01000,5.00000,10.00000,0.00000,0.03600,0.00000,250.80869,251.50399,0.00276,1123.00000,2069.00000,0.01948,242.76500
600.00000,0.01000,6.00000,9.00000,0.00000,0.03600,0.00000,250.80869,251.50399,0.00276,1123.00000,3420.00000,0.41256,242.76500
