"Omega","Tolerance","Step Size Rule","Iterations","Converged?","Gap LR","Gap Naive","Obj. Naive","Obj. LR","Gap","Time Naive","Time LR","Final Lambda"
900.00000,0.05000,1.00000,3.00000,0.00000,0.03603,0.12817,-263.18652,-287.79536,0.03478,2820.00000,2275.00000,12.15000
900.00000,0.05000,2.00000,2.00000,0.00000,0.03641,0.12817,-263.18652,-287.89961,0.03513,2820.00000,2456.00000,0.26462
900.00000,0.05000,3.00000,3.00000,0.00000,0.03641,0.12817,-263.18652,-287.89961,0.03513,2820.00000,2606.00000,4.95322
900.00000,0.05000,4.00000,2.00000,0.00000,0.04737,0.12817,-263.18652,-290.94595,0.04523,2820.00000,2385.00000,4.42516
900.00000,0.05000,5.00000,2.00000,0.00000,0.03729,0.12817,-263.18652,-288.14522,0.03595,2820.00000,4202.00000,0.22702
900.00000,0.05000,6.00000,2.00000,0.00000,0.04285,0.12817,-263.18652,-289.69049,0.04109,2820.00000,3393.00000,0.00000
