"Omega","Tolerance","Step Size Rule","Iterations","Converged?","Gap LR","Gap Naive","Obj. Naive","Obj. LR","Gap","Time Naive","Time LR","Final Lambda"
900.00000,0.07000,1.00000,1.00000,0.00000,0.04015,0.17479,-240.03777,-259.12140,0.07950,2881.00000,2893.00000,0.00000
900.00000,0.07000,2.00000,1.00000,0.00000,0.04015,0.17479,-240.03777,-259.12140,0.07950,2881.00000,2894.00000,0.28315
900.00000,0.07000,3.00000,1.00000,0.00000,0.04015,0.17479,-240.03777,-259.12140,0.07950,2881.00000,2898.00000,0.00000
900.00000,0.07000,4.00000,1.00000,0.00000,0.04015,0.17479,-240.03777,-259.12140,0.07950,2881.00000,2901.00000,0.00000
900.00000,0.07000,5.00000,1.00000,0.00000,0.04015,0.17479,-240.03777,-259.12140,0.07950,2881.00000,2904.00000,0.21172
900.00000,0.07000,6.00000,1.00000,0.00000,0.05820,0.17479,-240.03777,-263.61754,0.09823,2881.00000,2862.00000,0.00000
