"Omega","Tolerance","Step Size Rule","Iterations","Converged?","Gap LR","Gap Naive","Obj. Naive","Obj. LR","Gap","Time Naive","Time LR","Final Lambda","LB Heuristic"
900.00000,0.07000,1.00000,4.00000,0.00000,0.05820,0.17420,240.03777,263.61754,0.05500,4236.00000,2469.00000,10.66500,249.11872
900.00000,0.07000,2.00000,3.00000,0.00000,0.05820,0.17420,240.03777,263.61754,0.05500,4236.00000,2538.00000,0.28468,249.11872
900.00000,0.07000,3.00000,3.00000,0.00000,0.05820,0.17420,240.03777,263.61754,0.05500,4236.00000,2583.00000,4.70700,249.11872
900.00000,0.07000,4.00000,3.00000,0.00000,0.05820,0.17420,240.03777,263.61754,0.05500,4236.00000,2788.00000,2.79434,249.11872
900.00000,0.07000,5.00000,3.00000,0.00000,0.05820,0.17420,240.03777,263.61754,0.05500,4236.00000,2426.00000,0.20949,249.11872
900.00000,0.07000,6.00000,3.00000,0.00000,0.05820,0.17420,240.03777,263.61754,0.05500,4236.00000,4301.00000,0.07485,249.11872
