"Omega","Tolerance","Step Size Rule","Iterations","Converged?","Gap LR","Gap Naive","Obj. Naive","Obj. LR","Gap","Time Naive","Time LR","Final Lambda","LB Heuristic"
900.00000,0.07000,1.00000,1.00000,1.00000,0.00000,0.17555,240.03777,249.11872,0.00000,4342.00000,2107.00000,0.30696,249.11872
900.00000,0.07000,2.00000,1.00000,1.00000,0.00000,0.17555,240.03777,249.11872,0.00000,4342.00000,2107.00000,0.30696,249.11872
900.00000,0.07000,3.00000,1.00000,1.00000,0.00000,0.17555,240.03777,249.11872,0.00000,4342.00000,2107.00000,0.30696,249.11872
900.00000,0.07000,4.00000,1.00000,1.00000,0.00000,0.17555,240.03777,249.11872,0.00000,4342.00000,2108.00000,0.30696,249.11872
900.00000,0.07000,5.00000,1.00000,1.00000,0.00000,0.17555,240.03777,249.11872,0.00000,4342.00000,2107.00000,0.30696,249.11872
900.00000,0.07000,6.00000,1.00000,1.00000,0.00000,0.17555,240.03777,249.11872,0.00000,4342.00000,2109.00000,0.30696,249.11872
