"Omega","Tolerance","Step Size Rule","Iterations","Converged?","Gap LR","Gap Naive","Obj. Naive","Obj. LR","Gap","Time Naive","Time LR","Final Lambda"
900.00000,0.07000,1.00000,1.00000,1.00000,0.00000,0.17531,-240.03777,-249.11872,248.11872,4339.00000,2114.00000,0.30696
900.00000,0.07000,2.00000,1.00000,1.00000,0.00000,0.17531,-240.03777,-249.11872,248.11872,4339.00000,2108.00000,0.30696
900.00000,0.07000,3.00000,1.00000,1.00000,0.00000,0.17531,-240.03777,-249.11872,248.11872,4339.00000,2110.00000,0.30696
900.00000,0.07000,4.00000,1.00000,1.00000,0.00000,0.17531,-240.03777,-249.11872,248.11872,4339.00000,2110.00000,0.30696
900.00000,0.07000,5.00000,1.00000,1.00000,0.00000,0.17531,-240.03777,-249.11872,248.11872,4339.00000,2118.00000,0.30696
900.00000,0.07000,6.00000,1.00000,1.00000,0.00000,0.17531,-240.03777,-249.11872,248.11872,4339.00000,2108.00000,0.30696
