"Omega","Tolerance","Step Size Rule","Iterations","Converged?","Gap LR","Gap Naive","Obj. Naive","Obj. LR","Gap","Time Naive","Time LR","Final Lambda"
900.00000,0.07000,1.00000,2.00000,0.00000,0.04015,0.17673,-240.03777,-259.12140,0.03860,2934.00000,2751.00000,12.55500
900.00000,0.07000,2.00000,1.00000,0.00000,0.04015,0.17673,-240.03777,-259.12140,0.03860,2934.00000,2316.00000,0.28315
900.00000,0.07000,3.00000,1.00000,0.00000,0.04015,0.17673,-240.03777,-259.12140,0.03860,2934.00000,2265.00000,0.00000
900.00000,0.07000,4.00000,1.00000,0.00000,0.04015,0.17673,-240.03777,-259.12140,0.03860,2934.00000,2320.00000,0.00000
900.00000,0.07000,5.00000,1.00000,0.00000,0.04015,0.17673,-240.03777,-259.12140,0.03860,2934.00000,2335.00000,0.21172
900.00000,0.07000,6.00000,2.00000,0.00000,0.04015,0.17673,-240.03777,-259.12140,0.03860,2934.00000,2594.00000,0.69638
