"Omega","Tolerance","Step Size Rule","Iterations","Converged?","Gap LR","Gap Naive","Obj. Naive","Obj. LR","Gap","Time Naive","Time LR","Final Lambda","LB Heuristic"
600.00000,0.01000,1.00000,2.00000,0.00000,0.02185,0.00000,249.00172,250.43786,0.00573,1870.00000,2937.00000,1.26893,245.08257
600.00000,0.01000,2.00000,2.00000,0.00000,0.02210,0.00000,249.00172,250.49786,0.00597,1870.00000,3254.00000,1.07893,245.08257
600.00000,0.01000,3.00000,2.00000,0.00000,0.02197,0.00000,249.00172,250.46786,0.00585,1870.00000,2532.00000,1.30193,245.08257
600.00000,0.01000,4.00000,2.00000,0.00000,0.02201,0.00000,249.00172,250.47786,0.00589,1870.00000,2704.00000,1.31186,245.08257
600.00000,0.01000,5.00000,10.00000,0.00000,0.02210,0.00000,249.00172,250.49786,0.00597,1870.00000,2041.00000,0.01948,245.08257
600.00000,0.01000,6.00000,3.00000,0.00000,0.02029,0.00000,249.00172,250.05519,0.00421,1870.00000,3418.00000,4.16239,245.08257
