"Omega","Tolerance","Step Size Rule","Iterations","Converged?","Gap LR","Gap Naive","Obj. Naive","Obj. LR","Gap","Time Naive","Time LR","Final Lambda","LB Heuristic"
600.00000,0.01000,1.00000,2.00000,0.00000,0.02185,0.03590,248.53515,250.43786,0.00760,4275.00000,4218.00000,1.26893,245.08257
600.00000,0.01000,2.00000,2.00000,0.00000,0.01482,0.03590,248.53515,248.71356,0.00072,4275.00000,4215.00000,1.07893,245.08257
600.00000,0.01000,3.00000,2.00000,0.00000,0.02197,0.03590,248.53515,250.46786,0.00772,4275.00000,4215.00000,1.30193,245.08257
600.00000,0.01000,4.00000,2.00000,0.00000,0.02201,0.03590,248.53515,250.47786,0.00776,4275.00000,3880.00000,1.31186,245.08257
600.00000,0.01000,5.00000,5.00000,0.00000,0.02210,0.03590,248.53515,250.49786,0.00784,4275.00000,2502.00000,0.01296,245.08257
600.00000,0.01000,6.00000,3.00000,0.00000,0.01542,0.03590,248.53515,248.86053,0.00131,4275.00000,3729.00000,0.00000,245.08257
