"Omega","Tolerance","Step Size Rule","Iterations","Converged?","Gap LR","Gap Naive","Obj. Naive","Obj. LR","Gap","Time Naive","Time LR","Final Lambda","LB Heuristic"
600.00000,0.01000,1.00000,2.00000,0.00000,0.02185,0.03590,248.53515,250.43786,0.00760,4276.00000,4219.00000,1.26893,245.08257
600.00000,0.01000,2.00000,2.00000,0.00000,0.02210,0.03590,248.53515,250.49786,0.00784,4276.00000,4217.00000,0.95393,245.08257
600.00000,0.01000,3.00000,2.00000,0.00000,0.02197,0.03590,248.53515,250.46786,0.00772,4276.00000,4218.00000,1.30193,245.08257
600.00000,0.01000,4.00000,2.00000,0.00000,0.02201,0.03590,248.53515,250.47786,0.00776,4276.00000,3967.00000,1.31186,245.08257
600.00000,0.01000,5.00000,4.00000,0.00000,0.02210,0.03590,248.53515,250.49786,0.00784,4276.00000,2481.00000,0.01094,245.08257
600.00000,0.01000,6.00000,3.00000,0.00000,0.01835,0.03590,248.53515,249.58079,0.00419,4276.00000,3696.00000,3.09642,245.08257
