"Omega","Tolerance","Step Size Rule","Iterations","Converged?","Gap LR","Gap Naive","Obj. Naive","Obj. LR","Gap","Time Naive","Time LR","Final Lambda","LB Heuristic"
600.00000,0.01000,1.00000,2.00000,0.00000,0.02138,0.00000,249.00172,250.43786,0.00573,2276.00000,2840.00000,1.26893,245.08257
600.00000,0.01000,2.00000,2.00000,0.00000,0.02162,0.00000,249.00172,250.49786,0.00597,2276.00000,3728.00000,1.07893,245.08257
600.00000,0.01000,3.00000,2.00000,0.00000,0.02150,0.00000,249.00172,250.46786,0.00585,2276.00000,2782.00000,1.30193,245.08257
600.00000,0.01000,4.00000,2.00000,0.00000,0.02154,0.00000,249.00172,250.47786,0.00589,2276.00000,2943.00000,1.31186,245.08257
600.00000,0.01000,5.00000,10.00000,0.00000,0.02162,0.00000,249.00172,250.49786,0.00597,2276.00000,2256.00000,0.01948,245.08257
600.00000,0.01000,6.00000,3.00000,0.00000,0.01802,0.00000,249.00172,249.58079,0.00232,2276.00000,3514.00000,3.09642,245.08257
