"Omega","Tolerance","Step Size Rule","Iterations","Converged?","Gap LR","Gap Naive","Obj. Naive","Obj. LR","Gap","Time Naive","Time LR","Final Lambda","LB Heuristic"
600.00000,0.01000,1.00000,2.00000,0.00000,0.02138,0.00064,248.96733,250.43786,0.00587,2398.00000,2825.00000,1.26893,245.08257
600.00000,0.01000,2.00000,2.00000,0.00000,0.02162,0.00064,248.96733,250.49786,0.00611,2398.00000,3635.00000,1.07893,245.08257
600.00000,0.01000,3.00000,2.00000,0.00000,0.02150,0.00064,248.96733,250.46786,0.00599,2398.00000,2750.00000,1.30193,245.08257
600.00000,0.01000,4.00000,2.00000,0.00000,0.02154,0.00064,248.96733,250.47786,0.00603,2398.00000,2833.00000,1.31186,245.08257
600.00000,0.01000,5.00000,10.00000,0.00000,0.02162,0.00064,248.96733,250.49786,0.00611,2398.00000,2218.00000,0.01948,245.08257
600.00000,0.01000,6.00000,3.00000,0.00000,0.01802,0.00064,248.96733,249.58079,0.00246,2398.00000,3513.00000,3.09642,245.08257
