"Omega","Tolerance","Step Size Rule","Iterations","Converged?","Gap LR","Gap Naive","Obj. Naive","Obj. LR","Gap","Time Naive","Time LR","Final Lambda","LB Heuristic"
600.00000,0.01000,1.00000,2.00000,0.00000,0.02185,0.00064,248.96733,250.43786,0.00587,3831.00000,3434.00000,1.26893,245.08257
600.00000,0.01000,2.00000,2.00000,0.00000,0.02210,0.00064,248.96733,250.49786,0.00611,3831.00000,3978.00000,1.07893,245.08257
600.00000,0.01000,3.00000,2.00000,0.00000,0.02197,0.00064,248.96733,250.46786,0.00599,3831.00000,3652.00000,1.30193,245.08257
600.00000,0.01000,4.00000,2.00000,0.00000,0.02201,0.00064,248.96733,250.47786,0.00603,3831.00000,3806.00000,1.31186,245.08257
600.00000,0.01000,5.00000,6.00000,0.00000,0.02210,0.00064,248.96733,250.49786,0.00611,3831.00000,2533.00000,0.01465,245.08257
600.00000,0.01000,6.00000,3.00000,0.00000,0.01779,0.00064,248.96733,249.44228,0.00190,3831.00000,4054.00000,3.02716,245.08257
