"Omega","Tolerance","Step Size Rule","Iterations","Converged?","Gap LR","Gap Naive","Obj. Naive","Obj. LR","Gap","Time Naive","Time LR","Final Lambda"
600.00000,0.01000,1.00000,2.00000,0.00000,0.01738,0.05838,-246.69715,-249.34216,0.01061,2865.00000,4324.00000,1.28393
600.00000,0.01000,2.00000,2.00000,0.00000,0.01935,0.05838,-246.69715,-249.82429,0.01252,2865.00000,2348.00000,0.00253
600.00000,0.01000,3.00000,2.00000,1.00000,0.01499,0.05838,-246.69715,-248.75706,0.00828,2865.00000,4313.00000,1.32143
600.00000,0.01000,4.00000,2.00000,0.00000,0.01935,0.05838,-246.69715,-249.82429,0.01252,2865.00000,4302.00000,1.31686
600.00000,0.01000,5.00000,3.00000,0.00000,0.02210,0.05838,-246.69715,-250.49786,0.01517,2865.00000,2317.00000,0.00842
600.00000,0.01000,6.00000,3.00000,0.00000,0.01817,0.05838,-246.69715,-249.53461,0.01137,2865.00000,4297.00000,0.00000
