"Omega","Tolerance","Step Size Rule","Iterations","Converged?","Gap LR","Gap Naive","Obj. Naive","Obj. LR","Gap","Time Naive","Time LR","Final Lambda"
600.00000,0.01000,1.00000,1.00000,0.00000,0.02210,0.03015,-248.75706,-250.49786,0.00700,2840.00000,2648.00000,1.29893
600.00000,0.01000,2.00000,1.00000,0.00000,0.02210,0.03015,-248.75706,-250.49786,0.00700,2840.00000,2629.00000,0.57893
600.00000,0.01000,3.00000,1.00000,0.00000,0.02210,0.03015,-248.75706,-250.49786,0.00700,2840.00000,2587.00000,1.31393
600.00000,0.01000,4.00000,1.00000,0.00000,0.02210,0.03015,-248.75706,-250.49786,0.00700,2840.00000,2592.00000,1.31893
600.00000,0.01000,5.00000,1.00000,0.00000,0.02210,0.03015,-248.75706,-250.49786,0.00700,2840.00000,2640.00000,0.00000
600.00000,0.01000,6.00000,1.00000,0.00000,0.02210,0.03015,-248.75706,-250.49786,0.00700,2840.00000,2680.00000,0.00000
