"Omega","Tolerance","Step Size Rule","Iterations","Converged?","Gap LR","Gap Naive","Obj. Naive","Obj. LR","Gap","Time Naive","Time LR","Final Lambda","LB Heuristic"
600.00000,0.01000,1.00000,2.00000,0.00000,0.02138,0.00064,248.96733,250.43786,0.00587,2465.00000,3128.00000,1.26893,245.08257
600.00000,0.01000,2.00000,2.00000,0.00000,0.02162,0.00064,248.96733,250.49786,0.00611,2465.00000,3461.00000,1.07893,245.08257
600.00000,0.01000,3.00000,2.00000,0.00000,0.02150,0.00064,248.96733,250.46786,0.00599,2465.00000,2661.00000,1.30193,245.08257
600.00000,0.01000,4.00000,2.00000,0.00000,0.02154,0.00064,248.96733,250.47786,0.00603,2465.00000,2893.00000,1.31186,245.08257
600.00000,0.01000,5.00000,10.00000,0.00000,0.02162,0.00064,248.96733,250.49786,0.00611,2465.00000,2226.00000,0.01948,245.08257
600.00000,0.01000,6.00000,3.00000,0.00000,0.01748,0.00064,248.96733,249.44228,0.00190,2465.00000,3442.00000,3.02716,245.08257
