"Omega","Tolerance","Step Size Rule","Iterations","Converged?","Gap LR","Gap Naive","Obj. Naive","Obj. LR","Gap","Time Naive","Time LR","Final Lambda","LB Heuristic"
600.00000,0.01000,1.00000,3.00000,0.00000,0.02161,0.00000,249.00172,250.37786,0.00550,1331.00000,2477.00000,1.23893,245.08257
600.00000,0.01000,2.00000,2.00000,0.00000,0.02210,0.00000,249.00172,250.49786,0.00597,1331.00000,2904.00000,0.70393,245.08257
600.00000,0.01000,3.00000,3.00000,0.00000,0.02188,0.00000,249.00172,250.44386,0.00576,1331.00000,2467.00000,1.29193,245.08257
600.00000,0.01000,4.00000,4.00000,0.00000,0.02191,0.00000,249.00172,250.45218,0.00579,1331.00000,3273.00000,1.30109,245.08257
600.00000,0.01000,5.00000,10.00000,0.00000,0.02210,0.00000,249.00172,250.49786,0.00597,1331.00000,1082.00000,0.01948,245.08257
600.00000,0.01000,6.00000,3.00000,0.00000,0.02029,0.00000,249.00172,250.05519,0.00421,1331.00000,2632.00000,4.16239,245.08257
