"Omega","Tolerance","Step Size Rule","Iterations","Converged?","Gap LR","Gap Naive","Obj. Naive","Obj. LR","Gap","Time Naive","Time LR","Final Lambda","LB Heuristic"
600.00000,0.01000,1.00000,2.00000,0.00000,0.02138,0.00064,248.96733,250.43786,0.00587,2305.00000,3061.00000,1.26893,245.08257
600.00000,0.01000,2.00000,2.00000,0.00000,0.02162,0.00064,248.96733,250.49786,0.00611,2305.00000,3559.00000,1.07893,245.08257
600.00000,0.01000,3.00000,2.00000,0.00000,0.02150,0.00064,248.96733,250.46786,0.00599,2305.00000,2810.00000,1.30193,245.08257
600.00000,0.01000,4.00000,2.00000,0.00000,0.02154,0.00064,248.96733,250.47786,0.00603,2305.00000,2928.00000,1.31186,245.08257
600.00000,0.01000,5.00000,10.00000,0.00000,0.02162,0.00064,248.96733,250.49786,0.00611,2305.00000,2286.00000,0.01948,245.08257
600.00000,0.01000,6.00000,3.00000,0.00000,0.01989,0.00064,248.96733,250.05519,0.00435,2305.00000,3441.00000,4.16239,245.08257
