"Omega","Tolerance","Step Size Rule","Iterations","Converged?","Gap LR","Gap Naive","Obj. Naive","Obj. LR","Gap","Time Naive","Time LR","Final Lambda"
600.00000,0.01000,1.00000,1.00000,0.00000,0.02627,0.02290,-255.10177,-258.25505,0.01236,2843.00000,2446.00000,1.08689
600.00000,0.01000,2.00000,1.00000,0.00000,0.02627,0.02290,-255.10177,-258.25505,0.01236,2843.00000,2427.00000,0.92689
600.00000,0.01000,3.00000,1.00000,0.00000,0.02627,0.02290,-255.10177,-258.25505,0.01236,2843.00000,2449.00000,1.13189
600.00000,0.01000,4.00000,1.00000,0.00000,0.02627,0.02290,-255.10177,-258.25505,0.01236,2843.00000,2492.00000,1.14689
600.00000,0.01000,5.00000,1.00000,0.00000,0.02627,0.02290,-255.10177,-258.25505,0.01236,2843.00000,2537.00000,0.17689
600.00000,0.01000,6.00000,1.00000,0.00000,0.02627,0.02290,-255.10177,-258.25505,0.01236,2843.00000,2597.00000,0.00000
