"Omega","Tolerance","Step Size Rule","Iterations","Converged?","Gap LR","Gap Naive","Obj. Naive","Obj. LR","Gap","Time Naive","Time LR","Final Lambda","LB Heuristic"
600.00000,0.01000,1.00000,2.00000,0.00000,0.02370,0.00000,255.70551,257.75234,0.00794,3051.00000,3444.00000,1.01189,251.64445
600.00000,0.01000,2.00000,2.00000,0.00000,0.02066,0.00000,255.70551,256.95234,0.00485,3051.00000,3753.00000,0.62689,251.64445
600.00000,0.01000,3.00000,2.00000,0.00000,0.02458,0.00000,255.70551,257.98505,0.00884,3051.00000,3354.00000,1.09589,251.64445
600.00000,0.01000,4.00000,2.00000,0.00000,0.02492,0.00000,255.70551,258.07505,0.00918,3051.00000,3088.00000,1.12568,251.64445
600.00000,0.01000,5.00000,6.00000,0.00000,0.02560,0.00000,255.70551,258.25505,0.00987,3051.00000,2411.00000,0.19154,251.64445
600.00000,0.01000,6.00000,3.00000,0.00000,0.01902,0.00000,255.70551,256.52452,0.00319,3051.00000,3771.00000,0.00000,251.64445
