"Omega","Tolerance","Step Size Rule","Iterations","Converged?","Gap LR","Gap Naive","Obj. Naive","Obj. LR","Gap","Time Naive","Time LR","Final Lambda","LB Heuristic"
600.00000,0.01000,1.00000,2.00000,0.00000,0.02427,0.00654,255.70551,257.75234,0.00794,4237.00000,3793.00000,1.01189,251.64445
600.00000,0.01000,2.00000,2.00000,0.00000,0.02109,0.00654,255.70551,256.95234,0.00485,4237.00000,4209.00000,0.62689,251.64445
600.00000,0.01000,3.00000,2.00000,0.00000,0.02520,0.00654,255.70551,257.98505,0.00884,4237.00000,4210.00000,1.09589,251.64445
600.00000,0.01000,4.00000,2.00000,0.00000,0.02555,0.00654,255.70551,258.07505,0.00918,4237.00000,4025.00000,1.12568,251.64445
600.00000,0.01000,5.00000,3.00000,0.00000,0.02627,0.00654,255.70551,258.25505,0.00987,4237.00000,2422.00000,0.18531,251.64445
600.00000,0.01000,6.00000,3.00000,0.00000,0.01939,0.00654,255.70551,256.52452,0.00319,4237.00000,3797.00000,0.00000,251.64445
