"Omega","Tolerance","Step Size Rule","Iterations","Converged?","Gap LR","Gap Naive","Obj. Naive","Obj. LR","Gap","Time Naive","Time LR","Final Lambda","LB Heuristic"
600.00000,0.01000,1.00000,2.00000,0.00000,0.02427,0.02328,255.00033,257.75234,0.01068,4286.00000,4219.00000,1.01189,251.64445
600.00000,0.01000,2.00000,2.00000,0.00000,0.02109,0.02328,255.00033,256.95234,0.00760,4286.00000,4215.00000,0.62689,251.64445
600.00000,0.01000,3.00000,2.00000,0.00000,0.02520,0.02328,255.00033,257.98505,0.01157,4286.00000,4216.00000,1.09589,251.64445
600.00000,0.01000,4.00000,2.00000,0.00000,0.02555,0.02328,255.00033,258.07505,0.01191,4286.00000,4216.00000,1.12568,251.64445
600.00000,0.01000,5.00000,3.00000,0.00000,0.02627,0.02328,255.00033,258.25505,0.01260,4286.00000,2565.00000,0.18531,251.64445
600.00000,0.01000,6.00000,3.00000,0.00000,0.01939,0.02328,255.00033,256.52452,0.00594,4286.00000,4208.00000,0.00000,251.64445
