"Omega","Tolerance","Step Size Rule","Iterations","Converged?","Gap LR","Gap Naive","Obj. Naive","Obj. LR","Gap","Time Naive","Time LR","Final Lambda"
600.00000,0.01000,1.00000,2.00000,0.00000,0.02427,0.02328,-255.00033,-257.75234,256.76302,4275.00000,4216.00000,1.01189
600.00000,0.01000,2.00000,2.00000,0.00000,0.02109,0.02328,-255.00033,-256.95234,255.95994,4275.00000,4220.00000,0.62689
600.00000,0.01000,3.00000,2.00000,0.00000,0.02520,0.02328,-255.00033,-257.98505,256.99662,4275.00000,4213.00000,1.09589
600.00000,0.01000,4.00000,2.00000,0.00000,0.02555,0.02328,-255.00033,-258.07505,257.08697,4275.00000,4210.00000,1.12568
600.00000,0.01000,5.00000,3.00000,0.00000,0.02627,0.02328,-255.00033,-258.25505,257.26766,4275.00000,2490.00000,0.18531
600.00000,0.01000,6.00000,3.00000,0.00000,0.01939,0.02328,-255.00033,-256.52452,255.53046,4275.00000,4337.00000,0.00000
