"Omega","Tolerance","Step Size Rule","Iterations","Converged?","Gap LR","Gap Naive","Obj. Naive","Obj. LR","Gap","Time Naive","Time LR","Final Lambda","LB Heuristic"
600.00000,0.01000,1.00000,3.00000,0.00000,0.02278,0.00000,255.70551,257.37734,0.00650,1540.00000,3095.00000,0.93689,251.64445
600.00000,0.01000,2.00000,3.00000,0.00000,0.01664,0.00000,255.70551,255.83272,0.00050,1540.00000,4163.00000,1.00189,251.64445
600.00000,0.01000,3.00000,3.00000,0.00000,0.02445,0.00000,255.70551,257.79734,0.00811,1540.00000,2577.00000,1.07089,251.64445
600.00000,0.01000,4.00000,3.00000,0.00000,0.02505,0.00000,255.70551,257.94777,0.00869,1540.00000,2435.00000,1.10836,251.64445
600.00000,0.01000,5.00000,10.00000,0.00000,0.02627,0.00000,255.70551,258.25505,0.00987,1540.00000,1575.00000,0.19638,251.64445
600.00000,0.01000,6.00000,5.00000,0.00000,0.01939,0.00000,255.70551,256.52452,0.00319,1540.00000,2568.00000,0.00000,251.64445
