"Omega","Tolerance","Step Size Rule","Iterations","Converged?","Gap LR","Gap Naive","Obj. Naive","Obj. LR","Gap","Time Naive","Time LR","Final Lambda"
600.00000,0.01000,1.00000,2.00000,0.00000,0.02412,0.04200,-254.97417,-257.71505,0.01064,2865.00000,4321.00000,0.99689
600.00000,0.01000,2.00000,2.00000,0.00000,0.02049,0.04200,-254.97417,-256.79976,0.00711,2865.00000,4323.00000,0.55189
600.00000,0.01000,3.00000,2.00000,0.00000,0.02520,0.04200,-254.97417,-257.98505,0.01167,2865.00000,4315.00000,1.09589
600.00000,0.01000,4.00000,2.00000,0.00000,0.02555,0.04200,-254.97417,-258.07505,0.01202,2865.00000,4032.00000,1.12568
600.00000,0.01000,5.00000,4.00000,0.00000,0.02627,0.04200,-254.97417,-258.25505,0.01270,2865.00000,2351.00000,0.18783
600.00000,0.01000,6.00000,3.00000,0.00000,0.01827,0.04200,-254.97417,-256.24166,0.00495,2865.00000,3098.00000,0.00000
