"Omega","Tolerance","Step Size Rule","Iterations","Converged?","Gap LR","Gap Naive","Obj. Naive","Obj. LR","Gap","Time Naive","Time LR","Final Lambda","LB Heuristic"
600.00000,0.01000,1.00000,2.00000,0.00000,0.02370,0.00095,255.70551,257.75234,0.00794,3202.00000,3289.00000,1.01189,251.64445
600.00000,0.01000,2.00000,2.00000,0.00000,0.02066,0.00095,255.70551,256.95234,0.00485,3202.00000,3433.00000,0.62689,251.64445
600.00000,0.01000,3.00000,2.00000,0.00000,0.02458,0.00095,255.70551,257.98505,0.00884,3202.00000,3543.00000,1.09589,251.64445
600.00000,0.01000,4.00000,2.00000,0.00000,0.02492,0.00095,255.70551,258.07505,0.00918,3202.00000,3337.00000,1.12568,251.64445
600.00000,0.01000,5.00000,6.00000,0.00000,0.02560,0.00095,255.70551,258.25505,0.00987,3202.00000,2456.00000,0.19154,251.64445
600.00000,0.01000,6.00000,3.00000,0.00000,0.01902,0.00095,255.70551,256.52452,0.00319,3202.00000,3687.00000,0.00000,251.64445
