"Omega","Tolerance","Step Size Rule","Iterations","Converged?","Gap LR","Gap Naive","Obj. Naive","Obj. LR","Gap","Time Naive","Time LR","Final Lambda"
900.00000,0.05000,1.00000,1.00000,0.00000,0.03341,0.14984,-242.83616,-256.20633,0.05506,2894.00000,2898.00000,0.00000
900.00000,0.05000,2.00000,1.00000,0.00000,0.03341,0.14984,-242.83616,-256.20633,0.05506,2894.00000,2901.00000,0.26378
900.00000,0.05000,3.00000,1.00000,0.00000,0.03341,0.14984,-242.83616,-256.20633,0.05506,2894.00000,2899.00000,0.00000
900.00000,0.05000,4.00000,1.00000,0.00000,0.03341,0.14984,-242.83616,-256.20633,0.05506,2894.00000,2899.00000,0.07211
900.00000,0.05000,5.00000,1.00000,0.00000,0.03341,0.14984,-242.83616,-256.20633,0.05506,2894.00000,2904.00000,0.16378
900.00000,0.05000,6.00000,1.00000,0.00000,0.03341,0.14984,-242.83616,-256.20633,0.05506,2894.00000,2881.00000,0.00000
