"Omega","Tolerance","Step Size Rule","Iterations","Converged?","Gap LR","Gap Naive","Obj. Naive","Obj. LR","Gap","Time Naive","Time LR","Final Lambda","LB Heuristic"
900.00000,0.05000,2.00000,2.00000,0.00000,0.03701,0.14965,242.83616,257.09939,0.03569,4273.00000,3072.00000,0.26137,247.92412
900.00000,0.05000,3.00000,3.00000,0.00000,0.03701,0.14965,242.83616,257.09939,0.03569,4273.00000,3140.00000,4.90500,247.92412
900.00000,0.05000,4.00000,3.00000,0.00000,0.03701,0.14965,242.83616,257.09939,0.03569,4273.00000,3355.00000,2.99009,247.92412
900.00000,0.05000,5.00000,2.00000,0.00000,0.03701,0.14965,242.83616,257.09939,0.03569,4273.00000,2467.00000,0.15062,247.92412
900.00000,0.05000,6.00000,3.00000,0.00000,0.03701,0.14965,242.83616,257.09939,0.03569,4273.00000,4452.00000,0.00000,247.92412
