"Omega","Tolerance","Step Size Rule","Iterations","Converged?","Gap LR","Gap Naive","Obj. Naive","Obj. LR","Gap","Time Naive","Time LR","Final Lambda","LB Heuristic"
900.00000,0.05000,1.00000,4.00000,0.00000,0.03933,0.14964,242.83616,257.67511,0.03784,4249.00000,2531.00000,11.47500,247.92412
900.00000,0.05000,2.00000,2.00000,0.00000,0.03933,0.14964,242.83616,257.67511,0.03784,4249.00000,2845.00000,0.26137,247.92412
900.00000,0.05000,3.00000,3.00000,0.00000,0.03933,0.14964,242.83616,257.67511,0.03784,4249.00000,2761.00000,4.90500,247.92412
900.00000,0.05000,4.00000,3.00000,0.00000,0.03933,0.14964,242.83616,257.67511,0.03784,4249.00000,2920.00000,2.99009,247.92412
900.00000,0.05000,5.00000,3.00000,0.00000,0.03933,0.14964,242.83616,257.67511,0.03784,4249.00000,2527.00000,0.15296,247.92412
900.00000,0.05000,6.00000,3.00000,0.00000,0.03933,0.14964,242.83616,257.67511,0.03784,4249.00000,4398.00000,0.00000,247.92412
