"Omega","Tolerance","Step Size Rule","Iterations","Converged?","Gap LR","Gap Naive","Obj. Naive","Obj. LR","Gap","Time Naive","Time LR","Final Lambda"
900.00000,0.05000,1.00000,2.00000,0.00000,0.03341,0.15161,-242.83616,-256.20633,0.03233,2970.00000,2704.00000,12.82500
900.00000,0.05000,2.00000,2.00000,0.00000,0.03341,0.15161,-242.83616,-256.20633,0.03233,2970.00000,4351.00000,0.26554
900.00000,0.05000,3.00000,2.00000,0.00000,0.03341,0.15161,-242.83616,-256.20633,0.03233,2970.00000,2779.00000,5.13000
900.00000,0.05000,4.00000,1.00000,0.00000,0.03341,0.15161,-242.83616,-256.20633,0.03233,2970.00000,2259.00000,0.07211
900.00000,0.05000,5.00000,2.00000,0.00000,0.03341,0.15161,-242.83616,-256.20633,0.03233,2970.00000,2739.00000,0.16729
900.00000,0.05000,6.00000,2.00000,0.00000,0.03341,0.15161,-242.83616,-256.20633,0.03233,2970.00000,2386.00000,0.66474
