"Omega","Tolerance","Step Size Rule","Iterations","Converged?","Gap LR","Gap Naive","Obj. Naive","Obj. LR","Gap","Time Naive","Time LR","Final Lambda"
600.00000,0.01000,1.00000,4.00000,0.00000,0.01973,0.00000,-251.35364,-252.31064,0.00379,1207.00000,2767.00000,1.18141
600.00000,0.01000,2.00000,10.00000,0.00000,0.01991,0.00000,-251.35364,-252.35564,0.00397,1207.00000,1176.00000,0.02273
600.00000,0.01000,3.00000,3.00000,0.00000,0.01985,0.00000,-251.35364,-252.34214,0.00392,1207.00000,2530.00000,1.22291
600.00000,0.01000,4.00000,4.00000,0.00000,0.01986,0.00000,-251.35364,-252.34422,0.00393,1207.00000,2806.00000,1.22749
600.00000,0.01000,5.00000,10.00000,0.00000,0.01991,0.00000,-251.35364,-252.35564,0.00397,1207.00000,1164.00000,0.01948
600.00000,0.01000,6.00000,5.00000,0.00000,0.01831,0.00000,-251.35364,-251.96088,0.00241,1207.00000,3266.00000,0.00000
