"Omega","Tolerance","Step Size Rule","Iterations","Converged?","Gap LR","Gap Naive","Obj. Naive","Obj. LR","Gap","Time Naive","Time LR","Final Lambda"
600.00000,0.01000,1.00000,2.00000,0.00000,0.01985,0.00110,-251.35364,-252.34064,0.00393,2859.00000,3946.00000,1.21141
600.00000,0.01000,2.00000,4.00000,0.00000,0.01991,0.00110,-251.35364,-252.35564,0.00399,2859.00000,2360.00000,0.00758
600.00000,0.01000,3.00000,2.00000,0.00000,0.01988,0.00110,-251.35364,-252.34814,0.00396,2859.00000,3801.00000,1.22791
600.00000,0.01000,4.00000,2.00000,0.00000,0.01989,0.00110,-251.35364,-252.35064,0.00397,2859.00000,3824.00000,1.23288
600.00000,0.01000,5.00000,4.00000,0.00000,0.01991,0.00110,-251.35364,-252.35564,0.00399,2859.00000,2262.00000,0.01094
600.00000,0.01000,6.00000,7.00000,0.00000,0.01831,0.00110,-251.35364,-251.96088,0.00242,2859.00000,4945.00000,1.18444
