"Omega","Tolerance","Step Size Rule","Iterations","Converged?","Gap LR","Gap Naive","Obj. Naive","Obj. LR","Gap","Time Naive","Time LR","Final Lambda","LB Heuristic"
600.00000,0.01000,1.00000,2.00000,0.00000,0.01985,0.00085,251.35364,252.34064,0.00391,1868.00000,2773.00000,1.21141,247.42953
600.00000,0.01000,2.00000,10.00000,0.00000,0.01991,0.00085,251.35364,252.35564,0.00397,1868.00000,2067.00000,0.02273,247.42953
600.00000,0.01000,3.00000,2.00000,0.00000,0.01988,0.00085,251.35364,252.34814,0.00394,1868.00000,2640.00000,1.22791,247.42953
600.00000,0.01000,4.00000,2.00000,0.00000,0.01989,0.00085,251.35364,252.35064,0.00395,1868.00000,2802.00000,1.23288,247.42953
600.00000,0.01000,5.00000,10.00000,0.00000,0.01991,0.00085,251.35364,252.35564,0.00397,1868.00000,2194.00000,0.01948,247.42953
600.00000,0.01000,6.00000,3.00000,0.00000,0.01831,0.00085,251.35364,251.96088,0.00241,1868.00000,3413.00000,0.00000,247.42953
