"Omega","Tolerance","Step Size Rule","Iterations","Converged?","Gap LR","Gap Naive","Obj. Naive","Obj. LR","Gap","Time Naive","Time LR","Final Lambda","LB Heuristic"
600.00000,0.01000,1.00000,2.00000,0.00000,0.01946,0.00085,251.35364,252.34064,0.00391,1764.00000,2795.00000,1.21141,247.42953
600.00000,0.01000,2.00000,10.00000,0.00000,0.01952,0.00085,251.35364,252.35564,0.00397,1764.00000,2081.00000,0.02273,247.42953
600.00000,0.01000,3.00000,2.00000,0.00000,0.01949,0.00085,251.35364,252.34814,0.00394,1764.00000,2621.00000,1.22791,247.42953
600.00000,0.01000,4.00000,2.00000,0.00000,0.01950,0.00085,251.35364,252.35064,0.00395,1764.00000,2632.00000,1.23288,247.42953
600.00000,0.01000,5.00000,10.00000,0.00000,0.01952,0.00085,251.35364,252.35564,0.00397,1764.00000,2318.00000,0.01948,247.42953
600.00000,0.01000,6.00000,3.00000,0.00000,0.01798,0.00085,251.35364,251.96088,0.00241,1764.00000,3414.00000,0.00000,247.42953
