"Omega","Tolerance","Step Size Rule","Iterations","Converged?","Gap LR","Gap Naive","Obj. Naive","Obj. LR","Gap","Time Naive","Time LR","Final Lambda","LB Heuristic"
600.00000,0.01000,1.00000,2.00000,0.00000,0.01985,0.00085,251.35364,252.34064,0.00391,2887.00000,3151.00000,1.21141,247.42953
600.00000,0.01000,2.00000,8.00000,0.00000,0.01991,0.00085,251.35364,252.35564,0.00397,2887.00000,2516.00000,0.01768,247.42953
600.00000,0.01000,3.00000,2.00000,0.00000,0.01988,0.00085,251.35364,252.34814,0.00394,2887.00000,3392.00000,1.22791,247.42953
600.00000,0.01000,4.00000,2.00000,0.00000,0.01989,0.00085,251.35364,252.35064,0.00395,2887.00000,3613.00000,1.23288,247.42953
600.00000,0.01000,5.00000,7.00000,0.00000,0.01991,0.00085,251.35364,252.35564,0.00397,2887.00000,2435.00000,0.01609,247.42953
600.00000,0.01000,6.00000,3.00000,0.00000,0.01424,0.00085,251.35364,250.95210,-0.00160,2887.00000,3731.00000,7.89178,247.42953
