"Omega","Tolerance","Step Size Rule","Iterations","Converged?","Gap LR","Gap Naive","Obj. Naive","Obj. LR","Gap","Time Naive","Time LR","Final Lambda","LB Heuristic"
600.00000,0.01000,1.00000,2.00000,0.00000,0.01889,0.00338,251.35364,252.10242,0.00297,4287.00000,4216.00000,1.15141,247.42953
600.00000,0.01000,2.00000,2.00000,0.00000,0.01567,0.00338,251.35364,251.30734,-0.00018,4287.00000,4215.00000,1.99141,247.42953
600.00000,0.01000,3.00000,2.00000,0.00000,0.01910,0.00338,251.35364,252.15420,0.00317,4287.00000,4213.00000,1.20241,247.42953
600.00000,0.01000,4.00000,2.00000,0.00000,0.01989,0.00338,251.35364,252.35064,0.00395,4287.00000,3713.00000,1.23288,247.42953
600.00000,0.01000,5.00000,6.00000,0.00000,0.01991,0.00338,251.35364,252.35564,0.00397,4287.00000,2515.00000,0.01465,247.42953
600.00000,0.01000,6.00000,3.00000,0.00000,0.01831,0.00338,251.35364,251.96088,0.00241,4287.00000,3566.00000,0.00000,247.42953
