"Omega","Tolerance","Step Size Rule","Iterations","Converged?","Gap LR","Gap Naive","Obj. Naive","Obj. LR","Gap","Time Naive","Time LR","Final Lambda","LB Heuristic"
600.00000,0.01000,1.00000,2.00000,0.00000,0.01946,0.00000,251.35364,252.34064,0.00391,2167.00000,2558.00000,1.21141,247.42953
600.00000,0.01000,2.00000,10.00000,0.00000,0.01952,0.00000,251.35364,252.35564,0.00397,2167.00000,2035.00000,0.02273,247.42953
600.00000,0.01000,3.00000,2.00000,0.00000,0.01949,0.00000,251.35364,252.34814,0.00394,2167.00000,2538.00000,1.22791,247.42953
600.00000,0.01000,4.00000,3.00000,0.00000,0.01949,0.00000,251.35364,252.34711,0.00394,2167.00000,3699.00000,1.22999,247.42953
600.00000,0.01000,5.00000,10.00000,0.00000,0.01952,0.00000,251.35364,252.35564,0.00397,2167.00000,1831.00000,0.01948,247.42953
600.00000,0.01000,6.00000,3.00000,0.00000,0.01798,0.00000,251.35364,251.96088,0.00241,2167.00000,3134.00000,0.00000,247.42953
