"Omega","Tolerance","Step Size Rule","Iterations","Converged?","Gap LR","Gap Naive","Obj. Naive","Obj. LR","Gap","Time Naive","Time LR","Final Lambda","LB Heuristic"
600.00000,0.01000,1.00000,4.00000,0.00000,0.01973,0.00000,251.35364,252.31064,0.00379,1206.00000,2738.00000,1.18141,247.42953
600.00000,0.01000,2.00000,10.00000,0.00000,0.01991,0.00000,251.35364,252.35564,0.00397,1206.00000,1127.00000,0.02273,247.42953
600.00000,0.01000,3.00000,4.00000,0.00000,0.01983,0.00000,251.35364,252.33714,0.00390,1206.00000,3017.00000,1.21863,247.42953
600.00000,0.01000,4.00000,4.00000,0.00000,0.01986,0.00000,251.35364,252.34422,0.00393,1206.00000,2632.00000,1.22749,247.42953
600.00000,0.01000,5.00000,10.00000,0.00000,0.01991,0.00000,251.35364,252.35564,0.00397,1206.00000,1137.00000,0.01948,247.42953
600.00000,0.01000,6.00000,5.00000,0.00000,0.01831,0.00000,251.35364,251.96088,0.00241,1206.00000,3165.00000,0.00000,247.42953
