"Omega","Tolerance","Step Size Rule","Iterations","Converged?","Gap LR","Gap Naive","Obj. Naive","Obj. LR","Gap","Time Naive","Time LR","Final Lambda"
600.00000,0.01000,1.00000,2.00000,0.00000,0.01398,0.03613,-250.17020,-250.88913,0.00287,2866.00000,4336.00000,1.15141
600.00000,0.01000,2.00000,2.00000,0.00000,0.01416,0.03613,-250.17020,-250.93234,0.00304,2866.00000,4339.00000,2.36641
600.00000,0.01000,3.00000,2.00000,0.00000,0.01864,0.03613,-250.17020,-252.04271,0.00743,2866.00000,4351.00000,1.20841
600.00000,0.01000,4.00000,2.00000,0.00000,0.01989,0.03613,-250.17020,-252.35064,0.00864,2866.00000,3732.00000,1.23288
600.00000,0.01000,5.00000,8.00000,0.00000,0.01991,0.03613,-250.17020,-252.35564,0.00866,2866.00000,2356.00000,0.01735
600.00000,0.01000,6.00000,3.00000,0.00000,0.01831,0.03613,-250.17020,-251.96088,0.00711,2866.00000,3656.00000,0.00000
