"Omega","Tolerance","Step Size Rule","Iterations","Converged?","Gap LR","Gap Naive","Obj. Naive","Obj. LR","Gap","Time Naive","Time LR","Final Lambda","LB Heuristic"
600.00000,0.01000,1.00000,2.00000,0.00000,0.01985,0.00000,251.35364,252.34064,0.00391,1667.00000,2552.00000,1.21141,247.42953
600.00000,0.01000,2.00000,10.00000,0.00000,0.01991,0.00000,251.35364,252.35564,0.00397,1667.00000,1811.00000,0.02273,247.42953
600.00000,0.01000,3.00000,3.00000,0.00000,0.01985,0.00000,251.35364,252.34214,0.00392,1667.00000,3518.00000,1.22291,247.42953
600.00000,0.01000,4.00000,3.00000,0.00000,0.01987,0.00000,251.35364,252.34711,0.00394,1667.00000,3266.00000,1.22999,247.42953
600.00000,0.01000,5.00000,10.00000,0.00000,0.01991,0.00000,251.35364,252.35564,0.00397,1667.00000,1827.00000,0.01948,247.42953
600.00000,0.01000,6.00000,3.00000,0.00000,0.01831,0.00000,251.35364,251.96088,0.00241,1667.00000,3087.00000,0.00000,247.42953
