"Omega","Tolerance","Step Size Rule","Iterations","Converged?","Gap LR","Gap Naive","Obj. Naive","Obj. LR","Gap","Time Naive","Time LR","Final Lambda","LB Heuristic"
900.00000,0.01000,1.00000,1.00000,1.00000,0.00000,0.14890,227.09270,246.38109,0.00000,4330.00000,2110.00000,0.75603,246.38109
900.00000,0.01000,2.00000,1.00000,1.00000,0.00000,0.14890,227.09270,246.38109,0.00000,4330.00000,2109.00000,0.75603,246.38109
900.00000,0.01000,3.00000,1.00000,1.00000,0.00000,0.14890,227.09270,246.38109,0.00000,4330.00000,2110.00000,0.75603,246.38109
900.00000,0.01000,4.00000,1.00000,1.00000,0.00000,0.14890,227.09270,246.38109,0.00000,4330.00000,2111.00000,0.75603,246.38109
900.00000,0.01000,5.00000,1.00000,1.00000,0.00000,0.14890,227.09270,246.38109,0.00000,4330.00000,2110.00000,0.75603,246.38109
900.00000,0.01000,6.00000,1.00000,1.00000,0.00000,0.14890,227.09270,246.38109,0.00000,4330.00000,2111.00000,0.75603,246.38109
