"Omega","Tolerance","Step Size Rule","Iterations","Converged?","Gap LR","Gap Naive","Obj. Naive","Obj. LR","Gap","Time Naive","Time LR","Final Lambda"
900.00000,0.01000,1.00000,2.00000,0.00000,0.05576,0.14890,-227.09270,-232.64397,-0.05905,2941.00000,4455.00000,0.48603
900.00000,0.01000,2.00000,2.00000,0.00000,0.05691,0.14890,-227.09270,-232.35897,-0.06035,2941.00000,4432.00000,0.42270
900.00000,0.01000,3.00000,2.00000,0.00000,0.05329,0.14890,-227.09270,-233.25147,-0.05629,2941.00000,4431.00000,0.63453
900.00000,0.01000,4.00000,2.00000,0.00000,0.02365,0.14890,-227.09270,-252.20726,0.02310,2941.00000,4431.00000,0.72189
900.00000,0.01000,5.00000,2.00000,0.00000,0.02397,0.14890,-227.09270,-252.28726,0.02341,2941.00000,2390.00000,0.00337
900.00000,0.01000,6.00000,2.00000,0.00000,0.02397,0.14890,-227.09270,-252.28726,0.02341,2941.00000,2346.00000,0.56179
