"Omega","Tolerance","Step Size Rule","Iterations","Converged?","Gap LR","Gap Naive","Obj. Naive","Obj. LR","Gap","Time Naive","Time LR","Final Lambda","LB Heuristic"
900.00000,0.01000,1.00000,2.00000,0.00000,0.02023,0.14890,227.09270,251.36611,0.01983,4359.00000,4217.00000,0.63603,246.38109
900.00000,0.01000,2.00000,2.00000,0.00000,0.01813,0.14890,227.09270,250.84823,0.01781,4359.00000,4222.00000,1.13103,246.38109
900.00000,0.01000,3.00000,2.00000,0.00000,0.02348,0.14890,227.09270,252.16726,0.02295,4359.00000,4218.00000,0.70203,246.38109
900.00000,0.01000,4.00000,2.00000,0.00000,0.02365,0.14890,227.09270,252.20726,0.02310,4359.00000,4217.00000,0.72189,246.38109
900.00000,0.01000,5.00000,3.00000,0.00000,0.02397,0.14890,227.09270,252.28726,0.02341,4359.00000,2402.00000,0.00561,246.38109
900.00000,0.01000,6.00000,3.00000,0.00000,0.02082,0.14890,227.09270,251.51030,0.02039,4359.00000,4344.00000,0.00000,246.38109
