"Omega","Tolerance","Step Size Rule","Iterations","Converged?","Gap LR","Gap Naive","Obj. Naive","Obj. LR","Gap","Time Naive","Time LR","Final Lambda","LB Heuristic"
900.00000,0.01000,1.00000,2.00000,0.00000,0.02300,0.03537,250.30390,252.04726,0.00692,4258.00000,4210.00000,0.63603,246.38109
900.00000,0.01000,2.00000,2.00000,0.00000,0.01857,0.03537,250.30390,250.95745,0.00260,4258.00000,4209.00000,0.00000,246.38109
900.00000,0.01000,3.00000,2.00000,0.00000,0.02348,0.03537,250.30390,252.16726,0.00739,4258.00000,4208.00000,0.70203,246.38109
900.00000,0.01000,4.00000,2.00000,0.00000,0.02365,0.03537,250.30390,252.20726,0.00755,4258.00000,4208.00000,0.72189,246.38109
900.00000,0.01000,5.00000,9.00000,0.00000,0.02397,0.03537,250.30390,252.28726,0.00786,4258.00000,2444.00000,0.01232,246.38109
900.00000,0.01000,6.00000,3.00000,0.00000,0.02082,0.03537,250.30390,251.51030,0.00480,4258.00000,4250.00000,0.00000,246.38109
