"Omega","Tolerance","Step Size Rule","Iterations","Converged?","Gap LR","Gap Naive","Obj. Naive","Obj. LR","Gap","Time Naive","Time LR","Final Lambda"
900.00000,0.01000,1.00000,1.00000,0.00000,0.02397,0.07903,-245.73461,-252.28726,0.02667,2897.00000,2905.00000,0.69603
900.00000,0.01000,2.00000,1.00000,0.00000,0.02397,0.07903,-245.73461,-252.28726,0.02667,2897.00000,2910.00000,0.38103
900.00000,0.01000,3.00000,1.00000,0.00000,0.02397,0.07903,-245.73461,-252.28726,0.02667,2897.00000,2908.00000,0.72603
900.00000,0.01000,4.00000,1.00000,0.00000,0.02397,0.07903,-245.73461,-252.28726,0.02667,2897.00000,2904.00000,0.73603
900.00000,0.01000,5.00000,1.00000,0.00000,0.02397,0.07903,-245.73461,-252.28726,0.02667,2897.00000,2911.00000,0.00000
900.00000,0.01000,6.00000,1.00000,0.00000,0.02397,0.07903,-245.73461,-252.28726,0.02667,2897.00000,2857.00000,0.00000
