"Omega","Tolerance","Step Size Rule","Iterations","Converged?","Gap LR","Gap Naive","Obj. Naive","Obj. LR","Gap","Time Naive","Time LR","Final Lambda","LB Heuristic"
900.00000,0.03000,1.00000,3.00000,0.00000,0.07062,0.10755,245.45489,257.46678,0.04665,4261.00000,2443.00000,12.84448,240.48354
900.00000,0.03000,2.00000,2.00000,0.00000,0.05500,0.10755,245.45489,253.70913,0.03253,4261.00000,4211.00000,0.17234,240.48354
900.00000,0.03000,3.00000,2.00000,0.00000,0.07062,0.10755,245.45489,257.46678,0.04665,4261.00000,3683.00000,5.50498,240.48354
900.00000,0.03000,4.00000,2.00000,0.00000,0.06541,0.10755,245.45489,256.21314,0.04199,4261.00000,4209.00000,0.25145,240.48354
900.00000,0.03000,5.00000,3.00000,0.00000,0.07009,0.10755,245.45489,257.33814,0.04618,4261.00000,2548.00000,0.00573,240.48354
900.00000,0.03000,6.00000,3.00000,0.00000,0.07062,0.10755,245.45489,257.46678,0.04665,4261.00000,4314.00000,0.00000,240.48354
