"Omega","Tolerance","Step Size Rule","Iterations","Converged?","Gap LR","Gap Naive","Obj. Naive","Obj. LR","Gap","Time Naive","Time LR","Final Lambda","LB Heuristic"
900.00000,0.03000,1.00000,2.00000,0.00000,0.04626,0.16316,231.06545,251.60722,0.04421,4348.00000,2445.00000,13.11448,240.48354
900.00000,0.03000,2.00000,2.00000,1.00000,0.00000,0.16316,231.06545,240.48354,0.00000,4348.00000,4219.00000,0.30448,240.48354
900.00000,0.03000,3.00000,2.00000,0.00000,0.05710,0.16316,231.06545,254.21412,0.05401,4348.00000,2593.00000,5.46748,240.48354
900.00000,0.03000,4.00000,2.00000,0.00000,0.04626,0.16316,231.06545,251.60722,0.04421,4348.00000,2563.00000,3.34600,240.48354
900.00000,0.03000,5.00000,2.00000,0.00000,0.05710,0.16316,231.06545,254.21412,0.05401,4348.00000,2483.00000,0.08292,240.48354
900.00000,0.03000,6.00000,2.00000,0.00000,0.05710,0.16316,231.06545,254.21412,0.05401,4348.00000,2472.00000,0.63754,240.48354
