"Omega","Tolerance","Step Size Rule","Iterations","Converged?","Gap LR","Gap Naive","Obj. Naive","Obj. LR","Gap","Time Naive","Time LR","Final Lambda"
900.00000,0.03000,1.00000,1.00000,0.00000,0.05280,0.16316,-231.06545,-253.18047,0.09571,2890.00000,2911.00000,0.12448
900.00000,0.03000,2.00000,1.00000,0.00000,0.05280,0.16316,-231.06545,-253.18047,0.09571,2890.00000,2903.00000,0.29125
900.00000,0.03000,3.00000,1.00000,0.00000,0.05280,0.16316,-231.06545,-253.18047,0.09571,2890.00000,2906.00000,0.25198
900.00000,0.03000,4.00000,1.00000,0.00000,0.05280,0.16316,-231.06545,-253.18047,0.09571,2890.00000,2902.00000,0.29448
900.00000,0.03000,5.00000,1.00000,0.00000,0.05280,0.16316,-231.06545,-253.18047,0.09571,2890.00000,2902.00000,0.02654
900.00000,0.03000,6.00000,1.00000,0.00000,0.05280,0.16316,-231.06545,-253.18047,0.09571,2890.00000,2873.00000,0.00000
