"Omega","Tolerance","Step Size Rule","Iterations","Converged?","Gap LR","Gap Naive","Obj. Naive","Obj. LR","Gap","Time Naive","Time LR","Final Lambda"
900.00000,0.03000,1.00000,2.00000,0.00000,0.00309,0.16361,-231.06545,-241.22573,0.00308,2932.00000,2619.00000,13.09500
900.00000,0.03000,2.00000,2.00000,0.00000,0.00315,0.16361,-231.06545,-239.72573,-0.00316,2932.00000,4461.00000,0.26837
900.00000,0.03000,3.00000,2.00000,0.00000,0.00309,0.16361,-231.06545,-241.22573,0.00308,2932.00000,2978.00000,5.41498
900.00000,0.03000,4.00000,1.00000,0.00000,0.00309,0.16361,-231.06545,-241.22573,0.00308,2932.00000,2256.00000,0.24448
900.00000,0.03000,5.00000,2.00000,0.00000,0.00309,0.16361,-231.06545,-241.22573,0.00308,2932.00000,2626.00000,0.16070
900.00000,0.03000,6.00000,2.00000,0.00000,0.05280,0.16361,-231.06545,-253.18047,0.05015,2932.00000,2375.00000,0.63754
