"Omega","Tolerance","Step Size Rule","Iterations","Converged?","Gap LR","Gap Naive","Obj. Naive","Obj. LR","Gap","Time Naive","Time LR","Final Lambda"
450.00000,0.05000,1.00000,10.00000,0.00000,0.07549,0.01682,-283.65664,-300.91228,0.06083,2108.00000,1325.00000,4.19590
450.00000,0.05000,2.00000,4.00000,0.00000,0.05941,0.01682,-283.65664,-296.41228,0.04497,2108.00000,2499.00000,0.62492
450.00000,0.05000,3.00000,10.00000,0.00000,0.07549,0.01682,-283.65664,-300.91228,0.06083,2108.00000,1564.00000,3.12992
450.00000,0.05000,4.00000,10.00000,0.00000,0.07549,0.01682,-283.65664,-300.91228,0.06083,2108.00000,1644.00000,2.34880
450.00000,0.05000,5.00000,4.00000,0.00000,0.03879,0.01682,-283.65664,-290.64186,0.02463,2108.00000,3098.00000,0.55765
450.00000,0.05000,6.00000,9.00000,0.00000,0.04039,0.01682,-283.65664,-291.09122,0.02621,2108.00000,2262.00000,0.66025
