"Omega","Tolerance","Step Size Rule","Iterations","Converged?","Gap LR","Gap Naive","Obj. Naive","Obj. LR","Gap","Time Naive","Time LR","Final Lambda"
100.00000,0.05000,1.00000,10.00000,0.00000,0.07162,0.00000,-279.49662,-297.64008,0.06491,6.00000,2.00000,27.76087
100.00000,0.05000,2.00000,10.00000,0.00000,0.05542,0.00000,-279.49662,-293.14008,0.04881,6.00000,27.00000,2.81350
100.00000,0.05000,3.00000,10.00000,0.00000,0.07162,0.00000,-279.49662,-297.64008,0.06491,6.00000,2.00000,22.71118
100.00000,0.05000,4.00000,10.00000,0.00000,0.07162,0.00000,-279.49662,-297.64008,0.06491,6.00000,3.00000,40.20838
100.00000,0.05000,5.00000,10.00000,0.00000,0.06144,0.00000,-279.49662,-294.81111,0.05479,6.00000,24.00000,2.79170
100.00000,0.05000,6.00000,10.00000,0.00000,0.02026,0.00000,-279.49662,-283.37354,0.01387,6.00000,18.00000,1.56367
