"Omega","Tolerance","Step Size Rule","Iterations","Converged?","Gap LR","Gap Naive","Obj. Naive","Obj. LR","Gap","Time Naive","Time LR","Final Lambda","LB Heuristic"
900.00000,0.07000,1.00000,4.00000,0.00000,0.04788,0.15779,245.85965,263.96079,0.04569,4238.00000,2538.00000,10.66500,251.90083
900.00000,0.07000,2.00000,3.00000,0.00000,0.04788,0.15779,245.85965,263.96079,0.04569,4238.00000,2551.00000,0.28290,251.90083
900.00000,0.07000,3.00000,3.00000,0.00000,0.04788,0.15779,245.85965,263.96079,0.04569,4238.00000,2592.00000,4.70700,251.90083
900.00000,0.07000,4.00000,3.00000,0.00000,0.06300,0.15779,245.85965,267.77081,0.05927,4238.00000,2966.00000,2.91755,251.90083
900.00000,0.07000,5.00000,3.00000,0.00000,0.06300,0.15779,245.85965,267.77081,0.05927,4238.00000,2405.00000,0.12933,251.90083
900.00000,0.07000,6.00000,3.00000,0.00000,0.06300,0.15779,245.85965,267.77081,0.05927,4238.00000,4286.00000,0.09674,251.90083
