"Omega","Tolerance","Step Size Rule","Iterations","Converged?","Gap LR","Gap Naive","Obj. Naive","Obj. LR","Gap","Time Naive","Time LR","Final Lambda"
900.00000,0.07000,1.00000,1.00000,0.00000,0.04615,0.15797,-245.85965,-263.52722,0.07186,2890.00000,2909.00000,0.00000
900.00000,0.07000,2.00000,1.00000,0.00000,0.04615,0.15797,-245.85965,-263.52722,0.07186,2890.00000,2907.00000,0.28136
900.00000,0.07000,3.00000,1.00000,0.00000,0.04615,0.15797,-245.85965,-263.52722,0.07186,2890.00000,2906.00000,0.00000
900.00000,0.07000,4.00000,1.00000,0.00000,0.04615,0.15797,-245.85965,-263.52722,0.07186,2890.00000,2913.00000,0.00000
900.00000,0.07000,5.00000,1.00000,0.00000,0.04615,0.15797,-245.85965,-263.52722,0.07186,2890.00000,2921.00000,0.20994
900.00000,0.07000,6.00000,1.00000,0.00000,0.04615,0.15797,-245.85965,-263.52722,0.07186,2890.00000,2835.00000,0.00000
