"Omega","Tolerance","Step Size Rule","Iterations","Converged?","Gap LR","Gap Naive","Obj. Naive","Obj. LR","Gap","Time Naive","Time LR","Final Lambda","LB Heuristic"
900.00000,0.07000,1.00000,1.00000,1.00000,0.00000,0.15864,245.85965,251.90083,0.00000,4345.00000,2111.00000,0.30517,251.90083
900.00000,0.07000,2.00000,1.00000,1.00000,0.00000,0.15864,245.85965,251.90083,0.00000,4345.00000,2109.00000,0.30517,251.90083
900.00000,0.07000,3.00000,1.00000,1.00000,0.00000,0.15864,245.85965,251.90083,0.00000,4345.00000,2109.00000,0.30517,251.90083
900.00000,0.07000,4.00000,1.00000,1.00000,0.00000,0.15864,245.85965,251.90083,0.00000,4345.00000,2109.00000,0.30517,251.90083
900.00000,0.07000,5.00000,1.00000,1.00000,0.00000,0.15864,245.85965,251.90083,0.00000,4345.00000,2109.00000,0.30517,251.90083
900.00000,0.07000,6.00000,1.00000,1.00000,0.00000,0.15864,245.85965,251.90083,0.00000,4345.00000,2111.00000,0.30517,251.90083
