"Omega","Tolerance","Step Size Rule","Iterations","Converged?","Gap LR","Gap Naive","Obj. Naive","Obj. LR","Gap","Time Naive","Time LR","Final Lambda"
900.00000,0.07000,1.00000,2.00000,0.00000,0.04615,0.15913,-245.85965,-263.52722,0.04412,2936.00000,2638.00000,12.55500
900.00000,0.07000,2.00000,1.00000,0.00000,0.04615,0.15913,-245.85965,-263.52722,0.04412,2936.00000,2257.00000,0.28136
900.00000,0.07000,3.00000,1.00000,0.00000,0.04615,0.15913,-245.85965,-263.52722,0.04412,2936.00000,2252.00000,0.00000
900.00000,0.07000,4.00000,1.00000,0.00000,0.04615,0.15913,-245.85965,-263.52722,0.04412,2936.00000,2275.00000,0.00000
900.00000,0.07000,5.00000,1.00000,0.00000,0.04615,0.15913,-245.85965,-263.52722,0.04412,2936.00000,2280.00000,0.20994
900.00000,0.07000,6.00000,1.00000,0.00000,0.04615,0.15913,-245.85965,-263.52722,0.04412,2936.00000,2277.00000,0.00000
