"Omega","Tolerance","Step Size Rule","Iterations","Converged?","Gap LR","Gap Naive","Obj. Naive","Obj. LR","Gap","Time Naive","Time LR","Final Lambda"
100.00000,0.01000,1.00000,10.00000,0.00000,0.01149,0.00000,-269.25283,-272.34617,0.01149,1.00000,10.00000,4.90595
100.00000,0.01000,2.00000,10.00000,0.00000,0.01149,0.00000,-269.25283,-272.34617,0.01149,1.00000,10.00000,4.90595
100.00000,0.01000,3.00000,10.00000,0.00000,0.01150,0.00000,-269.25283,-272.34835,0.01150,1.00000,16.00000,4.86268
100.00000,0.01000,4.00000,10.00000,0.00000,0.01140,0.00000,-269.25283,-272.32253,0.01140,1.00000,10.00000,4.93230
100.00000,0.01000,5.00000,10.00000,0.00000,0.01148,0.00000,-269.25283,-272.34260,0.01148,1.00000,12.00000,4.88294
100.00000,0.01000,6.00000,10.00000,0.00000,0.01199,0.00000,-269.25283,-272.48112,0.01199,1.00000,11.00000,4.77903
