"Omega","Tolerance","Step Size Rule","Iterations","Converged?","Gap LR","Gap Naive","Obj. Naive","Obj. LR","Gap","Time Naive","Time LR","Final Lambda","LB Heuristic"
100.00000,0.03000,1.00000,10.00000,0.00000,0.01408,0.00000,278.14305,281.77406,0.01289,98.00000,370.00000,4.08504,277.86313
100.00000,0.03000,2.00000,10.00000,0.00000,0.00944,0.00000,278.14305,280.48566,0.00835,98.00000,388.00000,1.40421,277.86313
100.00000,0.03000,3.00000,10.00000,0.00000,0.01178,0.00000,278.14305,281.13597,0.01065,98.00000,390.00000,3.45964,277.86313
100.00000,0.03000,4.00000,10.00000,0.00000,0.01095,0.00000,278.14305,280.90554,0.00983,98.00000,351.00000,3.22993,277.86313
100.00000,0.03000,5.00000,10.00000,0.00000,0.00949,0.00000,278.14305,280.50092,0.00841,98.00000,142.00000,0.08839,277.86313
100.00000,0.03000,6.00000,10.00000,0.00000,0.00953,0.00000,278.14305,280.51249,0.00845,98.00000,207.00000,2.34171,277.86313
