"Omega","Tolerance","Step Size Rule","Iterations","Converged?","Gap LR","Gap Naive","Obj. Naive","Obj. LR","Gap","Time Naive","Time LR","Final Lambda"
900.00000,0.07000,1.00000,2.00000,0.00000,0.05907,0.16618,-243.66100,-262.92184,0.05577,2925.00000,2643.00000,12.55500
900.00000,0.07000,2.00000,2.00000,0.00000,0.05907,0.16618,-243.66100,-262.92184,0.05577,2925.00000,4448.00000,0.28371
900.00000,0.07000,3.00000,1.00000,0.00000,0.05907,0.16618,-243.66100,-262.92184,0.05577,2925.00000,2253.00000,0.00000
900.00000,0.07000,4.00000,2.00000,0.00000,0.05907,0.16618,-243.66100,-262.92184,0.05577,2925.00000,2720.00000,2.95924
900.00000,0.07000,5.00000,2.00000,0.00000,0.05907,0.16618,-243.66100,-262.92184,0.05577,2925.00000,2660.00000,0.21407
900.00000,0.07000,6.00000,2.00000,0.00000,0.06585,0.16618,-243.66100,-264.60741,0.06179,2925.00000,2327.00000,0.69610
