"Omega","Tolerance","Step Size Rule","Iterations","Converged?","Gap LR","Gap Naive","Obj. Naive","Obj. LR","Gap","Time Naive","Time LR","Final Lambda","LB Heuristic"
900.00000,0.07000,1.00000,4.00000,0.00000,0.06368,0.16232,243.66100,264.06773,0.05987,4220.00000,2498.00000,10.66500,248.25840
900.00000,0.07000,2.00000,3.00000,0.00000,0.06368,0.16232,243.66100,264.06773,0.05987,4220.00000,2511.00000,0.28345,248.25840
900.00000,0.07000,3.00000,3.00000,0.00000,0.06368,0.16232,243.66100,264.06773,0.05987,4220.00000,2499.00000,4.70700,248.25840
900.00000,0.07000,4.00000,3.00000,0.00000,0.06368,0.16232,243.66100,264.06773,0.05987,4220.00000,2684.00000,2.79310,248.25840
900.00000,0.07000,5.00000,4.00000,0.00000,0.06368,0.16232,243.66100,264.06773,0.05987,4220.00000,2574.00000,0.21005,248.25840
900.00000,0.07000,6.00000,3.00000,0.00000,0.06368,0.16232,243.66100,264.06773,0.05987,4220.00000,4303.00000,0.00000,248.25840
