"Omega","Tolerance","Step Size Rule","Iterations","Converged?","Gap LR","Gap Naive","Obj. Naive","Obj. LR","Gap","Time Naive","Time LR","Final Lambda"
900.00000,0.07000,1.00000,1.00000,0.00000,0.06585,0.16298,-243.66100,-264.60741,0.08597,2880.00000,2890.00000,0.00000
900.00000,0.07000,2.00000,1.00000,0.00000,0.06585,0.16298,-243.66100,-264.60741,0.08597,2880.00000,2893.00000,0.26625
900.00000,0.07000,3.00000,1.00000,0.00000,0.06585,0.16298,-243.66100,-264.60741,0.08597,2880.00000,2892.00000,0.02073
900.00000,0.07000,4.00000,1.00000,0.00000,0.06585,0.16298,-243.66100,-264.60741,0.08597,2880.00000,2890.00000,0.11573
900.00000,0.07000,5.00000,1.00000,0.00000,0.06585,0.16298,-243.66100,-264.60741,0.08597,2880.00000,2889.00000,0.14783
900.00000,0.07000,6.00000,1.00000,0.00000,0.06585,0.16298,-243.66100,-264.60741,0.08597,2880.00000,2867.00000,0.00000
