"Omega","Tolerance","Step Size Rule","Iterations","Converged?","Gap LR","Gap Naive","Obj. Naive","Obj. LR","Gap","Time Naive","Time LR","Final Lambda"
900.00000,0.07000,1.00000,1.00000,1.00000,0.00000,0.16361,-243.66100,-248.25840,247.25840,4320.00000,2110.00000,0.30573
900.00000,0.07000,2.00000,1.00000,1.00000,0.00000,0.16361,-243.66100,-248.25840,247.25840,4320.00000,2111.00000,0.30573
900.00000,0.07000,3.00000,1.00000,1.00000,0.00000,0.16361,-243.66100,-248.25840,247.25840,4320.00000,2111.00000,0.30573
900.00000,0.07000,4.00000,1.00000,1.00000,0.00000,0.16361,-243.66100,-248.25840,247.25840,4320.00000,2112.00000,0.30573
900.00000,0.07000,5.00000,1.00000,1.00000,0.00000,0.16361,-243.66100,-248.25840,247.25840,4320.00000,2111.00000,0.30573
900.00000,0.07000,6.00000,1.00000,1.00000,0.00000,0.16361,-243.66100,-248.25840,247.25840,4320.00000,2127.00000,0.30573
