"Omega","Tolerance","Step Size Rule","Iterations","Converged?","Gap LR","Gap Naive","Obj. Naive","Obj. LR","Gap","Time Naive","Time LR","Final Lambda"
600.00000,0.01000,1.00000,10.00000,0.00000,0.01570,0.00000,-277.57430,-278.83789,0.00455,69.00000,101.00000,273.00000
600.00000,0.01000,2.00000,10.00000,0.00000,0.01388,0.00000,-277.57430,-278.33789,0.00275,69.00000,229.00000,0.38273
600.00000,0.01000,3.00000,10.00000,0.00000,0.01570,0.00000,-277.57430,-278.83789,0.00455,69.00000,113.00000,95.81636
600.00000,0.01000,4.00000,10.00000,0.00000,0.01570,0.00000,-277.57430,-278.83789,0.00455,69.00000,101.00000,200.06904
600.00000,0.01000,5.00000,10.00000,0.00000,0.01570,0.00000,-277.57430,-278.83789,0.00455,69.00000,141.00000,0.37924
600.00000,0.01000,6.00000,10.00000,0.00000,0.01259,0.00000,-277.57430,-277.98328,0.00147,69.00000,603.00000,0.32250
