"Omega","Tolerance","Step Size Rule","Iterations","Converged?","Gap LR","Gap Naive","Obj. Naive","Obj. LR","Gap","Time Naive","Time LR","Final Lambda"
600.00000,0.01000,1.00000,4.00000,0.00000,0.01505,0.00000,-277.57430,-278.65789,0.00389,707.00000,2328.00000,0.75599
600.00000,0.01000,2.00000,10.00000,0.00000,0.01570,0.00000,-277.57430,-278.83789,0.00453,707.00000,884.00000,0.14872
600.00000,0.01000,3.00000,6.00000,0.00000,0.01532,0.00000,-277.57430,-278.73175,0.00415,707.00000,2627.00000,0.81626
600.00000,0.01000,4.00000,6.00000,0.00000,0.01547,0.00000,-277.57430,-278.77326,0.00430,707.00000,2831.00000,0.83960
600.00000,0.01000,5.00000,10.00000,0.00000,0.01570,0.00000,-277.57430,-278.83789,0.00453,707.00000,810.00000,0.01948
600.00000,0.01000,6.00000,5.00000,0.00000,0.01259,0.00000,-277.57430,-277.98328,0.00147,707.00000,2319.00000,0.00000
