"Omega","Tolerance","Step Size Rule","Iterations","Converged?","Gap LR","Gap Naive","Obj. Naive","Obj. LR","Gap","Time Naive","Time LR","Final Lambda","LB Heuristic"
600.00000,0.07000,1.00000,3.00000,0.00000,0.13896,0.15664,245.21719,283.21629,0.12201,4284.00000,2801.00000,7.57096,248.66136
600.00000,0.07000,2.00000,2.00000,0.00000,0.07034,0.15664,245.21719,266.15106,0.06571,4284.00000,4209.00000,0.41953,248.66136
600.00000,0.07000,3.00000,2.00000,0.00000,0.13896,0.15664,245.21719,283.21629,0.12201,4284.00000,2707.00000,4.39396,248.66136
600.00000,0.07000,4.00000,3.00000,0.00000,0.06820,0.15664,245.21719,265.61958,0.06384,4284.00000,3500.00000,2.14754,248.66136
600.00000,0.07000,5.00000,2.00000,0.00000,0.07401,0.15664,245.21719,267.06411,0.06891,4284.00000,4215.00000,0.32171,248.66136
600.00000,0.07000,6.00000,2.00000,0.00000,0.09107,0.15664,245.21719,271.30697,0.08347,4284.00000,4212.00000,0.00000,248.66136
