"Omega","Tolerance","Step Size Rule","Iterations","Converged?","Gap LR","Gap Naive","Obj. Naive","Obj. LR","Gap","Time Naive","Time LR","Final Lambda"
600.00000,0.07000,1.00000,1.00000,0.00000,0.06826,0.15664,-245.21719,-265.63573,0.08327,2840.00000,2841.00000,0.00000
600.00000,0.07000,2.00000,1.00000,0.00000,0.06826,0.15664,-245.21719,-265.63573,0.08327,2840.00000,2839.00000,0.41551
600.00000,0.07000,3.00000,1.00000,0.00000,0.06826,0.15664,-245.21719,-265.63573,0.08327,2840.00000,2840.00000,0.21346
600.00000,0.07000,4.00000,1.00000,0.00000,0.06826,0.15664,-245.21719,-265.63573,0.08327,2840.00000,2849.00000,0.29596
600.00000,0.07000,5.00000,1.00000,0.00000,0.06826,0.15664,-245.21719,-265.63573,0.08327,2840.00000,2846.00000,0.27914
600.00000,0.07000,6.00000,1.00000,0.00000,0.06826,0.15664,-245.21719,-265.63573,0.08327,2840.00000,2846.00000,0.00000
