"Omega","Tolerance","Step Size Rule","Iterations","Converged?","Gap LR","Gap Naive","Obj. Naive","Obj. LR","Gap","Time Naive","Time LR","Final Lambda","LB Heuristic"
600.00000,0.07000,1.00000,3.00000,0.00000,0.06078,0.15664,245.21719,263.77612,0.05730,4272.00000,2849.00000,7.74000,248.66136
600.00000,0.07000,2.00000,2.00000,0.00000,0.06078,0.15664,245.21719,263.77612,0.05730,4272.00000,2418.00000,0.42311,248.66136
600.00000,0.07000,3.00000,3.00000,0.00000,0.06078,0.15664,245.21719,263.77612,0.05730,4272.00000,3522.00000,3.32146,248.66136
600.00000,0.07000,4.00000,2.00000,0.00000,0.06078,0.15664,245.21719,263.77612,0.05730,4272.00000,2402.00000,2.24879,248.66136
600.00000,0.07000,5.00000,3.00000,0.00000,0.06078,0.15664,245.21719,263.77612,0.05730,4272.00000,2442.00000,0.30776,248.66136
600.00000,0.07000,6.00000,3.00000,0.00000,0.06078,0.15664,245.21719,263.77612,0.05730,4272.00000,4329.00000,0.00000,248.66136
