"Omega","Tolerance","Step Size Rule","Iterations","Converged?","Gap LR","Gap Naive","Obj. Naive","Obj. LR","Gap","Time Naive","Time LR","Final Lambda","LB Heuristic"
600.00000,0.07000,1.00000,4.00000,0.00000,0.07470,0.13368,251.43020,267.23746,0.05915,4221.00000,2450.00000,7.11000,248.66136
600.00000,0.07000,2.00000,4.00000,0.00000,0.07470,0.13368,251.43020,267.23746,0.05915,4221.00000,2447.00000,0.42491,248.66136
600.00000,0.07000,3.00000,3.00000,0.00000,0.07470,0.13368,251.43020,267.23746,0.05915,4221.00000,2460.00000,3.34396,248.66136
600.00000,0.07000,4.00000,3.00000,0.00000,0.07470,0.13368,251.43020,267.23746,0.05915,4221.00000,3078.00000,2.14254,248.66136
600.00000,0.07000,5.00000,3.00000,0.00000,0.07470,0.13368,251.43020,267.23746,0.05915,4221.00000,2427.00000,0.29345,248.66136
600.00000,0.07000,6.00000,3.00000,0.00000,0.07470,0.13368,251.43020,267.23746,0.05915,4221.00000,4295.00000,0.00000,248.66136
