"Omega","Tolerance","Step Size Rule","Iterations","Converged?","Gap LR","Gap Naive","Obj. Naive","Obj. LR","Gap","Time Naive","Time LR","Final Lambda","LB Heuristic"
600.00000,0.07000,1.00000,3.00000,0.00000,0.13896,0.14561,248.22736,283.21629,0.12201,4232.00000,2452.00000,7.57096,248.66136
600.00000,0.07000,2.00000,2.00000,0.00000,0.13293,0.14561,248.22736,281.71629,0.11733,4232.00000,4208.00000,0.46634,248.66136
600.00000,0.07000,3.00000,2.00000,0.00000,0.13896,0.14561,248.22736,283.21629,0.12201,4232.00000,2460.00000,4.39396,248.66136
600.00000,0.07000,4.00000,2.00000,0.00000,0.13896,0.14561,248.22736,283.21629,0.12201,4232.00000,2591.00000,3.10247,248.66136
600.00000,0.07000,5.00000,2.00000,0.00000,0.07401,0.14561,248.22736,267.06411,0.06891,4232.00000,4215.00000,0.32171,248.66136
600.00000,0.07000,6.00000,2.00000,0.00000,0.09107,0.14561,248.22736,271.30697,0.08347,4232.00000,4208.00000,0.00000,248.66136
