"Omega","Tolerance","Step Size Rule","Iterations","Converged?","Gap LR","Gap Naive","Obj. Naive","Obj. LR","Gap","Time Naive","Time LR","Final Lambda"
600.00000,0.07000,1.00000,3.00000,0.00000,0.06078,0.15664,-245.21719,-263.77612,262.83342,4271.00000,2910.00000,7.74000
600.00000,0.07000,2.00000,2.00000,0.00000,0.06078,0.15664,-245.21719,-263.77612,262.83342,4271.00000,2421.00000,0.42311
600.00000,0.07000,3.00000,3.00000,0.00000,0.06078,0.15664,-245.21719,-263.77612,262.83342,4271.00000,3436.00000,3.32146
600.00000,0.07000,4.00000,2.00000,0.00000,0.06078,0.15664,-245.21719,-263.77612,262.83342,4271.00000,2440.00000,2.24879
600.00000,0.07000,5.00000,3.00000,0.00000,0.06078,0.15664,-245.21719,-263.77612,262.83342,4271.00000,2479.00000,0.30776
600.00000,0.07000,6.00000,3.00000,0.00000,0.06078,0.15664,-245.21719,-263.77612,262.83342,4271.00000,4322.00000,0.00000
