"Omega","Tolerance","Step Size Rule","Iterations","Converged?","Gap LR","Gap Naive","Obj. Naive","Obj. LR","Gap","Time Naive","Time LR","Final Lambda","LB Heuristic"
600.00000,0.07000,1.00000,3.00000,0.00000,0.06078,0.15664,245.21719,263.77612,0.05730,4267.00000,2826.00000,7.74000,248.66136
600.00000,0.07000,2.00000,2.00000,0.00000,0.06078,0.15664,245.21719,263.77612,0.05730,4267.00000,2415.00000,0.42311,248.66136
600.00000,0.07000,3.00000,3.00000,0.00000,0.06078,0.15664,245.21719,263.77612,0.05730,4267.00000,3483.00000,3.32146,248.66136
600.00000,0.07000,4.00000,2.00000,0.00000,0.06078,0.15664,245.21719,263.77612,0.05730,4267.00000,2405.00000,2.24879,248.66136
600.00000,0.07000,5.00000,3.00000,0.00000,0.06078,0.15664,245.21719,263.77612,0.05730,4267.00000,2449.00000,0.30776,248.66136
600.00000,0.07000,6.00000,3.00000,0.00000,0.06078,0.15664,245.21719,263.77612,0.05730,4267.00000,4325.00000,0.00000,248.66136
