"Omega","Tolerance","Step Size Rule","Iterations","Converged?","Gap LR","Gap Naive","Obj. Naive","Obj. LR","Gap","Time Naive","Time LR","Final Lambda"
600.00000,0.07000,1.00000,2.00000,0.00000,0.06576,0.15664,-245.21719,-265.01443,0.06171,2865.00000,2511.00000,8.57596
600.00000,0.07000,2.00000,2.00000,0.00000,0.06576,0.15664,-245.21719,-265.01443,0.06171,2865.00000,2520.00000,0.37541
600.00000,0.07000,3.00000,2.00000,0.00000,0.06576,0.15664,-245.21719,-265.01443,0.06171,2865.00000,2569.00000,3.68146
600.00000,0.07000,4.00000,2.00000,0.00000,0.06576,0.15664,-245.21719,-265.01443,0.06171,2865.00000,2579.00000,2.34879
600.00000,0.07000,5.00000,2.00000,0.00000,0.06576,0.15664,-245.21719,-265.01443,0.06171,2865.00000,2504.00000,0.11340
600.00000,0.07000,6.00000,2.00000,0.00000,0.06576,0.15664,-245.21719,-265.01443,0.06171,2865.00000,2317.00000,1.04577
