"Omega","Tolerance","Step Size Rule","Iterations","Converged?","Gap LR","Gap Naive","Obj. Naive","Obj. LR","Gap","Time Naive","Time LR","Final Lambda"
150.00000,0.07000,1.00000,10.00000,0.00000,0.07907,0.00000,-282.59845,-303.73199,0.07478,46.00000,21.00000,26.85991
150.00000,0.07000,2.00000,10.00000,0.00000,0.06309,0.00000,-282.59845,-299.23199,0.05886,46.00000,123.00000,1.89562
150.00000,0.07000,3.00000,10.00000,0.00000,0.07907,0.00000,-282.59845,-303.73199,0.07478,46.00000,31.00000,29.26052
150.00000,0.07000,4.00000,10.00000,0.00000,0.07907,0.00000,-282.59845,-303.73199,0.07478,46.00000,31.00000,51.75492
150.00000,0.07000,5.00000,10.00000,0.00000,0.06902,0.00000,-282.59845,-300.90302,0.06477,46.00000,158.00000,1.88083
150.00000,0.07000,6.00000,10.00000,0.00000,0.03485,0.00000,-282.59845,-291.28418,0.03074,46.00000,79.00000,1.78898
