"Omega","Tolerance","Step Size Rule","Iterations","Converged?","Gap LR","Gap Naive","Obj. Naive","Obj. LR","Gap","Time Naive","Time LR","Final Lambda","LB Heuristic"
600.00000,0.01000,1.00000,2.00000,0.00000,0.03114,0.00035,252.74117,253.13059,0.00154,2954.00000,4210.00000,1.11096,245.48647
600.00000,0.01000,2.00000,2.00000,0.00000,0.02538,0.00035,252.74117,251.71716,-0.00407,2954.00000,4208.00000,2.32596,245.48647
600.00000,0.01000,3.00000,2.00000,0.00000,0.03150,0.00035,252.74117,253.21938,0.00189,2954.00000,4209.00000,1.16496,245.48647
600.00000,0.01000,4.00000,2.00000,0.00000,0.03150,0.00035,252.74117,253.21938,0.00189,2954.00000,4210.00000,1.17389,245.48647
600.00000,0.01000,5.00000,4.00000,0.00000,0.03150,0.00035,252.74117,253.21938,0.00189,2954.00000,2542.00000,0.01094,245.48647
600.00000,0.01000,6.00000,3.00000,0.00000,0.03022,0.00035,252.74117,252.90450,0.00065,2954.00000,4257.00000,0.00000,245.48647
