"Omega","Tolerance","Step Size Rule","Iterations","Converged?","Gap LR","Gap Naive","Obj. Naive","Obj. LR","Gap","Time Naive","Time LR","Final Lambda","LB Heuristic"
600.00000,0.01000,1.00000,2.00000,0.00000,0.03054,0.00035,252.74117,253.21938,0.00189,2200.00000,4121.00000,1.11096,245.48647
600.00000,0.01000,2.00000,2.00000,0.00000,0.03127,0.00035,252.74117,253.41000,0.00264,2200.00000,4196.00000,0.60096,245.48647
600.00000,0.01000,3.00000,2.00000,0.00000,0.03115,0.00035,252.74117,253.38009,0.00252,2200.00000,4176.00000,1.17396,245.48647
600.00000,0.01000,4.00000,2.00000,0.00000,0.03119,0.00035,252.74117,253.39009,0.00256,2200.00000,3618.00000,1.18389,245.48647
600.00000,0.01000,5.00000,5.00000,0.00000,0.03127,0.00035,252.74117,253.41009,0.00264,2200.00000,2469.00000,0.01296,245.48647
600.00000,0.01000,6.00000,3.00000,0.00000,0.02933,0.00035,252.74117,252.90450,0.00065,2200.00000,3948.00000,0.00000,245.48647
