"Omega","Tolerance","Step Size Rule","Iterations","Converged?","Gap LR","Gap Naive","Obj. Naive","Obj. LR","Gap","Time Naive","Time LR","Final Lambda","LB Heuristic"
600.00000,0.01000,1.00000,2.00000,0.00000,0.03052,0.02639,252.51757,252.97938,0.00183,4274.00000,4214.00000,1.08096,245.48647
600.00000,0.01000,2.00000,2.00000,1.00000,0.02360,0.02639,252.51757,251.28116,-0.00492,4274.00000,4214.00000,0.82596,245.48647
600.00000,0.01000,3.00000,2.00000,0.00000,0.03150,0.02639,252.51757,253.21938,0.00277,4274.00000,4214.00000,1.16496,245.48647
600.00000,0.01000,4.00000,2.00000,0.00000,0.03150,0.02639,252.51757,253.21938,0.00277,4274.00000,4210.00000,1.17389,245.48647
600.00000,0.01000,5.00000,4.00000,0.00000,0.03150,0.02639,252.51757,253.21938,0.00277,4274.00000,2439.00000,0.01094,245.48647
600.00000,0.01000,6.00000,3.00000,0.00000,0.03022,0.02639,252.51757,252.90450,0.00153,4274.00000,4282.00000,0.00000,245.48647
