"Omega","Tolerance","Step Size Rule","Iterations","Converged?","Gap LR","Gap Naive","Obj. Naive","Obj. LR","Gap","Time Naive","Time LR","Final Lambda","LB Heuristic"
600.00000,0.01000,1.00000,2.00000,0.00000,0.03054,0.00000,252.74117,253.21938,0.00189,1957.00000,4047.00000,1.11096,245.48647
600.00000,0.01000,2.00000,2.00000,0.00000,0.02865,0.00000,252.74117,252.72699,-0.00006,1957.00000,4213.00000,0.60096,245.48647
600.00000,0.01000,3.00000,2.00000,0.00000,0.03115,0.00000,252.74117,253.38009,0.00252,1957.00000,3877.00000,1.17396,245.48647
600.00000,0.01000,4.00000,2.00000,0.00000,0.03119,0.00000,252.74117,253.39009,0.00256,1957.00000,3854.00000,1.18389,245.48647
600.00000,0.01000,5.00000,7.00000,0.00000,0.03127,0.00000,252.74117,253.41009,0.00264,1957.00000,2403.00000,0.01609,245.48647
600.00000,0.01000,6.00000,3.00000,0.00000,0.02933,0.00000,252.74117,252.90450,0.00065,1957.00000,3887.00000,0.00000,245.48647
