"Omega","Tolerance","Step Size Rule","Iterations","Converged?","Gap LR","Gap Naive","Obj. Naive","Obj. LR","Gap","Time Naive","Time LR","Final Lambda"
600.00000,0.01000,1.00000,2.00000,0.00000,0.02729,0.04356,-252.30581,-252.18650,-0.00047,2881.00000,4310.00000,1.06596
600.00000,0.01000,2.00000,2.00000,0.00000,0.02382,0.04356,-252.30581,-251.33501,-0.00386,2881.00000,4322.00000,1.07596
600.00000,0.01000,3.00000,2.00000,0.00000,0.02919,0.04356,-252.30581,-252.65291,0.00137,2881.00000,4317.00000,1.14846
600.00000,0.01000,4.00000,2.00000,0.00000,0.02919,0.04356,-252.30581,-252.65291,0.00137,2881.00000,4287.00000,1.17889
600.00000,0.01000,5.00000,2.00000,0.00000,0.03016,0.04356,-252.30581,-252.89051,0.00231,2881.00000,2251.00000,0.00505
600.00000,0.01000,6.00000,3.00000,0.00000,0.03016,0.04356,-252.30581,-252.89051,0.00231,2881.00000,4354.00000,0.00000
