"Omega","Tolerance","Step Size Rule","Iterations","Converged?","Gap LR","Gap Naive","Obj. Naive","Obj. LR","Gap","Time Naive","Time LR","Final Lambda"
600.00000,0.01000,1.00000,1.00000,0.00000,0.03016,0.02507,-252.74117,-252.89051,0.00059,2842.00000,2844.00000,1.18596
600.00000,0.01000,2.00000,1.00000,0.00000,0.03016,0.02507,-252.74117,-252.89051,0.00059,2842.00000,2847.00000,0.00000
600.00000,0.01000,3.00000,1.00000,0.00000,0.03016,0.02507,-252.74117,-252.89051,0.00059,2842.00000,2845.00000,1.19346
600.00000,0.01000,4.00000,1.00000,0.00000,0.03016,0.02507,-252.74117,-252.89051,0.00059,2842.00000,2852.00000,1.19596
600.00000,0.01000,5.00000,1.00000,0.00000,0.03016,0.02507,-252.74117,-252.89051,0.00059,2842.00000,2848.00000,0.00000
600.00000,0.01000,6.00000,1.00000,0.00000,0.03228,0.02507,-252.74117,-253.41009,0.00265,2842.00000,2844.00000,0.00000
