"Omega","Tolerance","Step Size Rule","Iterations","Converged?","Gap LR","Gap Naive","Obj. Naive","Obj. LR","Gap","Time Naive","Time LR","Final Lambda","LB Heuristic"
600.00000,0.01000,1.00000,3.00000,0.00000,0.03179,0.00000,252.74117,253.29009,0.00217,1180.00000,3388.00000,1.11096,245.48647
600.00000,0.01000,2.00000,2.00000,0.00000,0.03228,0.00000,252.74117,253.41009,0.00264,1180.00000,3322.00000,0.70096,245.48647
600.00000,0.01000,3.00000,3.00000,0.00000,0.03206,0.00000,252.74117,253.35609,0.00243,1180.00000,3099.00000,1.16396,245.48647
600.00000,0.01000,4.00000,3.00000,0.00000,0.03214,0.00000,252.74117,253.37595,0.00251,1180.00000,3124.00000,1.17812,245.48647
600.00000,0.01000,5.00000,10.00000,0.00000,0.03228,0.00000,252.74117,253.41009,0.00264,1180.00000,1422.00000,0.01948,245.48647
600.00000,0.01000,6.00000,5.00000,0.00000,0.03022,0.00000,252.74117,252.90450,0.00065,1180.00000,2495.00000,0.00000,245.48647
