"Omega","Tolerance","Step Size Rule","Iterations","Converged?","Gap LR","Gap Naive","Obj. Naive","Obj. LR","Gap","Time Naive","Time LR","Final Lambda","LB Heuristic"
600.00000,0.01000,1.00000,2.00000,0.00000,0.03203,0.00000,252.74117,253.35009,0.00240,1628.00000,3772.00000,1.14096,245.48647
600.00000,0.01000,2.00000,2.00000,0.00000,0.02949,0.00000,252.74117,252.72699,-0.00006,1628.00000,4162.00000,0.60096,245.48647
600.00000,0.01000,3.00000,2.00000,0.00000,0.03215,0.00000,252.74117,253.38009,0.00252,1628.00000,3748.00000,1.17396,245.48647
600.00000,0.01000,4.00000,2.00000,0.00000,0.03220,0.00000,252.74117,253.39009,0.00256,1628.00000,3390.00000,1.18389,245.48647
600.00000,0.01000,5.00000,8.00000,0.00000,0.03228,0.00000,252.74117,253.41009,0.00264,1628.00000,2439.00000,0.01735,245.48647
600.00000,0.01000,6.00000,3.00000,0.00000,0.03022,0.00000,252.74117,252.90450,0.00065,1628.00000,3023.00000,0.00000,245.48647
