"Omega","Tolerance","Step Size Rule","Iterations","Converged?","Gap LR","Gap Naive","Obj. Naive","Obj. LR","Gap","Time Naive","Time LR","Final Lambda","LB Heuristic"
900.00000,0.01000,1.00000,3.00000,0.00000,0.03847,0.05822,251.02064,253.82400,0.01104,4337.00000,3143.00000,0.56694,244.42205
900.00000,0.01000,2.00000,2.00000,0.00000,0.02714,0.05822,251.02064,251.05529,0.00014,4337.00000,4213.00000,0.29194,244.42205
900.00000,0.01000,3.00000,3.00000,0.00000,0.04015,0.05822,251.02064,254.23637,0.01265,4337.00000,3597.00000,0.69944,244.42205
900.00000,0.01000,4.00000,2.00000,0.00000,0.03554,0.05822,251.02064,253.10998,0.00825,4337.00000,4212.00000,0.76633,244.42205
900.00000,0.01000,5.00000,4.00000,0.00000,0.03573,0.05822,251.02064,253.15498,0.00843,4337.00000,2531.00000,0.00730,244.42205
900.00000,0.01000,6.00000,3.00000,0.00000,0.03306,0.05822,251.02064,252.50154,0.00586,4337.00000,4254.00000,0.00000,244.42205
