"Omega","Tolerance","Step Size Rule","Iterations","Converged?","Gap LR","Gap Naive","Obj. Naive","Obj. LR","Gap","Time Naive","Time LR","Final Lambda","LB Heuristic"
900.00000,0.01000,1.00000,2.00000,0.00000,0.03480,0.01294,252.02876,252.92692,0.00355,4251.00000,4208.00000,0.70194,244.42205
900.00000,0.01000,2.00000,2.00000,0.00000,0.02515,0.01294,252.02876,250.56891,-0.00583,4251.00000,4208.00000,1.79194,244.42205
900.00000,0.01000,3.00000,2.00000,0.00000,0.03573,0.01294,252.02876,253.15498,0.00445,4251.00000,4208.00000,0.73344,244.42205
900.00000,0.01000,4.00000,2.00000,0.00000,0.03565,0.01294,252.02876,253.13543,0.00437,4251.00000,4207.00000,0.76633,244.42205
900.00000,0.01000,5.00000,9.00000,0.00000,0.03573,0.01294,252.02876,253.15498,0.00445,4251.00000,2425.00000,0.01232,244.42205
900.00000,0.01000,6.00000,3.00000,0.00000,0.03306,0.01294,252.02876,252.50154,0.00187,4251.00000,4258.00000,0.00000,244.42205
