"Omega","Tolerance","Step Size Rule","Iterations","Converged?","Gap LR","Gap Naive","Obj. Naive","Obj. LR","Gap","Time Naive","Time LR","Final Lambda"
900.00000,0.01000,1.00000,2.00000,1.00000,0.00000,0.05822,-251.02064,-244.42205,243.39506,4322.00000,4217.00000,0.70194
900.00000,0.01000,2.00000,2.00000,1.00000,0.00000,0.05822,-251.02064,-244.42205,243.39506,4322.00000,4216.00000,0.54194
900.00000,0.01000,3.00000,2.00000,0.00000,0.02603,0.05822,-251.02064,-250.78529,249.78435,4322.00000,4218.00000,0.71094
900.00000,0.01000,4.00000,2.00000,0.00000,0.02714,0.05822,-251.02064,-251.05529,250.05543,4322.00000,4214.00000,0.75133
900.00000,0.01000,5.00000,3.00000,0.00000,0.02714,0.05822,-251.02064,-251.05529,250.05543,4322.00000,2532.00000,0.00561
900.00000,0.01000,6.00000,3.00000,0.00000,0.03573,0.05822,-251.02064,-253.15498,252.16341,4322.00000,4353.00000,0.00000
