"Omega","Tolerance","Step Size Rule","Iterations","Converged?","Gap LR","Gap Naive","Obj. Naive","Obj. LR","Gap","Time Naive","Time LR","Final Lambda","LB Heuristic"
900.00000,0.01000,1.00000,2.00000,1.00000,0.00000,0.05822,251.02064,244.42205,-0.02700,4313.00000,4219.00000,0.70194,244.42205
900.00000,0.01000,2.00000,2.00000,1.00000,0.00000,0.05822,251.02064,244.42205,-0.02700,4313.00000,4219.00000,0.54194,244.42205
900.00000,0.01000,3.00000,2.00000,0.00000,0.02603,0.05822,251.02064,250.78529,-0.00094,4313.00000,4222.00000,0.71094,244.42205
900.00000,0.01000,4.00000,2.00000,0.00000,0.02714,0.05822,251.02064,251.05529,0.00014,4313.00000,4217.00000,0.75133,244.42205
900.00000,0.01000,5.00000,3.00000,0.00000,0.02714,0.05822,251.02064,251.05529,0.00014,4313.00000,2526.00000,0.00561,244.42205
900.00000,0.01000,6.00000,3.00000,0.00000,0.03478,0.05822,251.02064,252.92351,0.00752,4313.00000,4320.00000,0.00000,244.42205
