"Omega","Tolerance","Step Size Rule","Iterations","Converged?","Gap LR","Gap Naive","Obj. Naive","Obj. LR","Gap","Time Naive","Time LR","Final Lambda","LB Heuristic"
900.00000,0.01000,1.00000,2.00000,1.00000,0.00000,0.05600,251.61271,244.42205,-0.02942,4338.00000,4218.00000,0.70194,244.42205
900.00000,0.01000,2.00000,2.00000,1.00000,0.00000,0.05600,251.61271,244.42205,-0.02942,4338.00000,4218.00000,0.54194,244.42205
900.00000,0.01000,3.00000,2.00000,0.00000,0.02603,0.05600,251.61271,250.78529,-0.00330,4338.00000,4221.00000,0.71094,244.42205
900.00000,0.01000,4.00000,2.00000,0.00000,0.02714,0.05600,251.61271,251.05529,-0.00222,4338.00000,4216.00000,0.75133,244.42205
900.00000,0.01000,5.00000,3.00000,0.00000,0.02714,0.05600,251.61271,251.05529,-0.00222,4338.00000,2555.00000,0.00561,244.42205
900.00000,0.01000,6.00000,3.00000,0.00000,0.03573,0.05600,251.61271,253.15498,0.00609,4338.00000,4342.00000,0.00000,244.42205
