"Omega","Tolerance","Step Size Rule","Iterations","Converged?","Gap LR","Gap Naive","Obj. Naive","Obj. LR","Gap","Time Naive","Time LR","Final Lambda"
900.00000,0.01000,1.00000,1.00000,0.00000,0.03840,0.04430,-251.61271,-253.80681,0.00872,2897.00000,2899.00000,0.73194
900.00000,0.01000,2.00000,1.00000,0.00000,0.03840,0.04430,-251.61271,-253.80681,0.00872,2897.00000,2905.00000,0.41694
900.00000,0.01000,3.00000,1.00000,0.00000,0.03840,0.04430,-251.61271,-253.80681,0.00872,2897.00000,2896.00000,0.76194
900.00000,0.01000,4.00000,1.00000,0.00000,0.03840,0.04430,-251.61271,-253.80681,0.00872,2897.00000,2899.00000,0.77194
900.00000,0.01000,5.00000,1.00000,0.00000,0.03840,0.04430,-251.61271,-253.80681,0.00872,2897.00000,2901.00000,0.00000
900.00000,0.01000,6.00000,1.00000,0.00000,0.03840,0.04430,-251.61271,-253.80681,0.00872,2897.00000,2852.00000,0.00000
