"Omega","Tolerance","Step Size Rule","Iterations","Converged?","Gap LR","Gap Naive","Obj. Naive","Obj. LR","Gap","Time Naive","Time LR","Final Lambda","LB Heuristic"
900.00000,0.01000,2.00000,2.00000,1.00000,0.00000,0.03170,252.01005,244.42205,-0.03104,4268.00000,4211.00000,0.29194,244.42205
900.00000,0.01000,3.00000,2.00000,0.00000,0.03545,0.03170,252.01005,253.08748,0.00426,4268.00000,4212.00000,0.75144,244.42205
900.00000,0.01000,4.00000,2.00000,0.00000,0.03565,0.03170,252.01005,253.13543,0.00445,4268.00000,4210.00000,0.76633,244.42205
900.00000,0.01000,5.00000,3.00000,0.00000,0.03573,0.03170,252.01005,253.15498,0.00452,4268.00000,2406.00000,0.00561,244.42205
900.00000,0.01000,6.00000,3.00000,0.00000,0.03306,0.03170,252.01005,252.50154,0.00195,4268.00000,4342.00000,0.00000,244.42205
