"Omega","Tolerance","Step Size Rule","Iterations","Converged?","Gap LR","Gap Naive","Obj. Naive","Obj. LR","Gap","Time Naive","Time LR","Final Lambda"
900.00000,0.01000,1.00000,2.00000,0.00000,0.02108,0.08583,-243.66100,-249.57342,0.02064,2925.00000,4436.00000,0.52194
900.00000,0.01000,2.00000,2.00000,0.00000,0.01991,0.08583,-243.66100,-249.28842,0.01952,2925.00000,4401.00000,0.45860
900.00000,0.01000,3.00000,2.00000,0.00000,0.02356,0.08583,-243.66100,-250.18092,0.02302,2925.00000,4417.00000,0.67044
900.00000,0.01000,4.00000,2.00000,0.00000,0.03554,0.08583,-243.66100,-253.10998,0.03432,2925.00000,4400.00000,0.76633
900.00000,0.01000,5.00000,2.00000,0.00000,0.03840,0.08583,-243.66100,-253.80681,0.03698,2925.00000,2413.00000,0.00337
900.00000,0.01000,6.00000,2.00000,0.00000,0.03840,0.08583,-243.66100,-253.80681,0.03698,2925.00000,2386.00000,0.56564
