"Omega","Tolerance","Step Size Rule","Iterations","Converged?","Gap LR","Gap Naive","Obj. Naive","Obj. LR","Gap","Time Naive","Time LR","Final Lambda","LB Heuristic"
600.00000,0.03000,1.00000,3.00000,0.00000,0.04123,0.08469,251.45057,257.97217,0.02528,4243.00000,2566.00000,8.85622,247.75701
600.00000,0.03000,2.00000,2.00000,0.00000,0.02770,0.08469,251.45057,254.62009,0.01245,4243.00000,4209.00000,0.28849,247.75701
600.00000,0.03000,3.00000,2.00000,0.00000,0.03738,0.08469,251.45057,257.01765,0.02166,4243.00000,4212.00000,0.43072,247.75701
600.00000,0.03000,4.00000,2.00000,0.00000,0.03866,0.08469,251.45057,257.33518,0.02287,4243.00000,4211.00000,0.47086,247.75701
600.00000,0.03000,5.00000,3.00000,0.00000,0.04123,0.08469,251.45057,257.97217,0.02528,4243.00000,2442.00000,0.02436,247.75701
600.00000,0.03000,6.00000,3.00000,0.00000,0.04300,0.08469,251.45057,258.41009,0.02693,4243.00000,4169.00000,0.00000,247.75701
