"Omega","Tolerance","Step Size Rule","Iterations","Converged?","Gap LR","Gap Naive","Obj. Naive","Obj. LR","Gap","Time Naive","Time LR","Final Lambda"
600.00000,0.03000,1.00000,2.00000,0.00000,0.04123,0.12065,-242.06470,-257.97217,257.01177,4300.00000,2427.00000,9.12622
600.00000,0.03000,2.00000,2.00000,0.00000,0.02770,0.12065,-242.06470,-254.62009,253.64704,4300.00000,4222.00000,0.28849
600.00000,0.03000,3.00000,2.00000,0.00000,0.01120,0.12065,-242.06470,-250.53266,249.54374,4300.00000,4219.00000,0.37072
600.00000,0.03000,4.00000,2.00000,0.00000,0.03827,0.12065,-242.06470,-257.23765,256.27450,4300.00000,4222.00000,0.47794
600.00000,0.03000,5.00000,3.00000,0.00000,0.04123,0.12065,-242.06470,-257.97217,257.01177,4300.00000,2407.00000,0.02436
600.00000,0.03000,6.00000,3.00000,0.00000,0.04123,0.12065,-242.06470,-257.97217,257.01177,4300.00000,4310.00000,0.00000
