"Omega","Tolerance","Step Size Rule","Iterations","Converged?","Gap LR","Gap Naive","Obj. Naive","Obj. LR","Gap","Time Naive","Time LR","Final Lambda","LB Heuristic"
600.00000,0.03000,1.00000,4.00000,0.00000,0.04300,0.08113,252.42677,258.41009,0.02315,4229.00000,2537.00000,8.55622,247.75701
600.00000,0.03000,2.00000,2.00000,0.00000,0.03632,0.08113,252.42677,256.75457,0.01686,4229.00000,4205.00000,0.25834,247.75701
600.00000,0.03000,3.00000,2.00000,0.00000,0.03689,0.08113,252.42677,256.89765,0.01740,4229.00000,4207.00000,0.41572,247.75701
600.00000,0.03000,4.00000,2.00000,0.00000,0.03959,0.08113,252.42677,257.56509,0.01995,4229.00000,4209.00000,0.45026,247.75701
600.00000,0.03000,5.00000,5.00000,0.00000,0.04300,0.08113,252.42677,258.41009,0.02315,4229.00000,2487.00000,0.11291,247.75701
600.00000,0.03000,6.00000,3.00000,0.00000,0.04300,0.08113,252.42677,258.41009,0.02315,4229.00000,3542.00000,0.00000,247.75701
