"Omega","Tolerance","Step Size Rule","Iterations","Converged?","Gap LR","Gap Naive","Obj. Naive","Obj. LR","Gap","Time Naive","Time LR","Final Lambda","LB Heuristic"
600.00000,0.03000,1.00000,3.00000,0.00000,0.04123,0.07583,253.88387,258.41009,0.01752,4235.00000,2420.00000,8.82622,247.75701
600.00000,0.03000,2.00000,2.00000,0.00000,0.03504,0.07583,253.88387,256.75457,0.01118,4235.00000,4217.00000,0.25834,247.75701
600.00000,0.03000,3.00000,2.00000,0.00000,0.03559,0.07583,253.88387,256.89967,0.01174,4235.00000,4209.00000,0.39772,247.75701
600.00000,0.03000,4.00000,2.00000,0.00000,0.03808,0.07583,253.88387,257.56509,0.01429,4235.00000,4208.00000,0.45026,247.75701
600.00000,0.03000,5.00000,6.00000,0.00000,0.04123,0.07583,253.88387,258.41009,0.01752,4235.00000,2431.00000,0.11463,247.75701
600.00000,0.03000,6.00000,3.00000,0.00000,0.04123,0.07583,253.88387,258.41009,0.01752,4235.00000,3721.00000,0.00000,247.75701
