"Omega","Tolerance","Step Size Rule","Iterations","Converged?","Gap LR","Gap Naive","Obj. Naive","Obj. LR","Gap","Time Naive","Time LR","Final Lambda"
600.00000,0.03000,1.00000,2.00000,0.00000,0.02827,0.12369,-242.06470,-254.76146,0.02749,2866.00000,2554.00000,9.08122
600.00000,0.03000,2.00000,2.00000,0.00000,0.02827,0.12369,-242.06470,-254.76146,0.02749,2866.00000,4328.00000,0.30408
600.00000,0.03000,3.00000,2.00000,0.00000,0.00957,0.12369,-242.06470,-250.12766,0.00948,2866.00000,4318.00000,0.34822
600.00000,0.03000,4.00000,2.00000,0.00000,0.02827,0.12369,-242.06470,-254.76146,0.02749,2866.00000,4292.00000,0.46294
600.00000,0.03000,5.00000,3.00000,0.00000,0.04300,0.12369,-242.06470,-258.41009,0.04123,2866.00000,2377.00000,0.10827
600.00000,0.03000,6.00000,3.00000,0.00000,0.04300,0.12369,-242.06470,-258.41009,0.04123,2866.00000,4362.00000,0.00000
