"Omega","Tolerance","Step Size Rule","Iterations","Converged?","Gap LR","Gap Naive","Obj. Naive","Obj. LR","Gap","Time Naive","Time LR","Final Lambda","LB Heuristic"
600.00000,0.03000,1.00000,2.00000,0.00000,0.02827,0.12369,242.06470,254.76146,0.02749,4282.00000,2447.00000,9.08122,247.75701
600.00000,0.03000,2.00000,2.00000,0.00000,0.02770,0.12369,242.06470,254.62009,0.02695,4282.00000,4219.00000,0.28849,247.75701
600.00000,0.03000,3.00000,2.00000,0.00000,0.01120,0.12369,242.06470,250.53266,0.01108,4282.00000,4221.00000,0.37072,247.75701
600.00000,0.03000,4.00000,2.00000,0.00000,0.02827,0.12369,242.06470,254.76146,0.02749,4282.00000,4214.00000,0.46294,247.75701
600.00000,0.03000,5.00000,4.00000,0.00000,0.04123,0.12369,242.06470,257.97217,0.03960,4282.00000,2512.00000,0.02693,247.75701
600.00000,0.03000,6.00000,3.00000,0.00000,0.04123,0.12369,242.06470,257.97217,0.03960,4282.00000,4305.00000,0.00000,247.75701
