"Omega","Tolerance","Step Size Rule","Iterations","Converged?","Gap LR","Gap Naive","Obj. Naive","Obj. LR","Gap","Time Naive","Time LR","Final Lambda"
600.00000,0.03000,1.00000,1.00000,0.00000,0.04300,0.10939,-244.77776,-258.41009,0.05569,2840.00000,2847.00000,0.36622
600.00000,0.03000,2.00000,1.00000,0.00000,0.04300,0.10939,-244.77776,-258.41009,0.05569,2840.00000,2842.00000,0.44584
600.00000,0.03000,3.00000,1.00000,0.00000,0.04300,0.10939,-244.77776,-258.41009,0.05569,2840.00000,2848.00000,0.46372
600.00000,0.03000,4.00000,1.00000,0.00000,0.04300,0.10939,-244.77776,-258.41009,0.05569,2840.00000,2852.00000,0.49622
600.00000,0.03000,5.00000,1.00000,0.00000,0.04300,0.10939,-244.77776,-258.41009,0.05569,2840.00000,2846.00000,0.09968
600.00000,0.03000,6.00000,1.00000,0.00000,0.04300,0.10939,-244.77776,-258.41009,0.05569,2840.00000,2844.00000,0.00000
