"Omega","Tolerance","Step Size Rule","Iterations","Converged?","Gap LR","Gap Naive","Obj. Naive","Obj. LR","Gap","Time Naive","Time LR","Final Lambda","LB Heuristic"
600.00000,0.03000,1.00000,4.00000,0.00000,0.04300,0.07583,253.88387,258.41009,0.01752,4227.00000,2578.00000,8.55622,247.75701
600.00000,0.03000,2.00000,2.00000,0.00000,0.03632,0.07583,253.88387,256.75457,0.01118,4227.00000,4206.00000,0.25834,247.75701
600.00000,0.03000,3.00000,2.00000,0.00000,0.03689,0.07583,253.88387,256.89765,0.01173,4227.00000,4207.00000,0.41572,247.75701
600.00000,0.03000,4.00000,2.00000,0.00000,0.03959,0.07583,253.88387,257.56509,0.01429,4227.00000,4207.00000,0.45026,247.75701
600.00000,0.03000,5.00000,5.00000,0.00000,0.04300,0.07583,253.88387,258.41009,0.01752,4227.00000,2421.00000,0.11291,247.75701
600.00000,0.03000,6.00000,3.00000,0.00000,0.04300,0.07583,253.88387,258.41009,0.01752,4227.00000,3706.00000,0.00000,247.75701
