"Omega","Tolerance","Step Size Rule","Iterations","Converged?","Gap LR","Gap Naive","Obj. Naive","Obj. LR","Gap","Time Naive","Time LR","Final Lambda"
1200.00000,0.01000,1.00000,2.00000,0.00000,0.00813,0.08648,-261.80025,-270.16339,0.00806,2841.00000,4205.00000,0.26720
1200.00000,0.01000,2.00000,2.00000,0.00000,0.01973,0.08648,-261.80025,-273.27260,0.01935,2841.00000,2251.00000,0.00126
1200.00000,0.01000,3.00000,2.00000,0.00000,0.02008,0.08648,-261.80025,-273.36600,0.01969,2841.00000,4205.00000,0.44570
1200.00000,0.01000,4.00000,2.00000,0.00000,0.02009,0.08648,-261.80025,-273.36850,0.01969,2841.00000,4205.00000,0.44073
1200.00000,0.01000,5.00000,3.00000,0.00000,0.02011,0.08648,-261.80025,-273.37350,0.01971,2841.00000,2268.00000,6.01553
1200.00000,0.01000,6.00000,4.00000,0.00000,0.02011,0.08648,-261.80025,-273.37350,0.01971,2841.00000,2929.00000,0.87862
