"Omega","Tolerance","Step Size Rule","Iterations","Converged?","Gap LR","Gap Naive","Obj. Naive","Obj. LR","Gap","Time Naive","Time LR","Final Lambda"
900.00000,0.07000,1.00000,2.00000,0.00000,0.00844,0.23053,-224.82865,-244.13907,-0.00851,2979.00000,2738.00000,12.55500
900.00000,0.07000,2.00000,1.00000,0.00000,0.00844,0.23053,-224.82865,-244.13907,-0.00851,2979.00000,2273.00000,0.28271
900.00000,0.07000,3.00000,2.00000,0.00000,0.00844,0.23053,-224.82865,-244.13907,-0.00851,2979.00000,2695.00000,5.02200
900.00000,0.07000,4.00000,2.00000,0.00000,0.00844,0.23053,-224.82865,-244.13907,-0.00851,2979.00000,2627.00000,2.95924
900.00000,0.07000,5.00000,2.00000,0.00000,0.00844,0.23053,-224.82865,-244.13907,-0.00851,2979.00000,2668.00000,0.21486
900.00000,0.07000,6.00000,2.00000,0.00000,0.02300,0.23053,-224.82865,-251.88054,0.02249,2979.00000,2606.00000,0.60775
