"Omega","Tolerance","Step Size Rule","Iterations","Converged?","Gap LR","Gap Naive","Obj. Naive","Obj. LR","Gap","Time Naive","Time LR","Final Lambda","LB Heuristic"
900.00000,0.07000,2.00000,2.00000,0.00000,0.02300,0.22928,224.82865,251.88054,0.02249,4267.00000,2989.00000,0.28053,246.21691
900.00000,0.07000,3.00000,3.00000,0.00000,0.02300,0.22928,224.82865,251.88054,0.02249,4267.00000,3564.00000,4.71700,246.21691
900.00000,0.07000,4.00000,3.00000,0.00000,0.02300,0.22928,224.82865,251.88054,0.02249,4267.00000,3962.00000,2.81966,246.21691
900.00000,0.07000,5.00000,3.00000,0.00000,0.02300,0.22928,224.82865,251.88054,0.02249,4267.00000,2614.00000,0.20138,246.21691
900.00000,0.07000,6.00000,3.00000,0.00000,0.02300,0.22928,224.82865,251.88054,0.02249,4267.00000,4382.00000,0.00000,246.21691
