"Omega","Tolerance","Step Size Rule","Iterations","Converged?","Gap LR","Gap Naive","Obj. Naive","Obj. LR","Gap","Time Naive","Time LR","Final Lambda"
900.00000,0.07000,1.00000,1.00000,1.00000,0.00000,0.22985,-224.82865,-246.21691,245.21691,4332.00000,2113.00000,0.30651
900.00000,0.07000,2.00000,1.00000,1.00000,0.00000,0.22985,-224.82865,-246.21691,245.21691,4332.00000,2115.00000,0.30651
900.00000,0.07000,3.00000,1.00000,1.00000,0.00000,0.22985,-224.82865,-246.21691,245.21691,4332.00000,2114.00000,0.30651
900.00000,0.07000,4.00000,1.00000,1.00000,0.00000,0.22985,-224.82865,-246.21691,245.21691,4332.00000,2113.00000,0.30651
900.00000,0.07000,5.00000,1.00000,1.00000,0.00000,0.22985,-224.82865,-246.21691,245.21691,4332.00000,2117.00000,0.30651
900.00000,0.07000,6.00000,1.00000,1.00000,0.00000,0.22985,-224.82865,-246.21691,245.21691,4332.00000,2113.00000,0.30651
