"Omega","Tolerance","Step Size Rule","Iterations","Converged?","Gap LR","Gap Naive","Obj. Naive","Obj. LR","Gap","Time Naive","Time LR","Final Lambda"
900.00000,0.07000,1.00000,1.00000,0.00000,0.02300,0.22943,-224.82865,-251.88054,0.12032,2910.00000,2902.00000,0.00000
900.00000,0.07000,2.00000,1.00000,0.00000,0.02300,0.22943,-224.82865,-251.88054,0.12032,2910.00000,2897.00000,0.27874
900.00000,0.07000,3.00000,1.00000,0.00000,0.02300,0.22943,-224.82865,-251.88054,0.12032,2910.00000,2903.00000,0.00000
900.00000,0.07000,4.00000,1.00000,0.00000,0.02300,0.22943,-224.82865,-251.88054,0.12032,2910.00000,2893.00000,0.03651
900.00000,0.07000,5.00000,1.00000,0.00000,0.02300,0.22943,-224.82865,-251.88054,0.12032,2910.00000,2894.00000,0.19540
900.00000,0.07000,6.00000,1.00000,0.00000,0.08521,0.22943,-224.82865,-267.19641,0.18844,2910.00000,2812.00000,0.00000
