"Omega","Tolerance","Step Size Rule","Iterations","Converged?","Gap LR","Gap Naive","Obj. Naive","Obj. LR","Gap","Time Naive","Time LR","Final Lambda","LB Heuristic"
900.00000,0.07000,1.00000,2.00000,0.00000,0.15548,0.22885,224.82865,284.49837,0.13456,4235.00000,2453.00000,11.91651,246.21691
900.00000,0.07000,2.00000,2.00000,0.00000,0.06630,0.22885,224.82865,262.54152,0.06218,4235.00000,4211.00000,0.28288,246.21691
900.00000,0.07000,3.00000,2.00000,0.00000,0.15548,0.22885,224.82865,284.49837,0.13456,4235.00000,2658.00000,6.21801,246.21691
900.00000,0.07000,4.00000,3.00000,0.00000,0.06748,0.22885,224.82865,262.83074,0.06321,4235.00000,3296.00000,2.79466,246.21691
900.00000,0.07000,5.00000,2.00000,0.00000,0.02293,0.22885,224.82865,251.86388,0.02242,4235.00000,4209.00000,0.26450,246.21691
900.00000,0.07000,6.00000,2.00000,0.00000,0.10184,0.22885,224.82865,271.29085,0.09242,4235.00000,4208.00000,0.00000,246.21691
