"Omega","Tolerance","Step Size Rule","Iterations","Converged?","Gap LR","Gap Naive","Obj. Naive","Obj. LR","Gap","Time Naive","Time LR","Final Lambda","LB Heuristic"
100.00000,0.07000,1.00000,10.00000,0.00000,0.04601,0.00005,285.01671,297.87405,0.04316,362.00000,762.00000,3.56774,284.16778
100.00000,0.07000,2.00000,10.00000,0.00000,0.03496,0.00005,285.01671,294.46357,0.03208,362.00000,947.00000,2.69290,284.16778
100.00000,0.07000,3.00000,10.00000,0.00000,0.04199,0.00005,285.01671,296.62164,0.03912,362.00000,872.00000,3.38072,284.16778
100.00000,0.07000,4.00000,10.00000,0.00000,0.03920,0.00005,285.01671,295.76096,0.03633,362.00000,1185.00000,3.21221,284.16778
100.00000,0.07000,5.00000,10.00000,0.00000,0.03505,0.00005,285.01671,294.49045,0.03217,362.00000,491.00000,2.72058,284.16778
100.00000,0.07000,6.00000,10.00000,0.00000,0.03674,0.00005,285.01671,295.00656,0.03386,362.00000,227.00000,2.66279,284.16778
