"Omega","Tolerance","Step Size Rule","Iterations","Converged?","Gap LR","Gap Naive","Obj. Naive","Obj. LR","Gap","Time Naive","Time LR","Final Lambda"
100.00000,0.05000,1.00000,10.00000,0.00000,0.02635,0.00000,-283.78977,-291.26794,0.02635,159.00000,231.00000,3.82419
100.00000,0.05000,2.00000,10.00000,0.00000,0.01626,0.00000,-283.78977,-288.40452,0.01626,159.00000,333.00000,2.44630
100.00000,0.05000,3.00000,10.00000,0.00000,0.02165,0.00000,-283.78977,-289.93508,0.02165,159.00000,261.00000,3.41798
100.00000,0.05000,4.00000,10.00000,0.00000,0.01953,0.00000,-283.78977,-289.33123,0.01953,159.00000,226.00000,3.21888
100.00000,0.05000,5.00000,10.00000,0.00000,0.01632,0.00000,-283.78977,-288.42031,0.01632,159.00000,97.00000,2.47339
100.00000,0.05000,6.00000,10.00000,0.00000,0.01675,0.00000,-283.78977,-288.54392,0.01675,159.00000,66.00000,2.66405
