"Omega","Tolerance","Step Size Rule","Iterations","Converged?","Gap LR","Gap Naive","Obj. Naive","Obj. LR","Gap","Time Naive","Time LR","Final Lambda"
600.00000,0.07000,1.00000,2.00000,0.00000,0.06460,0.16018,-244.26671,-267.14933,0.06068,2869.00000,2320.00000,8.37000
600.00000,0.07000,2.00000,2.00000,0.00000,0.06460,0.16018,-244.26671,-267.14933,0.06068,2869.00000,3019.00000,0.42779
600.00000,0.07000,3.00000,2.00000,0.00000,0.06460,0.16018,-244.26671,-267.14933,0.06068,2869.00000,2465.00000,3.50219
600.00000,0.07000,4.00000,2.00000,0.00000,0.06460,0.16018,-244.26671,-267.14933,0.06068,2869.00000,2531.00000,2.22952
600.00000,0.07000,5.00000,2.00000,0.00000,0.06460,0.16018,-244.26671,-267.14933,0.06068,2869.00000,2540.00000,0.32072
600.00000,0.07000,6.00000,2.00000,0.00000,0.06460,0.16018,-244.26671,-267.14933,0.06068,2869.00000,2259.00000,1.04075
