"Omega","Tolerance","Step Size Rule","Iterations","Converged?","Gap LR","Gap Naive","Obj. Naive","Obj. LR","Gap","Time Naive","Time LR","Final Lambda","LB Heuristic"
600.00000,0.07000,1.00000,3.00000,0.00000,0.06460,0.15992,244.26671,267.14933,0.06068,4280.00000,2461.00000,7.74000,250.93970
600.00000,0.07000,2.00000,2.00000,0.00000,0.06460,0.15992,244.26671,267.14933,0.06068,4280.00000,2724.00000,0.42779,250.93970
600.00000,0.07000,3.00000,3.00000,0.00000,0.06460,0.15992,244.26671,267.14933,0.06068,4280.00000,3093.00000,3.29719,250.93970
600.00000,0.07000,4.00000,3.00000,0.00000,0.06460,0.15992,244.26671,267.14933,0.06068,4280.00000,3717.00000,2.11116,250.93970
600.00000,0.07000,5.00000,3.00000,0.00000,0.06460,0.15992,244.26671,267.14933,0.06068,4280.00000,2433.00000,0.32431,250.93970
600.00000,0.07000,6.00000,3.00000,0.00000,0.06460,0.15992,244.26671,267.14933,0.06068,4280.00000,4284.00000,0.06633,250.93970
