"Omega","Tolerance","Step Size Rule","Iterations","Converged?","Gap LR","Gap Naive","Obj. Naive","Obj. LR","Gap","Time Naive","Time LR","Final Lambda","LB Heuristic"
600.00000,0.07000,1.00000,5.00000,0.00000,0.06460,0.15891,244.26671,267.14933,0.06068,4217.00000,2486.00000,6.48000,250.93970
600.00000,0.07000,2.00000,3.00000,0.00000,0.06460,0.15891,244.26671,267.14933,0.06068,4217.00000,2543.00000,0.43048,250.93970
600.00000,0.07000,3.00000,3.00000,0.00000,0.06460,0.15891,244.26671,267.14933,0.06068,4217.00000,2558.00000,3.29719,250.93970
600.00000,0.07000,4.00000,3.00000,0.00000,0.06460,0.15891,244.26671,267.14933,0.06068,4217.00000,3073.00000,2.11116,250.93970
600.00000,0.07000,5.00000,4.00000,0.00000,0.06460,0.15891,244.26671,267.14933,0.06068,4217.00000,2431.00000,0.32700,250.93970
600.00000,0.07000,6.00000,3.00000,0.00000,0.06460,0.15891,244.26671,267.14933,0.06068,4217.00000,4256.00000,0.06633,250.93970
