"Omega","Tolerance","Step Size Rule","Iterations","Converged?","Gap LR","Gap Naive","Obj. Naive","Obj. LR","Gap","Time Naive","Time LR","Final Lambda","LB Heuristic"
600.00000,0.07000,1.00000,3.00000,0.00000,0.06460,0.15992,244.26671,267.14933,0.06068,4265.00000,2537.00000,7.74000,250.93970
600.00000,0.07000,2.00000,2.00000,0.00000,0.06460,0.15992,244.26671,267.14933,0.06068,4265.00000,2889.00000,0.42779,250.93970
600.00000,0.07000,3.00000,3.00000,0.00000,0.06460,0.15992,244.26671,267.14933,0.06068,4265.00000,3538.00000,3.29719,250.93970
600.00000,0.07000,4.00000,3.00000,0.00000,0.06460,0.15992,244.26671,267.14933,0.06068,4265.00000,4156.00000,2.11116,250.93970
600.00000,0.07000,5.00000,3.00000,0.00000,0.06460,0.15992,244.26671,267.14933,0.06068,4265.00000,2501.00000,0.32431,250.93970
600.00000,0.07000,6.00000,3.00000,0.00000,0.06460,0.15992,244.26671,267.14933,0.06068,4265.00000,4319.00000,0.06633,250.93970
