"Omega","Tolerance","Step Size Rule","Iterations","Converged?","Gap LR","Gap Naive","Obj. Naive","Obj. LR","Gap","Time Naive","Time LR","Final Lambda","LB Heuristic"
600.00000,0.07000,1.00000,4.00000,0.00000,0.06460,0.15992,244.26671,267.14933,0.06068,4239.00000,2644.00000,7.11000,250.93970
600.00000,0.07000,2.00000,2.00000,0.00000,0.06460,0.15992,244.26671,267.14933,0.06068,4239.00000,2617.00000,0.42779,250.93970
600.00000,0.07000,3.00000,3.00000,0.00000,0.06460,0.15992,244.26671,267.14933,0.06068,4239.00000,3023.00000,3.29719,250.93970
600.00000,0.07000,4.00000,3.00000,0.00000,0.06460,0.15992,244.26671,267.14933,0.06068,4239.00000,3545.00000,2.11116,250.93970
600.00000,0.07000,5.00000,3.00000,0.00000,0.06460,0.15992,244.26671,267.14933,0.06068,4239.00000,2451.00000,0.32431,250.93970
600.00000,0.07000,6.00000,3.00000,0.00000,0.06460,0.15992,244.26671,267.14933,0.06068,4239.00000,4316.00000,0.06633,250.93970
