"Omega","Tolerance","Step Size Rule","Iterations","Converged?","Gap LR","Gap Naive","Obj. Naive","Obj. LR","Gap","Time Naive","Time LR","Final Lambda"
600.00000,0.07000,1.00000,3.00000,0.00000,0.06460,0.15992,-244.26671,-267.14933,266.21001,4261.00000,2592.00000,7.74000
600.00000,0.07000,2.00000,2.00000,0.00000,0.06460,0.15992,-244.26671,-267.14933,266.21001,4261.00000,2887.00000,0.42779
600.00000,0.07000,3.00000,3.00000,0.00000,0.06460,0.15992,-244.26671,-267.14933,266.21001,4261.00000,3510.00000,3.29719
600.00000,0.07000,4.00000,3.00000,0.00000,0.06460,0.15992,-244.26671,-267.14933,266.21001,4261.00000,4034.00000,2.11116
600.00000,0.07000,5.00000,3.00000,0.00000,0.06460,0.15992,-244.26671,-267.14933,266.21001,4261.00000,2491.00000,0.32431
600.00000,0.07000,6.00000,3.00000,0.00000,0.06460,0.15992,-244.26671,-267.14933,266.21001,4261.00000,4327.00000,0.06633
