"Omega","Tolerance","Step Size Rule","Iterations","Converged?","Gap LR","Gap Naive","Obj. Naive","Obj. LR","Gap","Time Naive","Time LR","Final Lambda"
600.00000,0.07000,1.00000,1.00000,0.00000,0.06460,0.15992,-244.26671,-267.14933,0.09368,2839.00000,2847.00000,0.00000
600.00000,0.07000,2.00000,1.00000,0.00000,0.06460,0.15992,-244.26671,-267.14933,0.09368,2839.00000,2847.00000,0.42510
600.00000,0.07000,3.00000,1.00000,0.00000,0.06460,0.15992,-244.26671,-267.14933,0.09368,2839.00000,2848.00000,0.15419
600.00000,0.07000,4.00000,1.00000,0.00000,0.06460,0.15992,-244.26671,-267.14933,0.09368,2839.00000,2851.00000,0.25669
600.00000,0.07000,5.00000,1.00000,0.00000,0.06460,0.15992,-244.26671,-267.14933,0.09368,2839.00000,2847.00000,0.31535
600.00000,0.07000,6.00000,1.00000,0.00000,0.06460,0.15992,-244.26671,-267.14933,0.09368,2839.00000,2839.00000,0.00000
