"Omega","Tolerance","Step Size Rule","Iterations","Converged?","Gap LR","Gap Naive","Obj. Naive","Obj. LR","Gap","Time Naive","Time LR","Final Lambda","LB Heuristic"
900.00000,0.03000,1.00000,2.00000,0.00000,0.05105,0.08450,251.83196,256.40654,0.01784,4257.00000,4211.00000,0.32364,243.95169
900.00000,0.03000,2.00000,4.00000,0.00000,0.05105,0.08450,251.83196,256.40654,0.01784,4257.00000,2484.00000,0.00515,243.95169
900.00000,0.03000,3.00000,2.00000,0.00000,0.05105,0.08450,251.83196,256.40654,0.01784,4257.00000,4210.00000,0.30864,243.95169
900.00000,0.03000,4.00000,2.00000,0.00000,0.05105,0.08450,251.83196,256.40654,0.01784,4257.00000,4211.00000,0.28501,243.95169
900.00000,0.03000,5.00000,4.00000,0.00000,0.05105,0.08450,251.83196,256.40654,0.01784,4257.00000,2439.00000,0.00745,243.95169
900.00000,0.03000,6.00000,3.00000,0.00000,0.05441,0.08450,251.83196,257.22482,0.02097,4257.00000,4278.00000,0.00000,243.95169
