"Omega","Tolerance","Step Size Rule","Iterations","Converged?","Gap LR","Gap Naive","Obj. Naive","Obj. LR","Gap","Time Naive","Time LR","Final Lambda"
900.00000,0.03000,1.00000,1.00000,0.00000,0.04773,0.13066,-239.79256,-255.59459,0.06590,2887.00000,2887.00000,0.08364
900.00000,0.03000,2.00000,1.00000,0.00000,0.04773,0.13066,-239.79256,-255.59459,0.06590,2887.00000,2892.00000,0.28970
900.00000,0.03000,3.00000,1.00000,0.00000,0.04773,0.13066,-239.79256,-255.59459,0.06590,2887.00000,2890.00000,0.22614
900.00000,0.03000,4.00000,1.00000,0.00000,0.04773,0.13066,-239.79256,-255.59459,0.06590,2887.00000,2890.00000,0.27364
900.00000,0.03000,5.00000,1.00000,0.00000,0.04773,0.13066,-239.79256,-255.59459,0.06590,2887.00000,2891.00000,0.05286
900.00000,0.03000,6.00000,1.00000,0.00000,0.04773,0.13066,-239.79256,-255.59459,0.06590,2887.00000,2893.00000,0.00000
