"Omega","Tolerance","Step Size Rule","Iterations","Converged?","Gap LR","Gap Naive","Obj. Naive","Obj. LR","Gap","Time Naive","Time LR","Final Lambda","LB Heuristic"
900.00000,0.03000,1.00000,3.00000,0.00000,0.03278,0.13180,239.50371,251.94889,0.03174,4350.00000,3063.00000,12.69864,243.95169
900.00000,0.03000,2.00000,2.00000,0.00000,0.02659,0.13180,239.50371,250.43878,0.02590,4350.00000,4214.00000,0.24364,243.95169
900.00000,0.03000,3.00000,2.00000,0.00000,0.03278,0.13180,239.50371,251.94889,0.03174,4350.00000,2493.00000,5.42664,243.95169
900.00000,0.03000,4.00000,2.00000,0.00000,0.03278,0.13180,239.50371,251.94889,0.03174,4350.00000,2634.00000,3.33517,243.95169
900.00000,0.03000,5.00000,2.00000,0.00000,0.04665,0.13180,239.50371,255.33173,0.04457,4350.00000,2428.00000,0.07208,243.95169
900.00000,0.03000,6.00000,3.00000,0.00000,0.04665,0.13180,239.50371,255.33173,0.04457,4350.00000,4483.00000,0.00000,243.95169
