"Omega","Tolerance","Step Size Rule","Iterations","Converged?","Gap LR","Gap Naive","Obj. Naive","Obj. LR","Gap","Time Naive","Time LR","Final Lambda","LB Heuristic"
900.00000,0.03000,2.00000,2.00000,1.00000,0.00000,0.13023,239.79256,243.95169,0.00000,4269.00000,4211.00000,0.29364,243.95169
900.00000,0.03000,3.00000,2.00000,0.00000,0.04665,0.13023,239.79256,255.33173,0.04457,4269.00000,2486.00000,5.45664,243.95169
900.00000,0.03000,4.00000,2.00000,1.00000,0.00000,0.13023,239.79256,243.95169,0.00000,4269.00000,4212.00000,0.26864,243.95169
900.00000,0.03000,5.00000,3.00000,0.00000,0.04665,0.13023,239.79256,255.33173,0.04457,4269.00000,2413.00000,0.07437,243.95169
900.00000,0.03000,6.00000,3.00000,0.00000,0.04665,0.13023,239.79256,255.33173,0.04457,4269.00000,4316.00000,0.00000,243.95169
