"Omega","Tolerance","Step Size Rule","Iterations","Converged?","Gap LR","Gap Naive","Obj. Naive","Obj. LR","Gap","Time Naive","Time LR","Final Lambda"
300.00000,0.01000,1.00000,10.00000,0.00000,0.01068,0.00000,-278.49225,-281.14540,0.00953,21.00000,26.00000,137.16140
300.00000,0.01000,2.00000,10.00000,0.00000,0.00529,0.00000,-278.49225,-279.64540,0.00414,21.00000,103.00000,0.67150
300.00000,0.01000,3.00000,10.00000,0.00000,0.00709,0.00000,-278.49225,-280.14540,0.00594,21.00000,55.00000,36.54825
300.00000,0.01000,4.00000,10.00000,0.00000,0.01068,0.00000,-278.49225,-281.14540,0.00953,21.00000,26.00000,100.69592
300.00000,0.01000,5.00000,10.00000,0.00000,0.00529,0.00000,-278.49225,-279.64540,0.00414,21.00000,95.00000,0.74842
300.00000,0.01000,6.00000,10.00000,0.00000,0.00517,0.00000,-278.49225,-279.61088,0.00402,21.00000,107.00000,0.79306
