"Omega","Tolerance","Step Size Rule","Iterations","Converged?","Gap LR","Gap Naive","Obj. Naive","Obj. LR","Gap","Time Naive","Time LR","Final Lambda"
300.00000,0.01000,1.00000,10.00000,0.00000,0.00874,0.00000,-278.49225,-280.60540,0.00759,143.00000,988.00000,1.36140
300.00000,0.01000,2.00000,10.00000,0.00000,0.00529,0.00000,-278.49225,-279.64540,0.00414,143.00000,681.00000,0.20181
300.00000,0.01000,3.00000,10.00000,0.00000,0.01014,0.00000,-278.49225,-280.99302,0.00898,143.00000,785.00000,1.58059
300.00000,0.01000,4.00000,10.00000,0.00000,0.01035,0.00000,-278.49225,-281.05131,0.00919,143.00000,669.00000,1.61119
300.00000,0.01000,5.00000,10.00000,0.00000,0.01068,0.00000,-278.49225,-281.14540,0.00953,143.00000,158.00000,0.03897
300.00000,0.01000,6.00000,10.00000,0.00000,0.00517,0.00000,-278.49225,-279.61088,0.00402,143.00000,825.00000,0.79306
