"Omega","Tolerance","Step Size Rule","Iterations","Converged?","Gap LR","Gap Naive","Obj. Naive","Obj. LR","Gap","Time Naive","Time LR","Final Lambda","LB Heuristic"
600.00000,0.01000,1.00000,2.00000,1.00000,0.01913,0.00000,253.66701,252.97155,-0.00275,1222.00000,3729.00000,1.16750,248.13319
600.00000,0.01000,2.00000,2.00000,0.00000,0.02186,0.00000,253.66701,253.67763,0.00004,1222.00000,2639.00000,2.38750,248.13319
600.00000,0.01000,3.00000,2.00000,0.00000,0.02183,0.00000,253.66701,253.67013,0.00001,1222.00000,3882.00000,1.15100,248.13319
600.00000,0.01000,4.00000,2.00000,0.00000,0.02184,0.00000,253.66701,253.67263,0.00002,1222.00000,3976.00000,1.14604,248.13319
600.00000,0.01000,5.00000,3.00000,0.00000,0.02186,0.00000,253.66701,253.67763,0.00004,1222.00000,2550.00000,6.30417,248.13319
600.00000,0.01000,6.00000,4.00000,0.00000,0.02186,0.00000,253.66701,253.67763,0.00004,1222.00000,4323.00000,1.20212,248.13319
