"Omega","Tolerance","Step Size Rule","Iterations","Converged?","Gap LR","Gap Naive","Obj. Naive","Obj. LR","Gap","Time Naive","Time LR","Final Lambda"
600.00000,0.01000,1.00000,1.00000,0.00000,0.02234,0.00000,-253.66701,-253.67763,0.00004,2065.00000,2631.00000,1.15250
600.00000,0.01000,2.00000,1.00000,0.00000,0.02234,0.00000,-253.66701,-253.67763,0.00004,2065.00000,2859.00000,2.63750
600.00000,0.01000,3.00000,1.00000,0.00000,0.02234,0.00000,-253.66701,-253.67763,0.00004,2065.00000,2699.00000,1.14500
600.00000,0.01000,4.00000,1.00000,0.00000,0.02234,0.00000,-253.66701,-253.67763,0.00004,2065.00000,2854.00000,1.14250
600.00000,0.01000,5.00000,1.00000,0.00000,0.02234,0.00000,-253.66701,-253.67763,0.00004,2065.00000,2863.00000,7.13750
600.00000,0.01000,6.00000,1.00000,0.00000,0.02234,0.00000,-253.66701,-253.67763,0.00004,2065.00000,2908.00000,12.22638
