"Omega","Tolerance","Step Size Rule","Iterations","Converged?","Gap LR","Gap Naive","Obj. Naive","Obj. LR","Gap","Time Naive","Time LR","Final Lambda","LB Heuristic"
600.00000,0.01000,1.00000,2.00000,1.00000,0.01950,0.00000,253.66701,252.97155,-0.00275,1309.00000,3623.00000,1.16750,248.13319
600.00000,0.01000,2.00000,2.00000,0.00000,0.02234,0.00000,253.66701,253.67763,0.00004,1309.00000,2628.00000,2.38750,248.13319
600.00000,0.01000,3.00000,2.00000,0.00000,0.02231,0.00000,253.66701,253.67013,0.00001,1309.00000,3962.00000,1.15100,248.13319
600.00000,0.01000,4.00000,2.00000,0.00000,0.02232,0.00000,253.66701,253.67263,0.00002,1309.00000,4061.00000,1.14604,248.13319
600.00000,0.01000,5.00000,3.00000,0.00000,0.02234,0.00000,253.66701,253.67763,0.00004,1309.00000,2599.00000,6.30417,248.13319
600.00000,0.01000,6.00000,4.00000,0.00000,0.02234,0.00000,253.66701,253.67763,0.00004,1309.00000,4448.00000,1.20212,248.13319
