"Omega","Tolerance","Step Size Rule","Iterations","Converged?","Gap LR","Gap Naive","Obj. Naive","Obj. LR","Gap","Time Naive","Time LR","Final Lambda"
600.00000,0.01000,1.00000,2.00000,1.00000,0.02230,0.00000,-253.66701,-253.66701,0.00000,771.00000,2241.00000,1.15250
600.00000,0.01000,2.00000,5.00000,0.00000,0.02234,0.00000,-253.66701,-253.67763,0.00004,771.00000,2890.00000,1.26250
600.00000,0.01000,3.00000,3.00000,1.00000,0.02230,0.00000,-253.66701,-253.66701,0.00000,771.00000,3625.00000,1.15100
600.00000,0.01000,4.00000,3.00000,0.00000,0.02231,0.00000,-253.66701,-253.66909,0.00001,771.00000,3196.00000,1.14893
600.00000,0.01000,5.00000,10.00000,0.00000,0.02234,0.00000,-253.66701,-253.67763,0.00004,771.00000,2406.00000,5.20854
600.00000,0.01000,6.00000,4.00000,0.00000,0.02234,0.00000,-253.66701,-253.67763,0.00004,771.00000,3382.00000,1.33310
