"Omega","Tolerance","Step Size Rule","Iterations","Converged?","Gap LR","Gap Naive","Obj. Naive","Obj. LR","Gap","Time Naive","Time LR","Final Lambda","LB Heuristic"
600.00000,0.01000,1.00000,2.00000,1.00000,0.02230,0.00000,253.66701,253.66701,0.00000,848.00000,2078.00000,1.15250,248.13319
600.00000,0.01000,2.00000,5.00000,0.00000,0.02234,0.00000,253.66701,253.67763,0.00004,848.00000,2812.00000,1.26250,248.13319
600.00000,0.01000,3.00000,3.00000,1.00000,0.02230,0.00000,253.66701,253.66701,0.00000,848.00000,3657.00000,1.15100,248.13319
600.00000,0.01000,4.00000,3.00000,0.00000,0.02231,0.00000,253.66701,253.66909,0.00001,848.00000,3096.00000,1.14893,248.13319
600.00000,0.01000,5.00000,10.00000,0.00000,0.02234,0.00000,253.66701,253.67763,0.00004,848.00000,2388.00000,5.20854,248.13319
600.00000,0.01000,6.00000,4.00000,0.00000,0.02234,0.00000,253.66701,253.67763,0.00004,848.00000,3160.00000,1.33310,248.13319
