"Omega","Tolerance","Step Size Rule","Iterations","Converged?","Gap LR","Gap Naive","Obj. Naive","Obj. LR","Gap","Time Naive","Time LR","Final Lambda","LB Heuristic"
600.00000,0.01000,1.00000,2.00000,0.00000,0.01037,0.00000,253.66701,250.70579,-0.01181,3260.00000,4218.00000,1.13750,248.13319
600.00000,0.01000,2.00000,1.00000,1.00000,0.01903,0.00000,253.66701,252.85549,-0.00321,3260.00000,2108.00000,1.13750,248.13319
600.00000,0.01000,3.00000,1.00000,1.00000,0.01903,0.00000,253.66701,252.85549,-0.00321,3260.00000,2108.00000,1.13750,248.13319
600.00000,0.01000,4.00000,1.00000,1.00000,0.01903,0.00000,253.66701,252.85549,-0.00321,3260.00000,2107.00000,1.13750,248.13319
600.00000,0.01000,5.00000,1.00000,1.00000,0.01903,0.00000,253.66701,252.85549,-0.00321,3260.00000,2109.00000,1.13750,248.13319
600.00000,0.01000,6.00000,3.00000,0.00000,0.01942,0.00000,253.66701,252.95198,-0.00283,3260.00000,4375.00000,6.68194,248.13319
