"Omega","Tolerance","Step Size Rule","Iterations","Converged?","Gap LR","Gap Naive","Obj. Naive","Obj. LR","Gap","Time Naive","Time LR","Final Lambda"
600.00000,0.01000,1.00000,2.00000,0.00000,0.01515,0.04912,-251.16635,-251.89251,0.00288,2855.00000,4330.00000,1.12250
600.00000,0.01000,2.00000,2.00000,0.00000,0.01515,0.04912,-251.16635,-251.89251,0.00288,2855.00000,4233.00000,1.26250
600.00000,0.01000,3.00000,2.00000,0.00000,0.00450,0.04912,-251.16635,-249.24903,-0.00769,2855.00000,4343.00000,1.12400
600.00000,0.01000,4.00000,2.00000,0.00000,0.01942,0.04912,-251.16635,-252.95198,0.00706,2855.00000,4297.00000,1.13104
600.00000,0.01000,5.00000,2.00000,0.00000,0.02234,0.04912,-251.16635,-253.67763,0.00990,2855.00000,2441.00000,6.63750
600.00000,0.01000,6.00000,2.00000,0.00000,0.02234,0.04912,-251.16635,-253.67763,0.00990,2855.00000,2318.00000,0.00000
