"Omega","Tolerance","Step Size Rule","Iterations","Converged?","Gap LR","Gap Naive","Obj. Naive","Obj. LR","Gap","Time Naive","Time LR","Final Lambda","LB Heuristic"
600.00000,0.01000,1.00000,2.00000,1.00000,0.01913,0.00000,253.66701,252.97155,-0.00275,1209.00000,3770.00000,1.16750,248.13319
600.00000,0.01000,2.00000,2.00000,0.00000,0.02186,0.00000,253.66701,253.67763,0.00004,1209.00000,2643.00000,2.38750,248.13319
600.00000,0.01000,3.00000,2.00000,0.00000,0.02183,0.00000,253.66701,253.67013,0.00001,1209.00000,4003.00000,1.15100,248.13319
600.00000,0.01000,4.00000,2.00000,0.00000,0.02184,0.00000,253.66701,253.67263,0.00002,1209.00000,4008.00000,1.14604,248.13319
600.00000,0.01000,5.00000,3.00000,0.00000,0.02186,0.00000,253.66701,253.67763,0.00004,1209.00000,2412.00000,6.30417,248.13319
600.00000,0.01000,6.00000,4.00000,0.00000,0.02186,0.00000,253.66701,253.67763,0.00004,1209.00000,4346.00000,1.20212,248.13319
