"Omega","Tolerance","Step Size Rule","Iterations","Converged?","Gap LR","Gap Naive","Obj. Naive","Obj. LR","Gap","Time Naive","Time LR","Final Lambda","LB Heuristic"
600.00000,0.01000,1.00000,2.00000,1.00000,0.01950,0.00000,253.66701,252.97155,-0.00275,2020.00000,4211.00000,1.16750,248.13319
600.00000,0.01000,2.00000,2.00000,0.00000,0.01950,0.00000,253.66701,252.97155,-0.00275,2020.00000,3503.00000,1.51250,248.13319
600.00000,0.01000,3.00000,2.00000,0.00000,0.01950,0.00000,253.66701,252.97155,-0.00275,2020.00000,4209.00000,1.14650,248.13319
600.00000,0.01000,4.00000,2.00000,0.00000,0.01950,0.00000,253.66701,252.97155,-0.00275,2020.00000,4212.00000,1.14397,248.13319
600.00000,0.01000,5.00000,2.00000,0.00000,0.01950,0.00000,253.66701,252.97155,-0.00275,2020.00000,2677.00000,3.63750,248.13319
600.00000,0.01000,6.00000,3.00000,0.00000,0.01950,0.00000,253.66701,252.97155,-0.00275,2020.00000,2434.00000,0.42212,248.13319
