"Omega","Tolerance","Step Size Rule","Iterations","Converged?","Gap LR","Gap Naive","Obj. Naive","Obj. LR","Gap","Time Naive","Time LR","Final Lambda"
900.00000,0.01000,1.00000,1.00000,1.00000,0.01883,0.08150,-245.08902,-249.46595,0.01786,2881.00000,2891.00000,0.76924
900.00000,0.01000,2.00000,1.00000,1.00000,0.01883,0.08150,-245.08902,-249.46595,0.01786,2881.00000,2895.00000,0.76924
900.00000,0.01000,3.00000,1.00000,1.00000,0.01883,0.08150,-245.08902,-249.46595,0.01786,2881.00000,2893.00000,0.76924
900.00000,0.01000,4.00000,1.00000,1.00000,0.01883,0.08150,-245.08902,-249.46595,0.01786,2881.00000,2889.00000,0.76924
900.00000,0.01000,5.00000,1.00000,1.00000,0.01883,0.08150,-245.08902,-249.46595,0.01786,2881.00000,2893.00000,0.76924
900.00000,0.01000,6.00000,1.00000,1.00000,0.01883,0.08150,-245.08902,-249.46595,0.01786,2881.00000,2889.00000,0.76924
