"Omega","Tolerance","Step Size Rule","Iterations","Converged?","Gap LR","Gap Naive","Obj. Naive","Obj. LR","Gap","Time Naive","Time LR","Final Lambda"
900.00000,0.01000,1.00000,1.00000,1.00000,0.00000,0.15257,-226.37694,-244.85577,243.85577,4312.00000,2109.00000,0.76924
900.00000,0.01000,2.00000,1.00000,1.00000,0.00000,0.15257,-226.37694,-244.85577,243.85577,4312.00000,2110.00000,0.76924
900.00000,0.01000,3.00000,1.00000,1.00000,0.00000,0.15257,-226.37694,-244.85577,243.85577,4312.00000,2108.00000,0.76924
900.00000,0.01000,4.00000,1.00000,1.00000,0.00000,0.15257,-226.37694,-244.85577,243.85577,4312.00000,2110.00000,0.76924
900.00000,0.01000,5.00000,1.00000,1.00000,0.00000,0.15257,-226.37694,-244.85577,243.85577,4312.00000,2109.00000,0.76924
900.00000,0.01000,6.00000,1.00000,1.00000,0.00000,0.15257,-226.37694,-244.85577,243.85577,4312.00000,2109.00000,0.76924
