"Omega","Tolerance","Step Size Rule","Iterations","Converged?","Gap LR","Gap Naive","Obj. Naive","Obj. LR","Gap","Time Naive","Time LR","Final Lambda","LB Heuristic"
900.00000,0.01000,2.00000,2.00000,0.00000,0.01754,0.05467,250.65116,249.15156,-0.00602,4266.00000,4209.00000,2.01924,244.85577
900.00000,0.01000,3.00000,2.00000,0.00000,0.01644,0.05467,250.65116,248.88156,-0.00711,4266.00000,4213.00000,0.68824,244.85577
900.00000,0.01000,4.00000,2.00000,0.00000,0.01754,0.05467,250.65116,249.15156,-0.00602,4266.00000,4213.00000,0.72510,244.85577
900.00000,0.01000,5.00000,1.00000,1.00000,0.02139,0.05467,250.65116,250.09442,-0.00223,4266.00000,2105.00000,0.76924,244.85577
900.00000,0.01000,6.00000,1.00000,1.00000,0.02139,0.05467,250.65116,250.09442,-0.00223,4266.00000,2106.00000,0.76924,244.85577
