"Omega","Tolerance","Step Size Rule","Iterations","Converged?","Gap LR","Gap Naive","Obj. Naive","Obj. LR","Gap","Time Naive","Time LR","Final Lambda","LB Heuristic"
900.00000,0.01000,1.00000,1.00000,1.00000,0.02139,0.05254,250.65116,250.09442,-0.00223,4225.00000,2102.00000,0.76924,244.85577
900.00000,0.01000,2.00000,1.00000,1.00000,0.02139,0.05254,250.65116,250.09442,-0.00223,4225.00000,2102.00000,0.76924,244.85577
900.00000,0.01000,3.00000,1.00000,1.00000,0.02139,0.05254,250.65116,250.09442,-0.00223,4225.00000,2102.00000,0.76924,244.85577
900.00000,0.01000,4.00000,1.00000,1.00000,0.02139,0.05254,250.65116,250.09442,-0.00223,4225.00000,2102.00000,0.76924,244.85577
900.00000,0.01000,5.00000,1.00000,1.00000,0.02139,0.05254,250.65116,250.09442,-0.00223,4225.00000,2102.00000,0.76924,244.85577
900.00000,0.01000,6.00000,1.00000,1.00000,0.02139,0.05254,250.65116,250.09442,-0.00223,4225.00000,2103.00000,0.76924,244.85577
