"Omega","Tolerance","Step Size Rule","Iterations","Converged?","Gap LR","Gap Naive","Obj. Naive","Obj. LR","Gap","Time Naive","Time LR","Final Lambda","LB Heuristic"
900.00000,0.01000,1.00000,2.00000,1.00000,0.01754,0.15257,226.37694,249.15156,0.01724,4345.00000,4213.00000,0.67924,244.85577
900.00000,0.01000,2.00000,2.00000,1.00000,0.00000,0.15257,226.37694,244.85577,0.00000,4345.00000,4213.00000,0.51924,244.85577
900.00000,0.01000,3.00000,2.00000,0.00000,0.01644,0.15257,226.37694,248.88156,0.01618,4345.00000,4228.00000,0.68824,244.85577
900.00000,0.01000,4.00000,2.00000,0.00000,0.01754,0.15257,226.37694,249.15156,0.01724,4345.00000,4213.00000,0.72510,244.85577
900.00000,0.01000,5.00000,4.00000,0.00000,0.01754,0.15257,226.37694,249.15156,0.01724,4345.00000,2530.00000,0.00730,244.85577
900.00000,0.01000,6.00000,1.00000,1.00000,0.02139,0.15257,226.37694,250.09442,0.02095,4345.00000,2104.00000,0.76924,244.85577
