"Omega","Tolerance","Step Size Rule","Iterations","Converged?","Gap LR","Gap Naive","Obj. Naive","Obj. LR","Gap","Time Naive","Time LR","Final Lambda"
900.00000,0.01000,1.00000,2.00000,0.00000,0.05216,0.15257,-226.37694,-232.08513,-0.05503,2961.00000,4482.00000,0.49924
900.00000,0.01000,2.00000,2.00000,0.00000,0.05332,0.15257,-226.37694,-231.80013,-0.05632,2961.00000,4491.00000,0.43591
900.00000,0.01000,3.00000,2.00000,0.00000,0.04967,0.15257,-226.37694,-232.69263,-0.05227,2961.00000,4491.00000,0.64774
900.00000,0.01000,4.00000,2.00000,0.00000,0.01681,0.15257,-226.37694,-248.97156,0.01653,2961.00000,4379.00000,0.71803
900.00000,0.01000,5.00000,2.00000,0.00000,0.01754,0.15257,-226.37694,-249.15156,0.01724,2961.00000,2434.00000,0.00337
900.00000,0.01000,6.00000,2.00000,0.00000,0.01754,0.15257,-226.37694,-249.15156,0.01724,2961.00000,2258.00000,0.57452
