"Omega","Tolerance","Step Size Rule","Iterations","Converged?","Gap LR","Gap Naive","Obj. Naive","Obj. LR","Gap","Time Naive","Time LR","Final Lambda"
100.00000,0.01000,1.00000,10.00000,0.00000,0.01403,0.00000,-268.74007,-272.51067,0.01403,17.00000,192.00000,5.96007
100.00000,0.01000,2.00000,10.00000,0.00000,0.00709,0.00000,-268.74007,-270.64567,0.00709,17.00000,345.00000,2.68583
100.00000,0.01000,3.00000,10.00000,0.00000,0.01439,0.00000,-268.74007,-272.60758,0.01439,17.00000,168.00000,6.06967
100.00000,0.01000,4.00000,10.00000,0.00000,0.01445,0.00000,-268.74007,-272.62215,0.01445,17.00000,155.00000,6.08497
100.00000,0.01000,5.00000,10.00000,0.00000,0.01453,0.00000,-268.74007,-272.64567,0.01453,17.00000,47.00000,0.22698
100.00000,0.01000,6.00000,10.00000,0.00000,0.00645,0.00000,-268.74007,-270.47380,0.00645,17.00000,162.00000,3.69625
