"Omega","Tolerance","Step Size Rule","Iterations","Converged?","Gap LR","Gap Naive","Obj. Naive","Obj. LR","Gap","Time Naive","Time LR","Final Lambda","LB Heuristic"
900.00000,0.05000,1.00000,1.00000,1.00000,0.00000,0.20016,227.85744,248.63952,0.00000,4358.00000,2108.00000,0.30271,248.63952
900.00000,0.05000,2.00000,1.00000,1.00000,0.00000,0.20016,227.85744,248.63952,0.00000,4358.00000,2108.00000,0.30271,248.63952
900.00000,0.05000,3.00000,1.00000,1.00000,0.00000,0.20016,227.85744,248.63952,0.00000,4358.00000,2107.00000,0.30271,248.63952
900.00000,0.05000,4.00000,1.00000,1.00000,0.00000,0.20016,227.85744,248.63952,0.00000,4358.00000,2112.00000,0.30271,248.63952
900.00000,0.05000,5.00000,1.00000,1.00000,0.00000,0.20016,227.85744,248.63952,0.00000,4358.00000,2108.00000,0.30271,248.63952
900.00000,0.05000,6.00000,1.00000,1.00000,0.00000,0.20016,227.85744,248.63952,0.00000,4358.00000,2111.00000,0.30271,248.63952
