"Omega","Tolerance","Step Size Rule","Iterations","Converged?","Gap LR","Gap Naive","Obj. Naive","Obj. LR","Gap","Time Naive","Time LR","Final Lambda"
900.00000,0.05000,1.00000,1.00000,0.00000,0.03475,0.19919,-227.85744,-239.99886,0.05329,2904.00000,2899.00000,0.00000
900.00000,0.05000,2.00000,1.00000,0.00000,0.03475,0.19919,-227.85744,-239.99886,0.05329,2904.00000,2901.00000,0.26938
900.00000,0.05000,3.00000,1.00000,0.00000,0.03475,0.19919,-227.85744,-239.99886,0.05329,2904.00000,2900.00000,0.00000
900.00000,0.05000,4.00000,1.00000,0.00000,0.03475,0.19919,-227.85744,-239.99886,0.05329,2904.00000,2900.00000,0.07771
900.00000,0.05000,5.00000,1.00000,0.00000,0.03475,0.19919,-227.85744,-239.99886,0.05329,2904.00000,2905.00000,0.16938
900.00000,0.05000,6.00000,1.00000,0.00000,0.03475,0.19919,-227.85744,-239.99886,0.05329,2904.00000,2881.00000,0.68674
