"Omega","Tolerance","Step Size Rule","Iterations","Converged?","Gap LR","Gap Naive","Obj. Naive","Obj. LR","Gap","Time Naive","Time LR","Final Lambda"
900.00000,0.05000,1.00000,2.00000,0.00000,0.03475,0.20095,-227.85744,-239.99886,-0.03600,2950.00000,2597.00000,12.82500
900.00000,0.05000,2.00000,2.00000,0.00000,0.03475,0.20095,-227.85744,-239.99886,-0.03600,2950.00000,4002.00000,0.27113
900.00000,0.05000,3.00000,2.00000,0.00000,0.03475,0.20095,-227.85744,-239.99886,-0.03600,2950.00000,2561.00000,5.13000
900.00000,0.05000,4.00000,2.00000,0.00000,0.03475,0.20095,-227.85744,-239.99886,-0.03600,2950.00000,2694.00000,3.10059
900.00000,0.05000,5.00000,2.00000,0.00000,0.03475,0.20095,-227.85744,-239.99886,-0.03600,2950.00000,2719.00000,0.17288
900.00000,0.05000,6.00000,2.00000,0.00000,0.03475,0.20095,-227.85744,-239.99886,-0.03600,2950.00000,4350.00000,0.00000
