"Omega","Tolerance","Step Size Rule","Iterations","Converged?","Gap LR","Gap Naive","Obj. Naive","Obj. LR","Gap","Time Naive","Time LR","Final Lambda","LB Heuristic"
600.00000,0.07000,1.00000,3.00000,0.00000,0.05969,0.15804,245.82318,265.42359,0.05633,4244.00000,2455.00000,7.74000,250.47216
600.00000,0.07000,2.00000,2.00000,0.00000,0.05969,0.15804,245.82318,265.42359,0.05633,4244.00000,2606.00000,0.41817,250.47216
600.00000,0.07000,3.00000,3.00000,0.00000,0.05969,0.15804,245.82318,265.42359,0.05633,4244.00000,2925.00000,3.31653,250.47216
600.00000,0.07000,4.00000,3.00000,0.00000,0.05969,0.15804,245.82318,265.42359,0.05633,4244.00000,3472.00000,2.12261,250.47216
600.00000,0.07000,5.00000,3.00000,0.00000,0.05969,0.15804,245.82318,265.42359,0.05633,4244.00000,2480.00000,0.30282,250.47216
600.00000,0.07000,6.00000,3.00000,0.00000,0.05969,0.15804,245.82318,265.42359,0.05633,4244.00000,4328.00000,0.00000,250.47216
