"Omega","Tolerance","Step Size Rule","Iterations","Converged?","Gap LR","Gap Naive","Obj. Naive","Obj. LR","Gap","Time Naive","Time LR","Final Lambda","LB Heuristic"
600.00000,0.07000,1.00000,5.00000,0.00000,0.07480,0.15671,245.82318,269.20863,0.06960,4218.00000,2509.00000,6.48000,250.47216
600.00000,0.07000,2.00000,5.00000,0.00000,0.07480,0.15671,245.82318,269.20863,0.06960,4218.00000,2488.00000,0.42266,250.47216
600.00000,0.07000,3.00000,3.00000,0.00000,0.07480,0.15671,245.82318,269.20863,0.06960,4218.00000,2536.00000,3.33903,250.47216
600.00000,0.07000,4.00000,3.00000,0.00000,0.07480,0.15671,245.82318,269.20863,0.06960,4218.00000,3217.00000,2.13761,250.47216
600.00000,0.07000,5.00000,5.00000,0.00000,0.07480,0.15671,245.82318,269.20863,0.06960,4218.00000,2481.00000,0.29335,250.47216
600.00000,0.07000,6.00000,3.00000,0.00000,0.07480,0.15671,245.82318,269.20863,0.06960,4218.00000,4260.00000,0.00000,250.47216
