"Omega","Tolerance","Step Size Rule","Iterations","Converged?","Gap LR","Gap Naive","Obj. Naive","Obj. LR","Gap","Time Naive","Time LR","Final Lambda","LB Heuristic"
600.00000,0.07000,1.00000,4.00000,0.00000,0.06973,0.15671,245.82318,267.93792,0.06519,4229.00000,2450.00000,7.38603,250.47216
600.00000,0.07000,2.00000,3.00000,0.00000,0.06973,0.15671,245.82318,267.93792,0.06519,4229.00000,2493.00000,0.33640,250.47216
600.00000,0.07000,3.00000,3.00000,0.00000,0.07271,0.15671,245.82318,268.68309,0.06778,4229.00000,2760.00000,3.33153,250.47216
600.00000,0.07000,4.00000,3.00000,0.00000,0.07271,0.15671,245.82318,268.68309,0.06778,4229.00000,3376.00000,2.13261,250.47216
600.00000,0.07000,5.00000,4.00000,0.00000,0.06973,0.15671,245.82318,267.93792,0.06519,4229.00000,2410.00000,0.01165,250.47216
600.00000,0.07000,6.00000,3.00000,0.00000,0.06973,0.15671,245.82318,267.93792,0.06519,4229.00000,4300.00000,0.00000,250.47216
