"Omega","Tolerance","Step Size Rule","Iterations","Converged?","Gap LR","Gap Naive","Obj. Naive","Obj. LR","Gap","Time Naive","Time LR","Final Lambda","LB Heuristic"
600.00000,0.07000,1.00000,3.00000,0.00000,0.07135,0.15874,245.82318,268.34227,0.06659,4276.00000,2613.00000,7.74000,250.47216
600.00000,0.07000,2.00000,2.00000,0.00000,0.07135,0.15874,245.82318,268.34227,0.06659,4276.00000,2406.00000,0.41184,250.47216
600.00000,0.07000,3.00000,3.00000,0.00000,0.07135,0.15874,245.82318,268.34227,0.06659,4276.00000,3640.00000,3.35403,250.47216
600.00000,0.07000,4.00000,3.00000,0.00000,0.07135,0.15874,245.82318,268.34227,0.06659,4276.00000,4376.00000,2.14761,250.47216
600.00000,0.07000,5.00000,3.00000,0.00000,0.07135,0.15874,245.82318,268.34227,0.06659,4276.00000,2532.00000,0.27749,250.47216
600.00000,0.07000,6.00000,3.00000,0.00000,0.07135,0.15874,245.82318,268.34227,0.06659,4276.00000,4348.00000,0.00000,250.47216
