"Omega","Tolerance","Step Size Rule","Iterations","Converged?","Gap LR","Gap Naive","Obj. Naive","Obj. LR","Gap","Time Naive","Time LR","Final Lambda"
600.00000,0.07000,1.00000,2.00000,0.00000,0.05969,0.15874,-245.82318,-265.42359,0.05633,2872.00000,2356.00000,8.37000
600.00000,0.07000,2.00000,2.00000,0.00000,0.05969,0.15874,-245.82318,-265.42359,0.05633,2872.00000,2908.00000,0.41817
600.00000,0.07000,3.00000,2.00000,0.00000,0.05969,0.15874,-245.82318,-265.42359,0.05633,2872.00000,2440.00000,3.52653
600.00000,0.07000,4.00000,2.00000,0.00000,0.05969,0.15874,-245.82318,-265.42359,0.05633,2872.00000,2494.00000,2.24385
600.00000,0.07000,5.00000,2.00000,0.00000,0.05969,0.15874,-245.82318,-265.42359,0.05633,2872.00000,2564.00000,0.29924
600.00000,0.07000,6.00000,2.00000,0.00000,0.05969,0.15874,-245.82318,-265.42359,0.05633,2872.00000,2320.00000,1.03861
