"Omega","Tolerance","Step Size Rule","Iterations","Converged?","Gap LR","Gap Naive","Obj. Naive","Obj. LR","Gap","Time Naive","Time LR","Final Lambda"
600.00000,0.07000,1.00000,3.00000,0.00000,0.07135,0.15874,-245.82318,-268.34227,267.40887,4281.00000,2650.00000,7.74000
600.00000,0.07000,2.00000,2.00000,0.00000,0.07135,0.15874,-245.82318,-268.34227,267.40887,4281.00000,2439.00000,0.41184
600.00000,0.07000,3.00000,3.00000,0.00000,0.07135,0.15874,-245.82318,-268.34227,267.40887,4281.00000,3581.00000,3.35403
600.00000,0.07000,4.00000,2.00000,0.00000,0.07135,0.15874,-245.82318,-268.34227,267.40887,4281.00000,2402.00000,2.26885
600.00000,0.07000,5.00000,3.00000,0.00000,0.07135,0.15874,-245.82318,-268.34227,267.40887,4281.00000,2510.00000,0.27749
600.00000,0.07000,6.00000,3.00000,0.00000,0.07135,0.15874,-245.82318,-268.34227,267.40887,4281.00000,4335.00000,0.00000
