"Omega","Tolerance","Step Size Rule","Iterations","Converged?","Gap LR","Gap Naive","Obj. Naive","Obj. LR","Gap","Time Naive","Time LR","Final Lambda","LB Heuristic"
600.00000,0.07000,1.00000,4.00000,0.00000,0.08673,0.11471,257.09116,269.48912,0.04601,4224.00000,2411.00000,7.17928,247.98136
600.00000,0.07000,2.00000,5.00000,0.00000,0.08673,0.11471,257.09116,269.48912,0.04601,4224.00000,2507.00000,0.41234,247.98136
600.00000,0.07000,3.00000,3.00000,0.00000,0.08244,0.11471,257.09116,268.42563,0.04223,4224.00000,2525.00000,3.39478,247.98136
600.00000,0.07000,4.00000,3.00000,0.00000,0.08673,0.11471,257.09116,269.48912,0.04601,4224.00000,3005.00000,2.18375,247.98136
600.00000,0.07000,5.00000,3.00000,0.00000,0.08673,0.11471,257.09116,269.48912,0.04601,4224.00000,2565.00000,0.23747,247.98136
600.00000,0.07000,6.00000,3.00000,0.00000,0.08673,0.11471,257.09116,269.48912,0.04601,4224.00000,4251.00000,0.00000,247.98136
