"Omega","Tolerance","Step Size Rule","Iterations","Converged?","Gap LR","Gap Naive","Obj. Naive","Obj. LR","Gap","Time Naive","Time LR","Final Lambda"
600.00000,0.07000,1.00000,3.00000,0.00000,0.08244,0.16710,-242.54153,-268.42563,267.50179,4533.00000,2760.00000,7.79428
600.00000,0.07000,2.00000,2.00000,0.00000,0.08244,0.16710,-242.54153,-268.42563,267.50179,4533.00000,2442.00000,0.40641
600.00000,0.07000,3.00000,2.00000,0.00000,0.08244,0.16710,-242.54153,-268.42563,267.50179,4533.00000,2422.00000,3.60478
600.00000,0.07000,4.00000,2.00000,0.00000,0.08244,0.16710,-242.54153,-268.42563,267.50179,4533.00000,2443.00000,2.29711
600.00000,0.07000,5.00000,2.00000,0.00000,0.07538,0.16710,-242.54153,-266.67325,265.74334,4533.00000,2440.00000,0.27111
600.00000,0.07000,6.00000,3.00000,0.00000,0.08244,0.16710,-242.54153,-268.42563,267.50179,4533.00000,4342.00000,0.00000
