"Omega","Tolerance","Step Size Rule","Iterations","Converged?","Gap LR","Gap Naive","Obj. Naive","Obj. LR","Gap","Time Naive","Time LR","Final Lambda","LB Heuristic"
600.00000,0.07000,1.00000,3.00000,0.00000,0.08244,0.16710,242.54153,268.42563,0.07616,4531.00000,2598.00000,7.79428,247.98136
600.00000,0.07000,2.00000,3.00000,0.00000,0.08244,0.16710,242.54153,268.42563,0.07616,4531.00000,2561.00000,0.40910,247.98136
600.00000,0.07000,3.00000,3.00000,0.00000,0.08244,0.16710,242.54153,268.42563,0.07616,4531.00000,3178.00000,3.39478,247.98136
600.00000,0.07000,4.00000,3.00000,0.00000,0.08244,0.16710,242.54153,268.42563,0.07616,4531.00000,3721.00000,2.17875,247.98136
600.00000,0.07000,5.00000,3.00000,0.00000,0.08244,0.16710,242.54153,268.42563,0.07616,4531.00000,2506.00000,0.24602,247.98136
600.00000,0.07000,6.00000,3.00000,0.00000,0.08244,0.16710,242.54153,268.42563,0.07616,4531.00000,4321.00000,0.03874,247.98136
