"Omega","Tolerance","Step Size Rule","Iterations","Converged?","Gap LR","Gap Naive","Obj. Naive","Obj. LR","Gap","Time Naive","Time LR","Final Lambda","LB Heuristic"
600.00000,0.07000,1.00000,4.00000,0.00000,0.08244,0.14813,247.54345,268.42563,0.07616,4229.00000,2537.00000,7.16428,247.98136
600.00000,0.07000,2.00000,4.00000,0.00000,0.08244,0.14813,247.54345,268.42563,0.07616,4229.00000,2561.00000,0.41179,247.98136
600.00000,0.07000,3.00000,3.00000,0.00000,0.08440,0.14813,247.54345,268.91218,0.07784,4229.00000,2725.00000,3.40228,247.98136
600.00000,0.07000,4.00000,3.00000,0.00000,0.08244,0.14813,247.54345,268.42563,0.07616,4229.00000,3234.00000,2.17875,247.98136
600.00000,0.07000,5.00000,3.00000,0.00000,0.08244,0.14813,247.54345,268.42563,0.07616,4229.00000,2423.00000,0.24602,247.98136
600.00000,0.07000,6.00000,3.00000,0.00000,0.08244,0.14813,247.54345,268.42563,0.07616,4229.00000,4275.00000,0.03874,247.98136
