"Omega","Tolerance","Step Size Rule","Iterations","Converged?","Gap LR","Gap Naive","Obj. Naive","Obj. LR","Gap","Time Naive","Time LR","Final Lambda","LB Heuristic"
600.00000,0.07000,1.00000,3.00000,0.00000,0.08244,0.16710,242.54153,268.42563,0.07616,4561.00000,2777.00000,7.79428,247.98136
600.00000,0.07000,2.00000,2.00000,0.00000,0.08244,0.16710,242.54153,268.42563,0.07616,4561.00000,2424.00000,0.40641,247.98136
600.00000,0.07000,3.00000,2.00000,0.00000,0.08244,0.16710,242.54153,268.42563,0.07616,4561.00000,2402.00000,3.60478,247.98136
600.00000,0.07000,4.00000,2.00000,0.00000,0.08244,0.16710,242.54153,268.42563,0.07616,4561.00000,2420.00000,2.29711,247.98136
600.00000,0.07000,5.00000,2.00000,0.00000,0.08244,0.16710,242.54153,268.42563,0.07616,4561.00000,2491.00000,0.24243,247.98136
600.00000,0.07000,6.00000,3.00000,0.00000,0.08244,0.16710,242.54153,268.42563,0.07616,4561.00000,4356.00000,0.00000,247.98136
