"Omega","Tolerance","Step Size Rule","Iterations","Converged?","Gap LR","Gap Naive","Obj. Naive","Obj. LR","Gap","Time Naive","Time LR","Final Lambda","LB Heuristic"
600.00000,0.07000,1.00000,3.00000,0.00000,0.08244,0.16710,242.54153,268.42563,0.07616,4587.00000,2789.00000,7.79428,247.98136
600.00000,0.07000,2.00000,2.00000,0.00000,0.07538,0.16710,242.54153,266.67325,0.07009,4587.00000,2466.00000,0.41358,247.98136
600.00000,0.07000,3.00000,2.00000,0.00000,0.08244,0.16710,242.54153,268.42563,0.07616,4587.00000,2416.00000,3.60478,247.98136
600.00000,0.07000,4.00000,2.00000,0.00000,0.08244,0.16710,242.54153,268.42563,0.07616,4587.00000,2412.00000,2.29711,247.98136
600.00000,0.07000,5.00000,2.00000,0.00000,0.07538,0.16710,242.54153,266.67325,0.07009,4587.00000,2421.00000,0.27111,247.98136
600.00000,0.07000,6.00000,3.00000,0.00000,0.08244,0.16710,242.54153,268.42563,0.07616,4587.00000,4352.00000,0.00000,247.98136
