"Omega","Tolerance","Step Size Rule","Iterations","Converged?","Gap LR","Gap Naive","Obj. Naive","Obj. LR","Gap","Time Naive","Time LR","Final Lambda"
600.00000,0.07000,1.00000,2.00000,0.00000,0.08094,0.16710,-242.54153,-268.05403,0.07488,2867.00000,2399.00000,8.43928
600.00000,0.07000,2.00000,2.00000,0.00000,0.08094,0.16710,-242.54153,-268.05403,0.07488,2867.00000,2495.00000,0.40427
600.00000,0.07000,3.00000,2.00000,0.00000,0.08094,0.16710,-242.54153,-268.05403,0.07488,2867.00000,2473.00000,3.61228
600.00000,0.07000,4.00000,2.00000,0.00000,0.08094,0.16710,-242.54153,-268.05403,0.07488,2867.00000,2587.00000,2.30211
600.00000,0.07000,5.00000,2.00000,0.00000,0.08094,0.16710,-242.54153,-268.05403,0.07488,2867.00000,2653.00000,0.23389
600.00000,0.07000,6.00000,2.00000,0.00000,0.08094,0.16710,-242.54153,-268.05403,0.07488,2867.00000,2313.00000,1.04779
