"Omega","Tolerance","Step Size Rule","Iterations","Converged?","Gap LR","Gap Naive","Obj. Naive","Obj. LR","Gap","Time Naive","Time LR","Final Lambda","LB Heuristic"
600.00000,0.01000,1.00000,2.00000,0.00000,0.02242,0.00000,249.04545,250.69426,0.00658,4162.00000,3421.00000,1.22333,245.19598
600.00000,0.01000,2.00000,2.00000,0.00000,0.01686,0.00000,249.04545,249.32926,0.00114,4162.00000,3853.00000,0.31333,245.19598
600.00000,0.01000,3.00000,2.00000,0.00000,0.02270,0.00000,249.04545,250.76176,0.00684,4162.00000,3161.00000,1.27283,245.19598
600.00000,0.01000,4.00000,2.00000,0.00000,0.02279,0.00000,249.04545,250.78426,0.00693,4162.00000,2849.00000,1.28772,245.19598
600.00000,0.01000,5.00000,10.00000,0.00000,0.02297,0.00000,249.04545,250.82926,0.00711,4162.00000,2322.00000,0.01948,245.19598
600.00000,0.01000,6.00000,3.00000,0.00000,0.01878,0.00000,249.04545,249.79999,0.00302,4162.00000,3734.00000,3.92870,245.19598
