"Omega","Tolerance","Step Size Rule","Iterations","Converged?","Gap LR","Gap Naive","Obj. Naive","Obj. LR","Gap","Time Naive","Time LR","Final Lambda"
600.00000,0.01000,1.00000,1.00000,0.00000,0.02297,0.05370,-248.31871,-250.82926,0.01011,2843.00000,2423.00000,1.26833
600.00000,0.01000,2.00000,1.00000,0.00000,0.02297,0.05370,-248.31871,-250.82926,0.01011,2843.00000,2430.00000,0.81333
600.00000,0.01000,3.00000,1.00000,0.00000,0.02297,0.05370,-248.31871,-250.82926,0.01011,2843.00000,2414.00000,1.29083
600.00000,0.01000,4.00000,1.00000,0.00000,0.02297,0.05370,-248.31871,-250.82926,0.01011,2843.00000,2501.00000,1.29833
600.00000,0.01000,5.00000,1.00000,0.00000,0.02297,0.05370,-248.31871,-250.82926,0.01011,2843.00000,2528.00000,0.00000
600.00000,0.01000,6.00000,1.00000,0.00000,0.02297,0.05370,-248.31871,-250.82926,0.01011,2843.00000,2586.00000,0.00000
