"Omega","Tolerance","Step Size Rule","Iterations","Converged?","Gap LR","Gap Naive","Obj. Naive","Obj. LR","Gap","Time Naive","Time LR","Final Lambda"
600.00000,0.01000,1.00000,3.00000,0.00000,0.02187,0.00000,-249.04545,-250.55926,0.00604,2357.00000,3115.00000,1.17833
600.00000,0.01000,2.00000,2.00000,0.00000,0.01767,0.00000,-249.04545,-249.52896,0.00194,2357.00000,3160.00000,0.06333
600.00000,0.01000,3.00000,3.00000,0.00000,0.02248,0.00000,-249.04545,-250.70776,0.00663,2357.00000,2827.00000,1.25783
600.00000,0.01000,4.00000,3.00000,0.00000,0.02266,0.00000,-249.04545,-250.75244,0.00681,2357.00000,2645.00000,1.27906
600.00000,0.01000,5.00000,10.00000,0.00000,0.02297,0.00000,-249.04545,-250.82926,0.00711,2357.00000,1342.00000,0.01948
600.00000,0.01000,6.00000,3.00000,0.00000,0.01878,0.00000,-249.04545,-249.79999,0.00302,2357.00000,2878.00000,3.92870
