"Omega","Tolerance","Step Size Rule","Iterations","Converged?","Gap LR","Gap Naive","Obj. Naive","Obj. LR","Gap","Time Naive","Time LR","Final Lambda","LB Heuristic"
600.00000,0.01000,1.00000,2.00000,0.00000,0.02193,0.00622,249.04545,250.69426,0.00658,4230.00000,3375.00000,1.22333,245.19598
600.00000,0.01000,2.00000,2.00000,0.00000,0.01658,0.00622,249.04545,249.32926,0.00114,4230.00000,3584.00000,0.31333,245.19598
600.00000,0.01000,3.00000,2.00000,0.00000,0.02220,0.00622,249.04545,250.76176,0.00684,4230.00000,2969.00000,1.27283,245.19598
600.00000,0.01000,4.00000,2.00000,0.00000,0.02228,0.00622,249.04545,250.78426,0.00693,4230.00000,2968.00000,1.28772,245.19598
600.00000,0.01000,5.00000,10.00000,0.00000,0.02246,0.00622,249.04545,250.82926,0.00711,4230.00000,2237.00000,0.01948,245.19598
600.00000,0.01000,6.00000,3.00000,0.00000,0.01712,0.00622,249.04545,249.46735,0.00169,4230.00000,3620.00000,0.00000,245.19598
