"Omega","Tolerance","Step Size Rule","Iterations","Converged?","Gap LR","Gap Naive","Obj. Naive","Obj. LR","Gap","Time Naive","Time LR","Final Lambda","LB Heuristic"
600.00000,0.01000,1.00000,2.00000,0.00000,0.02242,0.01521,249.04545,250.69426,0.00658,4225.00000,4081.00000,1.22333,245.19598
600.00000,0.01000,2.00000,2.00000,0.00000,0.01686,0.01521,249.04545,249.32926,0.00114,4225.00000,4198.00000,0.31333,245.19598
600.00000,0.01000,3.00000,2.00000,0.00000,0.02270,0.01521,249.04545,250.76176,0.00684,4225.00000,3517.00000,1.27283,245.19598
600.00000,0.01000,4.00000,2.00000,0.00000,0.02279,0.01521,249.04545,250.78426,0.00693,4225.00000,3571.00000,1.28772,245.19598
600.00000,0.01000,5.00000,9.00000,0.00000,0.02297,0.01521,249.04545,250.82926,0.00711,4225.00000,2445.00000,0.01847,245.19598
600.00000,0.01000,6.00000,3.00000,0.00000,0.01805,0.01521,249.04545,249.62102,0.00231,4225.00000,3629.00000,0.00000,245.19598
