"Omega","Tolerance","Step Size Rule","Iterations","Converged?","Gap LR","Gap Naive","Obj. Naive","Obj. LR","Gap","Time Naive","Time LR","Final Lambda","LB Heuristic"
600.00000,0.01000,1.00000,2.00000,0.00000,0.02138,0.03420,248.56357,250.43896,0.00749,4249.00000,4210.00000,1.23833,245.19598
600.00000,0.01000,2.00000,2.00000,0.00000,0.01686,0.03420,248.56357,249.32926,0.00307,4249.00000,4212.00000,0.31333,245.19598
600.00000,0.01000,3.00000,2.00000,0.00000,0.02270,0.03420,248.56357,250.76176,0.00877,4249.00000,4217.00000,1.27283,245.19598
600.00000,0.01000,4.00000,2.00000,0.00000,0.02279,0.03420,248.56357,250.78426,0.00885,4249.00000,4216.00000,1.28772,245.19598
600.00000,0.01000,5.00000,4.00000,0.00000,0.02297,0.03420,248.56357,250.82926,0.00903,4249.00000,2467.00000,0.01094,245.19598
600.00000,0.01000,6.00000,3.00000,0.00000,0.01878,0.03420,248.56357,249.79999,0.00495,4249.00000,3970.00000,3.92870,245.19598
