"Omega","Tolerance","Step Size Rule","Iterations","Converged?","Gap LR","Gap Naive","Obj. Naive","Obj. LR","Gap","Time Naive","Time LR","Final Lambda"
600.00000,0.01000,1.00000,2.00000,0.00000,0.02242,0.05881,-248.10021,-250.69426,0.01035,2862.00000,4338.00000,1.22333
600.00000,0.01000,2.00000,2.00000,0.00000,0.01686,0.05881,-248.10021,-249.32926,0.00493,2862.00000,4341.00000,0.31333
600.00000,0.01000,3.00000,2.00000,0.00000,0.02270,0.05881,-248.10021,-250.76176,0.01061,2862.00000,4338.00000,1.27283
600.00000,0.01000,4.00000,2.00000,0.00000,0.01861,0.05881,-248.10021,-249.76007,0.00665,2862.00000,4290.00000,1.29126
600.00000,0.01000,5.00000,5.00000,0.00000,0.02297,0.05881,-248.10021,-250.82926,0.01088,2862.00000,2319.00000,0.01296
600.00000,0.01000,6.00000,3.00000,0.00000,0.01742,0.05881,-248.10021,-249.46735,0.00548,2862.00000,4099.00000,0.00000
