"Omega","Tolerance","Step Size Rule","Iterations","Converged?","Gap LR","Gap Naive","Obj. Naive","Obj. LR","Gap","Time Naive","Time LR","Final Lambda","LB Heuristic"
600.00000,0.01000,1.00000,2.00000,0.00000,0.02138,0.05413,248.20671,250.43896,0.00891,4272.00000,4216.00000,1.23833,245.19598
600.00000,0.01000,2.00000,2.00000,0.00000,0.01686,0.05413,248.20671,249.32926,0.00450,4272.00000,4214.00000,0.31333,245.19598
600.00000,0.01000,3.00000,2.00000,0.00000,0.02270,0.05413,248.20671,250.76176,0.01019,4272.00000,4215.00000,1.27283,245.19598
600.00000,0.01000,4.00000,2.00000,0.00000,0.02279,0.05413,248.20671,250.78426,0.01028,4272.00000,4218.00000,1.28772,245.19598
600.00000,0.01000,5.00000,4.00000,0.00000,0.02297,0.05413,248.20671,250.82926,0.01046,4272.00000,2532.00000,0.01094,245.19598
600.00000,0.01000,6.00000,3.00000,0.00000,0.01805,0.05413,248.20671,249.62102,0.00567,4272.00000,4322.00000,0.00000,245.19598
