"Omega","Tolerance","Step Size Rule","Iterations","Converged?","Gap LR","Gap Naive","Obj. Naive","Obj. LR","Gap","Time Naive","Time LR","Final Lambda","LB Heuristic"
600.00000,0.01000,1.00000,3.00000,0.00000,0.02187,0.00000,249.04545,250.55926,0.00604,2271.00000,2846.00000,1.17833,245.19598
600.00000,0.01000,2.00000,2.00000,0.00000,0.01686,0.00000,249.04545,249.32926,0.00114,2271.00000,3111.00000,0.31333,245.19598
600.00000,0.01000,3.00000,3.00000,0.00000,0.02248,0.00000,249.04545,250.70776,0.00663,2271.00000,2414.00000,1.25783,245.19598
600.00000,0.01000,4.00000,3.00000,0.00000,0.02266,0.00000,249.04545,250.75244,0.00681,2271.00000,2624.00000,1.27906,245.19598
600.00000,0.01000,5.00000,10.00000,0.00000,0.02297,0.00000,249.04545,250.82926,0.00711,2271.00000,1083.00000,0.01948,245.19598
600.00000,0.01000,6.00000,3.00000,0.00000,0.01805,0.00000,249.04545,249.62102,0.00231,2271.00000,2956.00000,0.00000,245.19598
