"Omega","Tolerance","Step Size Rule","Iterations","Converged?","Gap LR","Gap Naive","Obj. Naive","Obj. LR","Gap","Time Naive","Time LR","Final Lambda","LB Heuristic"
900.00000,0.07000,1.00000,4.00000,0.00000,0.09692,0.17307,240.91268,268.05167,0.08836,4242.00000,2667.00000,10.66500,244.36662
900.00000,0.07000,2.00000,4.00000,0.00000,0.09692,0.17307,240.91268,268.05167,0.08836,4242.00000,2508.00000,0.27171,244.36662
900.00000,0.07000,3.00000,3.00000,0.00000,0.09692,0.17307,240.91268,268.05167,0.08836,4242.00000,2564.00000,4.73638,244.36662
900.00000,0.07000,4.00000,3.00000,0.00000,0.09692,0.17307,240.91268,268.05167,0.08836,4242.00000,2845.00000,2.89925,244.36662
900.00000,0.07000,5.00000,4.00000,0.00000,0.09692,0.17307,240.91268,268.05167,0.08836,4242.00000,2522.00000,0.15248,244.36662
900.00000,0.07000,6.00000,3.00000,0.00000,0.09692,0.17307,240.91268,268.05167,0.08836,4242.00000,4301.00000,0.00000,244.36662
