"Omega","Tolerance","Step Size Rule","Iterations","Converged?","Gap LR","Gap Naive","Obj. Naive","Obj. LR","Gap","Time Naive","Time LR","Final Lambda"
900.00000,0.07000,1.00000,1.00000,0.00000,0.08642,0.17315,-240.91268,-265.48514,0.10200,2887.00000,2902.00000,0.00000
900.00000,0.07000,2.00000,1.00000,0.00000,0.08642,0.17315,-240.91268,-265.48514,0.10200,2887.00000,2907.00000,0.27688
900.00000,0.07000,3.00000,1.00000,0.00000,0.08642,0.17315,-240.91268,-265.48514,0.10200,2887.00000,2905.00000,0.00000
900.00000,0.07000,4.00000,1.00000,0.00000,0.08642,0.17315,-240.91268,-265.48514,0.10200,2887.00000,2909.00000,0.05688
900.00000,0.07000,5.00000,1.00000,0.00000,0.08642,0.17315,-240.91268,-265.48514,0.10200,2887.00000,2915.00000,0.18688
900.00000,0.07000,6.00000,1.00000,0.00000,0.08642,0.17315,-240.91268,-265.48514,0.10200,2887.00000,2872.00000,0.00000
