"Omega","Tolerance","Step Size Rule","Iterations","Converged?","Gap LR","Gap Naive","Obj. Naive","Obj. LR","Gap","Time Naive","Time LR","Final Lambda"
900.00000,0.07000,1.00000,2.00000,0.00000,0.05801,0.17504,-240.91268,-258.54353,0.05483,2929.00000,2549.00000,12.55500
900.00000,0.07000,2.00000,2.00000,0.00000,0.05801,0.17504,-240.91268,-258.54353,0.05483,2929.00000,3535.00000,0.28486
900.00000,0.07000,3.00000,2.00000,0.00000,0.05801,0.17504,-240.91268,-258.54353,0.05483,2929.00000,2492.00000,5.02200
900.00000,0.07000,4.00000,2.00000,0.00000,0.05801,0.17504,-240.91268,-258.54353,0.05483,2929.00000,2487.00000,2.95924
900.00000,0.07000,5.00000,2.00000,0.00000,0.05801,0.17504,-240.91268,-258.54353,0.05483,2929.00000,2993.00000,0.21522
900.00000,0.07000,6.00000,2.00000,0.00000,0.07766,0.17504,-240.91268,-263.34311,0.07206,2929.00000,2423.00000,0.70691
