"Omega","Tolerance","Step Size Rule","Iterations","Converged?","Gap LR","Gap Naive","Obj. Naive","Obj. LR","Gap","Time Naive","Time LR","Final Lambda"
900.00000,0.07000,1.00000,1.00000,1.00000,0.00000,0.17356,-240.91268,-244.36662,243.36662,4338.00000,2110.00000,0.30688
900.00000,0.07000,2.00000,1.00000,1.00000,0.00000,0.17356,-240.91268,-244.36662,243.36662,4338.00000,2109.00000,0.30688
900.00000,0.07000,3.00000,1.00000,1.00000,0.00000,0.17356,-240.91268,-244.36662,243.36662,4338.00000,2109.00000,0.30688
900.00000,0.07000,4.00000,1.00000,1.00000,0.00000,0.17356,-240.91268,-244.36662,243.36662,4338.00000,2109.00000,0.30688
900.00000,0.07000,5.00000,1.00000,1.00000,0.00000,0.17356,-240.91268,-244.36662,243.36662,4338.00000,2110.00000,0.30688
900.00000,0.07000,6.00000,1.00000,1.00000,0.00000,0.17356,-240.91268,-244.36662,243.36662,4338.00000,2109.00000,0.30688
