"Omega","Tolerance","Step Size Rule","Iterations","Converged?","Gap LR","Gap Naive","Obj. Naive","Obj. LR","Gap","Time Naive","Time LR","Final Lambda","LB Heuristic"
100.00000,0.07000,1.00000,10.00000,0.00000,0.03519,0.00000,285.58793,295.63749,0.03399,241.00000,449.00000,3.51769,285.58793
100.00000,0.07000,2.00000,10.00000,0.00000,0.02353,0.00000,285.58793,292.30765,0.02299,241.00000,542.00000,2.64285,285.58793
100.00000,0.07000,3.00000,10.00000,0.00000,0.03080,0.00000,285.58793,294.38508,0.02988,241.00000,400.00000,3.33067,285.58793
100.00000,0.07000,4.00000,10.00000,0.00000,0.02779,0.00000,285.58793,293.52439,0.02704,241.00000,380.00000,3.16217,285.58793
100.00000,0.07000,5.00000,10.00000,0.00000,0.02362,0.00000,285.58793,292.33453,0.02308,241.00000,155.00000,2.73376,285.58793
100.00000,0.07000,6.00000,10.00000,0.00000,0.02478,0.00000,285.58793,292.66345,0.02418,241.00000,78.00000,2.73255,285.58793
