"Omega","Tolerance","Step Size Rule","Iterations","Converged?","Gap LR","Gap Naive","Obj. Naive","Obj. LR","Gap","Time Naive","Time LR","Final Lambda","LB Heuristic"
600.00000,0.07000,1.00000,3.00000,0.00000,0.05039,0.16416,242.53946,266.77994,0.04798,4281.00000,2561.00000,7.74000,253.98108
600.00000,0.07000,2.00000,2.00000,0.00000,0.05039,0.16416,242.53946,266.77994,0.04798,4281.00000,2723.00000,0.41669,253.98108
600.00000,0.07000,3.00000,3.00000,0.00000,0.05039,0.16416,242.53946,266.77994,0.04798,4281.00000,3081.00000,3.34996,253.98108
600.00000,0.07000,4.00000,3.00000,0.00000,0.05039,0.16416,242.53946,266.77994,0.04798,4281.00000,3573.00000,2.15182,253.98108
600.00000,0.07000,5.00000,3.00000,0.00000,0.05039,0.16416,242.53946,266.77994,0.04798,4281.00000,2451.00000,0.28660,253.98108
600.00000,0.07000,6.00000,2.00000,0.00000,0.06523,0.16416,242.53946,270.54942,0.06124,4281.00000,4210.00000,0.00000,253.98108
