"Omega","Tolerance","Step Size Rule","Iterations","Converged?","Gap LR","Gap Naive","Obj. Naive","Obj. LR","Gap","Time Naive","Time LR","Final Lambda","LB Heuristic"
600.00000,0.07000,1.00000,3.00000,0.00000,0.05039,0.16415,242.53946,266.77994,0.04798,4263.00000,2637.00000,7.74000,253.98108
600.00000,0.07000,2.00000,2.00000,0.00000,0.05039,0.16415,242.53946,266.77994,0.04798,4263.00000,2887.00000,0.41669,253.98108
600.00000,0.07000,3.00000,2.00000,0.00000,0.05039,0.16415,242.53946,266.77994,0.04798,4263.00000,2442.00000,3.55996,253.98108
600.00000,0.07000,4.00000,2.00000,0.00000,0.05039,0.16415,242.53946,266.77994,0.04798,4263.00000,2457.00000,2.26729,253.98108
600.00000,0.07000,5.00000,3.00000,0.00000,0.05039,0.16415,242.53946,266.77994,0.04798,4263.00000,2646.00000,0.28660,253.98108
600.00000,0.07000,6.00000,3.00000,0.00000,0.05039,0.16415,242.53946,266.77994,0.04798,4263.00000,4352.00000,0.10047,253.98108
