"Omega","Tolerance","Step Size Rule","Iterations","Converged?","Gap LR","Gap Naive","Obj. Naive","Obj. LR","Gap","Time Naive","Time LR","Final Lambda","LB Heuristic"
600.00000,0.07000,1.00000,4.00000,0.00000,0.11368,0.14913,246.28727,282.85308,0.10207,4219.00000,2468.00000,6.93946,253.98108
600.00000,0.07000,2.00000,2.00000,0.00000,0.10777,0.14913,246.28727,281.35308,0.09729,4219.00000,4207.00000,0.46484,253.98108
600.00000,0.07000,3.00000,3.00000,0.00000,0.11368,0.14913,246.28727,282.85308,0.10207,4219.00000,2659.00000,4.18246,253.98108
600.00000,0.07000,4.00000,2.00000,0.00000,0.11368,0.14913,246.28727,282.85308,0.10207,4219.00000,2622.00000,3.10097,253.98108
600.00000,0.07000,5.00000,2.00000,0.00000,0.05183,0.14913,246.28727,267.14480,0.04928,4219.00000,4208.00000,0.38913,253.98108
600.00000,0.07000,6.00000,2.00000,0.00000,0.06793,0.14913,246.28727,271.23480,0.06361,4219.00000,4209.00000,0.00000,253.98108
