"Omega","Tolerance","Step Size Rule","Iterations","Converged?","Gap LR","Gap Naive","Obj. Naive","Obj. LR","Gap","Time Naive","Time LR","Final Lambda"
600.00000,0.07000,1.00000,3.00000,0.00000,0.05039,0.16415,-242.53946,-266.77994,265.82791,4270.00000,2659.00000,7.74000
600.00000,0.07000,2.00000,2.00000,0.00000,0.05039,0.16415,-242.53946,-266.77994,265.82791,4270.00000,2923.00000,0.41669
600.00000,0.07000,3.00000,2.00000,0.00000,0.05039,0.16415,-242.53946,-266.77994,265.82791,4270.00000,2416.00000,3.55996
600.00000,0.07000,4.00000,2.00000,0.00000,0.05039,0.16415,-242.53946,-266.77994,265.82791,4270.00000,2424.00000,2.26729
600.00000,0.07000,5.00000,3.00000,0.00000,0.05039,0.16415,-242.53946,-266.77994,265.82791,4270.00000,2668.00000,0.28660
600.00000,0.07000,6.00000,3.00000,0.00000,0.05039,0.16415,-242.53946,-266.77994,265.82791,4270.00000,4355.00000,0.10047
