"Omega","Tolerance","Step Size Rule","Iterations","Converged?","Gap LR","Gap Naive","Obj. Naive","Obj. LR","Gap","Time Naive","Time LR","Final Lambda","LB Heuristic"
600.00000,0.07000,1.00000,3.00000,0.00000,0.11368,0.16275,242.53946,282.85308,0.10207,4225.00000,2434.00000,7.56946,253.98108
600.00000,0.07000,2.00000,2.00000,0.00000,0.10777,0.16275,242.53946,281.35308,0.09729,4225.00000,4211.00000,0.46484,253.98108
600.00000,0.07000,3.00000,3.00000,0.00000,0.11368,0.16275,242.53946,282.85308,0.10207,4225.00000,2785.00000,4.18246,253.98108
600.00000,0.07000,4.00000,2.00000,0.00000,0.11368,0.16275,242.53946,282.85308,0.10207,4225.00000,2625.00000,3.10097,253.98108
600.00000,0.07000,5.00000,2.00000,0.00000,0.05183,0.16275,242.53946,267.14480,0.04928,4225.00000,4208.00000,0.38913,253.98108
600.00000,0.07000,6.00000,2.00000,0.00000,0.06523,0.16275,242.53946,270.54942,0.06124,4225.00000,4206.00000,0.00000,253.98108
