"Omega","Tolerance","Step Size Rule","Iterations","Converged?","Gap LR","Gap Naive","Obj. Naive","Obj. LR","Gap","Time Naive","Time LR","Final Lambda","LB Heuristic"
600.00000,0.07000,1.00000,3.00000,0.00000,0.05039,0.16415,242.53946,266.77994,0.04798,4243.00000,2410.00000,7.74000,253.98108
600.00000,0.07000,2.00000,2.00000,0.00000,0.05039,0.16415,242.53946,266.77994,0.04798,4243.00000,2637.00000,0.41669,253.98108
600.00000,0.07000,3.00000,3.00000,0.00000,0.05039,0.16415,242.53946,266.77994,0.04798,4243.00000,2963.00000,3.34996,253.98108
600.00000,0.07000,4.00000,3.00000,0.00000,0.05039,0.16415,242.53946,266.77994,0.04798,4243.00000,3375.00000,2.15182,253.98108
600.00000,0.07000,5.00000,3.00000,0.00000,0.05039,0.16415,242.53946,266.77994,0.04798,4243.00000,2463.00000,0.28660,253.98108
600.00000,0.07000,6.00000,3.00000,0.00000,0.05039,0.16415,242.53946,266.77994,0.04798,4243.00000,4323.00000,0.10047,253.98108
