"Omega","Tolerance","Step Size Rule","Iterations","Converged?","Gap LR","Gap Naive","Obj. Naive","Obj. LR","Gap","Time Naive","Time LR","Final Lambda"
600.00000,0.07000,1.00000,2.00000,0.00000,0.05109,0.16416,-242.53946,-266.95792,0.04861,2859.00000,2338.00000,8.37000
600.00000,0.07000,2.00000,2.00000,0.00000,0.05109,0.16416,-242.53946,-266.95792,0.04861,2859.00000,2960.00000,0.41669
600.00000,0.07000,3.00000,2.00000,0.00000,0.05109,0.16416,-242.53946,-266.95792,0.04861,2859.00000,2513.00000,3.55996
600.00000,0.07000,4.00000,2.00000,0.00000,0.05109,0.16416,-242.53946,-266.95792,0.04861,2859.00000,2609.00000,2.26729
600.00000,0.07000,5.00000,2.00000,0.00000,0.05109,0.16416,-242.53946,-266.95792,0.04861,2859.00000,2489.00000,0.28302
600.00000,0.07000,6.00000,2.00000,0.00000,0.05109,0.16416,-242.53946,-266.95792,0.04861,2859.00000,2267.00000,1.02240
