"Omega","Tolerance","Step Size Rule","Iterations","Converged?","Gap LR","Gap Naive","Obj. Naive","Obj. LR","Gap","Time Naive","Time LR","Final Lambda"
600.00000,0.07000,1.00000,1.00000,0.00000,0.05109,0.16415,-242.53946,-266.95792,0.10068,2838.00000,2844.00000,0.00000
600.00000,0.07000,2.00000,1.00000,0.00000,0.05109,0.16415,-242.53946,-266.95792,0.10068,2838.00000,2849.00000,0.41401
600.00000,0.07000,3.00000,1.00000,0.00000,0.05109,0.16415,-242.53946,-266.95792,0.10068,2838.00000,2845.00000,0.21196
600.00000,0.07000,4.00000,1.00000,0.00000,0.05109,0.16415,-242.53946,-266.95792,0.10068,2838.00000,2852.00000,0.29446
600.00000,0.07000,5.00000,1.00000,0.00000,0.05109,0.16415,-242.53946,-266.95792,0.10068,2838.00000,2848.00000,0.27764
600.00000,0.07000,6.00000,1.00000,0.00000,0.05109,0.16415,-242.53946,-266.95792,0.10068,2838.00000,2845.00000,0.00000
