"Omega","Tolerance","Step Size Rule","Iterations","Converged?","Gap LR","Gap Naive","Obj. Naive","Obj. LR","Gap","Time Naive","Time LR","Final Lambda"
600.00000,0.05000,1.00000,1.00000,0.00000,0.05396,0.13720,-245.25073,-261.07545,0.06452,2838.00000,2857.00000,0.14620
600.00000,0.05000,2.00000,1.00000,0.00000,0.05396,0.13720,-245.25073,-261.07545,0.06452,2838.00000,2848.00000,0.37120
600.00000,0.05000,3.00000,1.00000,0.00000,0.05396,0.13720,-245.25073,-261.07545,0.06452,2838.00000,2845.00000,0.29620
600.00000,0.05000,4.00000,1.00000,0.00000,0.05396,0.13720,-245.25073,-261.07545,0.06452,2838.00000,2855.00000,0.34620
600.00000,0.05000,5.00000,1.00000,0.00000,0.05396,0.13720,-245.25073,-261.07545,0.06452,2838.00000,2847.00000,0.14620
600.00000,0.05000,6.00000,1.00000,0.00000,0.05396,0.13720,-245.25073,-261.07545,0.06452,2838.00000,2842.00000,0.00000
