"Omega","Tolerance","Step Size Rule","Iterations","Converged?","Gap LR","Gap Naive","Obj. Naive","Obj. LR","Gap","Time Naive","Time LR","Final Lambda","LB Heuristic"
600.00000,0.05000,1.00000,4.00000,0.00000,0.05396,0.12559,247.69642,261.07545,0.05120,4227.00000,2489.00000,7.79620,247.70851
600.00000,0.05000,2.00000,4.00000,0.00000,0.05396,0.12559,247.69642,261.07545,0.05120,4227.00000,2590.00000,0.37910,247.70851
600.00000,0.05000,3.00000,3.00000,0.00000,0.05396,0.12559,247.69642,261.07545,0.05120,4227.00000,2560.00000,3.56620,247.70851
600.00000,0.05000,4.00000,3.00000,0.00000,0.06039,0.12559,247.69642,262.66663,0.05695,4227.00000,2808.00000,2.26485,247.70851
600.00000,0.05000,5.00000,5.00000,0.00000,0.05396,0.12559,247.69642,261.07545,0.05120,4227.00000,2438.00000,0.15971,247.70851
600.00000,0.05000,6.00000,3.00000,0.00000,0.05661,0.12559,247.69642,261.73190,0.05358,4227.00000,4259.00000,0.00000,247.70851
