"Omega","Tolerance","Step Size Rule","Iterations","Converged?","Gap LR","Gap Naive","Obj. Naive","Obj. LR","Gap","Time Naive","Time LR","Final Lambda"
600.00000,0.05000,1.00000,3.00000,0.00000,0.04498,0.13720,-245.25073,-258.84944,257.89248,4265.00000,2627.00000,8.17120
600.00000,0.05000,2.00000,3.00000,0.00000,0.04498,0.13720,-245.25073,-258.84944,257.89248,4265.00000,2696.00000,0.39147
600.00000,0.05000,3.00000,3.00000,0.00000,0.04498,0.13720,-245.25073,-258.84944,257.89248,4265.00000,3313.00000,3.52870
600.00000,0.05000,4.00000,3.00000,0.00000,0.04498,0.13720,-245.25073,-258.84944,257.89248,4265.00000,4272.00000,2.24985
600.00000,0.05000,5.00000,3.00000,0.00000,0.04498,0.13720,-245.25073,-258.84944,257.89248,4265.00000,2451.00000,0.21497
600.00000,0.05000,6.00000,3.00000,0.00000,0.04498,0.13720,-245.25073,-258.84944,257.89248,4265.00000,4314.00000,0.00000
