"Omega","Tolerance","Step Size Rule","Iterations","Converged?","Gap LR","Gap Naive","Obj. Naive","Obj. LR","Gap","Time Naive","Time LR","Final Lambda"
600.00000,0.05000,1.00000,2.00000,0.00000,0.04498,0.13730,-245.25073,-258.84944,0.04304,2867.00000,2388.00000,8.62120
600.00000,0.05000,2.00000,2.00000,0.00000,0.04498,0.13730,-245.25073,-258.84944,0.04304,2867.00000,2458.00000,0.38883
600.00000,0.05000,3.00000,2.00000,0.00000,0.04498,0.13730,-245.25073,-258.84944,0.04304,2867.00000,2403.00000,3.67870
600.00000,0.05000,4.00000,2.00000,0.00000,0.04498,0.13730,-245.25073,-258.84944,0.04304,2867.00000,2502.00000,2.33646
600.00000,0.05000,5.00000,2.00000,0.00000,0.04498,0.13730,-245.25073,-258.84944,0.04304,2867.00000,2471.00000,0.21147
600.00000,0.05000,6.00000,2.00000,0.00000,0.04498,0.13730,-245.25073,-258.84944,0.04304,2867.00000,2382.00000,0.99444
