"Omega","Tolerance","Step Size Rule","Iterations","Converged?","Gap LR","Gap Naive","Obj. Naive","Obj. LR","Gap","Time Naive","Time LR","Final Lambda","LB Heuristic"
600.00000,0.05000,1.00000,4.00000,0.00000,0.05396,0.13610,245.25073,261.07545,0.05120,4228.00000,2459.00000,7.79620,247.70851
600.00000,0.05000,2.00000,4.00000,0.00000,0.05396,0.13610,245.25073,261.07545,0.05120,4228.00000,2596.00000,0.37910,247.70851
600.00000,0.05000,3.00000,3.00000,0.00000,0.05396,0.13610,245.25073,261.07545,0.05120,4228.00000,2596.00000,3.56620,247.70851
600.00000,0.05000,4.00000,3.00000,0.00000,0.05396,0.13610,245.25073,261.07545,0.05120,4228.00000,3117.00000,2.27485,247.70851
600.00000,0.05000,5.00000,4.00000,0.00000,0.05396,0.13610,245.25073,261.07545,0.05120,4228.00000,2505.00000,0.15761,247.70851
600.00000,0.05000,6.00000,3.00000,0.00000,0.05396,0.13610,245.25073,261.07545,0.05120,4228.00000,4287.00000,0.00000,247.70851
