"Omega","Tolerance","Step Size Rule","Iterations","Converged?","Gap LR","Gap Naive","Obj. Naive","Obj. LR","Gap","Time Naive","Time LR","Final Lambda","LB Heuristic"
600.00000,0.05000,1.00000,3.00000,0.00000,0.04498,0.13720,245.25073,258.84944,0.04304,4265.00000,2616.00000,8.17120,247.70851
600.00000,0.05000,2.00000,3.00000,0.00000,0.04498,0.13720,245.25073,258.84944,0.04304,4265.00000,2704.00000,0.39147,247.70851
600.00000,0.05000,3.00000,3.00000,0.00000,0.04498,0.13720,245.25073,258.84944,0.04304,4265.00000,3210.00000,3.52870,247.70851
600.00000,0.05000,4.00000,3.00000,0.00000,0.04498,0.13720,245.25073,258.84944,0.04304,4265.00000,4242.00000,2.24985,247.70851
600.00000,0.05000,5.00000,3.00000,0.00000,0.04498,0.13720,245.25073,258.84944,0.04304,4265.00000,2480.00000,0.21497,247.70851
600.00000,0.05000,6.00000,3.00000,0.00000,0.04498,0.13720,245.25073,258.84944,0.04304,4265.00000,4329.00000,0.00000,247.70851
