"Omega","Tolerance","Step Size Rule","Iterations","Converged?","Gap LR","Gap Naive","Obj. Naive","Obj. LR","Gap","Time Naive","Time LR","Final Lambda","LB Heuristic"
600.00000,0.05000,1.00000,3.00000,0.00000,0.05396,0.13720,245.25073,261.07545,0.05120,4285.00000,2616.00000,8.24620,247.70851
600.00000,0.05000,2.00000,3.00000,0.00000,0.04498,0.13720,245.25073,258.84944,0.04304,4285.00000,2571.00000,0.39147,247.70851
600.00000,0.05000,3.00000,3.00000,0.00000,0.04498,0.13720,245.25073,258.84944,0.04304,4285.00000,2853.00000,3.52870,247.70851
600.00000,0.05000,4.00000,3.00000,0.00000,0.04498,0.13720,245.25073,258.84944,0.04304,4285.00000,3734.00000,2.24985,247.70851
600.00000,0.05000,5.00000,4.00000,0.00000,0.04498,0.13720,245.25073,258.84944,0.04304,4285.00000,2484.00000,0.21761,247.70851
600.00000,0.05000,6.00000,3.00000,0.00000,0.05396,0.13720,245.25073,261.07545,0.05120,4285.00000,4294.00000,0.00000,247.70851
