"Omega","Tolerance","Step Size Rule","Iterations","Converged?","Gap LR","Gap Naive","Obj. Naive","Obj. LR","Gap","Time Naive","Time LR","Final Lambda"
100.00000,0.01000,1.00000,10.00000,0.00000,0.01335,0.00000,-276.42693,-278.26161,0.00664,20.00000,212.00000,4.14285
100.00000,0.01000,2.00000,10.00000,0.00000,0.00838,0.00000,-276.42693,-276.89661,0.00170,20.00000,117.00000,1.41407
100.00000,0.01000,3.00000,10.00000,0.00000,0.01371,0.00000,-276.42693,-278.35851,0.00699,20.00000,169.00000,4.25245
100.00000,0.01000,4.00000,10.00000,0.00000,0.01376,0.00000,-276.42693,-278.37309,0.00704,20.00000,153.00000,4.26775
100.00000,0.01000,5.00000,10.00000,0.00000,0.01385,0.00000,-276.42693,-278.39661,0.00713,20.00000,59.00000,0.11691
100.00000,0.01000,6.00000,10.00000,0.00000,0.00808,0.00000,-276.42693,-276.81259,0.00140,20.00000,139.00000,2.39693
