"Omega","Tolerance","Step Size Rule","Iterations","Converged?","Gap LR","Gap Naive","Obj. Naive","Obj. LR","Gap","Time Naive","Time LR","Final Lambda","LB Heuristic"
100.00000,0.01000,1.00000,10.00000,0.00000,0.01450,0.00000,273.90879,277.87921,0.01429,24.00000,248.00000,4.89116,273.90879
100.00000,0.01000,2.00000,10.00000,0.00000,0.00951,0.00000,273.90879,276.51421,0.00942,24.00000,166.00000,2.16237,273.90879
100.00000,0.01000,3.00000,10.00000,0.00000,0.01485,0.00000,273.90879,277.97611,0.01463,24.00000,199.00000,5.00076,273.90879
100.00000,0.01000,4.00000,10.00000,0.00000,0.01490,0.00000,273.90879,277.99068,0.01468,24.00000,198.00000,5.01606,273.90879
100.00000,0.01000,5.00000,10.00000,0.00000,0.01499,0.00000,273.90879,278.01421,0.01477,24.00000,86.00000,0.11691,273.90879
100.00000,0.01000,6.00000,10.00000,0.00000,0.00632,0.00000,273.90879,275.63919,0.00628,24.00000,232.00000,2.42281,273.90879
