"Omega","Tolerance","Step Size Rule","Iterations","Converged?","Gap LR","Gap Naive","Obj. Naive","Obj. LR","Gap","Time Naive","Time LR","Final Lambda"
600.00000,0.05000,1.00000,2.00000,0.00000,0.01948,0.14550,-243.73335,-255.83538,0.01911,2869.00000,2460.00000,8.55155
600.00000,0.05000,2.00000,2.00000,0.00000,0.01948,0.14550,-243.73335,-255.83538,0.01911,2869.00000,2440.00000,0.40418
600.00000,0.05000,3.00000,2.00000,0.00000,0.01948,0.14550,-243.73335,-255.83538,0.01911,2869.00000,2434.00000,3.64655
600.00000,0.05000,4.00000,2.00000,0.00000,0.01948,0.14550,-243.73335,-255.83538,0.01911,2869.00000,2465.00000,2.31680
600.00000,0.05000,5.00000,2.00000,0.00000,0.01948,0.14550,-243.73335,-255.83538,0.01911,2869.00000,2546.00000,0.25681
600.00000,0.05000,6.00000,2.00000,0.00000,0.01948,0.14550,-243.73335,-255.83538,0.01911,2869.00000,2409.00000,0.86252
