"Omega","Tolerance","Step Size Rule","Iterations","Converged?","Gap LR","Gap Naive","Obj. Naive","Obj. LR","Gap","Time Naive","Time LR","Final Lambda","LB Heuristic"
600.00000,0.05000,1.00000,3.00000,0.00000,0.05789,0.11238,252.31229,265.47572,0.04958,4229.00000,2402.00000,8.31155,250.94732
600.00000,0.05000,2.00000,4.00000,0.00000,0.05789,0.11238,252.31229,265.47572,0.04958,4229.00000,2485.00000,0.36569,250.94732
600.00000,0.05000,3.00000,3.00000,0.00000,0.05789,0.11238,252.31229,265.47572,0.04958,4229.00000,2619.00000,3.60155,250.94732
600.00000,0.05000,4.00000,3.00000,0.00000,0.05789,0.11238,252.31229,265.47572,0.04958,4229.00000,3129.00000,2.30597,250.94732
600.00000,0.05000,5.00000,4.00000,0.00000,0.05789,0.11238,252.31229,265.47572,0.04958,4229.00000,2527.00000,0.08795,250.94732
600.00000,0.05000,6.00000,3.00000,0.00000,0.05789,0.11238,252.31229,265.47572,0.04958,4229.00000,4285.00000,0.00000,250.94732
