"Omega","Tolerance","Step Size Rule","Iterations","Converged?","Gap LR","Gap Naive","Obj. Naive","Obj. LR","Gap","Time Naive","Time LR","Final Lambda"
600.00000,0.05000,1.00000,1.00000,0.00000,0.05789,0.14550,-243.73335,-265.47572,0.08921,2847.00000,2846.00000,0.21155
600.00000,0.05000,2.00000,1.00000,0.00000,0.05789,0.14550,-243.73335,-265.47572,0.08921,2847.00000,2848.00000,0.35780
600.00000,0.05000,3.00000,1.00000,0.00000,0.05789,0.14550,-243.73335,-265.47572,0.08921,2847.00000,2850.00000,0.33155
600.00000,0.05000,4.00000,1.00000,0.00000,0.05789,0.14550,-243.73335,-265.47572,0.08921,2847.00000,2851.00000,0.37155
600.00000,0.05000,5.00000,1.00000,0.00000,0.05789,0.14550,-243.73335,-265.47572,0.08921,2847.00000,2849.00000,0.07655
600.00000,0.05000,6.00000,1.00000,0.00000,0.05789,0.14550,-243.73335,-265.47572,0.08921,2847.00000,2839.00000,0.00000
