"Omega","Tolerance","Step Size Rule","Iterations","Converged?","Gap LR","Gap Naive","Obj. Naive","Obj. LR","Gap","Time Naive","Time LR","Final Lambda","LB Heuristic"
600.00000,0.05000,1.00000,3.00000,0.00000,0.05789,0.08525,260.02518,265.47572,0.02053,4228.00000,2409.00000,8.31155,250.94732
600.00000,0.05000,2.00000,4.00000,0.00000,0.05789,0.08525,260.02518,265.47572,0.02053,4228.00000,2496.00000,0.36569,250.94732
600.00000,0.05000,3.00000,3.00000,0.00000,0.05789,0.08525,260.02518,265.47572,0.02053,4228.00000,2605.00000,3.60155,250.94732
600.00000,0.05000,4.00000,3.00000,0.00000,0.05789,0.08525,260.02518,265.47572,0.02053,4228.00000,2886.00000,2.30597,250.94732
600.00000,0.05000,5.00000,5.00000,0.00000,0.05789,0.08525,260.02518,265.47572,0.02053,4228.00000,2426.00000,0.09005,250.94732
600.00000,0.05000,6.00000,3.00000,0.00000,0.05789,0.08525,260.02518,265.47572,0.02053,4228.00000,4262.00000,0.00000,250.94732
