"Omega","Tolerance","Step Size Rule","Iterations","Converged?","Gap LR","Gap Naive","Obj. Naive","Obj. LR","Gap","Time Naive","Time LR","Final Lambda","LB Heuristic"
600.00000,0.05000,1.00000,3.00000,0.00000,0.05789,0.14349,243.73335,265.47572,0.05473,4246.00000,2550.00000,8.31155,250.94732
600.00000,0.05000,2.00000,3.00000,0.00000,0.05789,0.14349,243.73335,265.47572,0.05473,4246.00000,2481.00000,0.36306,250.94732
600.00000,0.05000,3.00000,3.00000,0.00000,0.05789,0.14349,243.73335,265.47572,0.05473,4246.00000,2871.00000,3.60155,250.94732
600.00000,0.05000,4.00000,3.00000,0.00000,0.05789,0.14349,243.73335,265.47572,0.05473,4246.00000,3464.00000,2.30597,250.94732
600.00000,0.05000,5.00000,4.00000,0.00000,0.05789,0.14349,243.73335,265.47572,0.05473,4246.00000,2537.00000,0.08795,250.94732
600.00000,0.05000,6.00000,3.00000,0.00000,0.05789,0.14349,243.73335,265.47572,0.05473,4246.00000,4315.00000,0.00000,250.94732
