"Omega","Tolerance","Step Size Rule","Iterations","Converged?","Gap LR","Gap Naive","Obj. Naive","Obj. LR","Gap","Time Naive","Time LR","Final Lambda"
600.00000,0.05000,1.00000,3.00000,0.00000,0.01948,0.14550,-243.73335,-255.83538,254.85449,4280.00000,2854.00000,8.10155
600.00000,0.05000,2.00000,3.00000,0.00000,0.01948,0.14550,-243.73335,-255.83538,254.85449,4280.00000,2770.00000,0.40681
600.00000,0.05000,3.00000,3.00000,0.00000,0.01948,0.14550,-243.73335,-255.83538,254.85449,4280.00000,3448.00000,3.49655
600.00000,0.05000,4.00000,2.00000,0.00000,0.01948,0.14550,-243.73335,-255.83538,254.85449,4280.00000,2412.00000,2.31680
600.00000,0.05000,5.00000,3.00000,0.00000,0.01948,0.14550,-243.73335,-255.83538,254.85449,4280.00000,2496.00000,0.26032
600.00000,0.05000,6.00000,3.00000,0.00000,0.05789,0.14550,-243.73335,-265.47572,264.53044,4280.00000,4328.00000,0.00000
