"Omega","Tolerance","Step Size Rule","Iterations","Converged?","Gap LR","Gap Naive","Obj. Naive","Obj. LR","Gap","Time Naive","Time LR","Final Lambda","LB Heuristic"
600.00000,0.05000,1.00000,3.00000,0.00000,0.01948,0.14550,243.73335,255.83538,0.01911,4289.00000,2782.00000,8.10155,250.94732
600.00000,0.05000,2.00000,2.00000,0.00000,0.01948,0.14550,243.73335,255.83538,0.01911,4289.00000,2406.00000,0.40418,250.94732
600.00000,0.05000,3.00000,3.00000,0.00000,0.01948,0.14550,243.73335,255.83538,0.01911,4289.00000,3507.00000,3.49655,250.94732
600.00000,0.05000,4.00000,3.00000,0.00000,0.01948,0.14550,243.73335,255.83538,0.01911,4289.00000,3862.00000,2.23597,250.94732
600.00000,0.05000,5.00000,3.00000,0.00000,0.05789,0.14550,243.73335,265.47572,0.05473,4289.00000,2421.00000,0.08532,250.94732
600.00000,0.05000,6.00000,3.00000,0.00000,0.05789,0.14550,243.73335,265.47572,0.05473,4289.00000,4391.00000,0.00000,250.94732
