"Omega","Tolerance","Step Size Rule","Iterations","Converged?","Gap LR","Gap Naive","Obj. Naive","Obj. LR","Gap","Time Naive","Time LR","Final Lambda"
600.00000,0.01000,1.00000,3.00000,0.00000,0.02038,0.00000,-250.28417,-250.73465,0.00180,1174.00000,2766.00000,1.05631
600.00000,0.01000,2.00000,2.00000,0.00000,0.02148,0.00000,-250.28417,-251.00465,0.00287,1174.00000,2834.00000,1.44131
600.00000,0.01000,3.00000,3.00000,0.00000,0.02099,0.00000,-250.28417,-250.88315,0.00239,1174.00000,2719.00000,1.13581
600.00000,0.01000,4.00000,3.00000,0.00000,0.02117,0.00000,-250.28417,-250.92783,0.00257,1174.00000,2437.00000,1.15704
600.00000,0.01000,5.00000,10.00000,0.00000,0.02148,0.00000,-250.28417,-251.00465,0.00287,1174.00000,1106.00000,0.01948
600.00000,0.01000,6.00000,7.00000,0.00000,0.02148,0.00000,-250.28417,-251.00465,0.00287,1174.00000,4311.00000,0.55966
