"Omega","Tolerance","Step Size Rule","Iterations","Converged?","Gap LR","Gap Naive","Obj. Naive","Obj. LR","Gap","Time Naive","Time LR","Final Lambda","LB Heuristic"
600.00000,0.01000,1.00000,2.00000,0.00000,0.01888,0.00000,250.28417,250.36582,0.00033,4142.00000,4266.00000,1.14631,245.72631
600.00000,0.01000,2.00000,2.00000,0.00000,0.01993,0.00000,250.28417,250.62438,0.00136,4142.00000,4222.00000,0.50949,245.72631
600.00000,0.01000,3.00000,2.00000,0.00000,0.01993,0.00000,250.28417,250.62438,0.00136,4142.00000,4217.00000,1.15831,245.72631
600.00000,0.01000,4.00000,2.00000,0.00000,0.02130,0.00000,250.28417,250.95965,0.00269,4142.00000,3975.00000,1.16570,245.72631
600.00000,0.01000,5.00000,5.00000,0.00000,0.02148,0.00000,250.28417,251.00465,0.00287,4142.00000,2548.00000,0.01296,245.72631
600.00000,0.01000,6.00000,3.00000,0.00000,0.02148,0.00000,250.28417,251.00465,0.00287,4142.00000,3626.00000,3.52049,245.72631
