"Omega","Tolerance","Step Size Rule","Iterations","Converged?","Gap LR","Gap Naive","Obj. Naive","Obj. LR","Gap","Time Naive","Time LR","Final Lambda","LB Heuristic"
600.00000,0.01000,1.00000,3.00000,0.00000,0.02038,0.00000,250.28417,250.73465,0.00180,1050.00000,2583.00000,1.05631,245.72631
600.00000,0.01000,2.00000,2.00000,0.00000,0.02148,0.00000,250.28417,251.00465,0.00287,1050.00000,2571.00000,1.44131,245.72631
600.00000,0.01000,3.00000,3.00000,0.00000,0.02099,0.00000,250.28417,250.88315,0.00239,1050.00000,2757.00000,1.13581,245.72631
600.00000,0.01000,4.00000,3.00000,0.00000,0.02117,0.00000,250.28417,250.92783,0.00257,1050.00000,2502.00000,1.15704,245.72631
600.00000,0.01000,5.00000,10.00000,0.00000,0.02148,0.00000,250.28417,251.00465,0.00287,1050.00000,1064.00000,0.01948,245.72631
600.00000,0.01000,6.00000,7.00000,0.00000,0.02148,0.00000,250.28417,251.00465,0.00287,1050.00000,4350.00000,0.39720,245.72631
