"Omega","Tolerance","Step Size Rule","Iterations","Converged?","Gap LR","Gap Naive","Obj. Naive","Obj. LR","Gap","Time Naive","Time LR","Final Lambda","LB Heuristic"
600.00000,0.01000,1.00000,2.00000,0.00000,0.02093,0.00092,250.28417,250.86965,0.00233,1703.00000,3486.00000,1.10131,245.72631
600.00000,0.01000,2.00000,2.00000,0.00000,0.01817,0.00092,250.28417,250.19141,-0.00037,1703.00000,3572.00000,1.44131,245.72631
600.00000,0.01000,3.00000,2.00000,0.00000,0.02121,0.00092,250.28417,250.93715,0.00260,1703.00000,3145.00000,1.15081,245.72631
600.00000,0.01000,4.00000,2.00000,0.00000,0.02130,0.00092,250.28417,250.95965,0.00269,1703.00000,3091.00000,1.16570,245.72631
600.00000,0.01000,5.00000,10.00000,0.00000,0.02148,0.00092,250.28417,251.00465,0.00287,1703.00000,2172.00000,0.01948,245.72631
600.00000,0.01000,6.00000,3.00000,0.00000,0.02148,0.00092,250.28417,251.00465,0.00287,1703.00000,3454.00000,3.52049,245.72631
