"Omega","Tolerance","Step Size Rule","Iterations","Converged?","Gap LR","Gap Naive","Obj. Naive","Obj. LR","Gap","Time Naive","Time LR","Final Lambda"
600.00000,0.01000,1.00000,1.00000,0.00000,0.02148,0.00000,-250.28417,-251.00465,0.00288,2352.00000,2496.00000,1.14631
600.00000,0.01000,2.00000,1.00000,0.00000,0.02148,0.00000,-250.28417,-251.00465,0.00288,2352.00000,2746.00000,0.69131
600.00000,0.01000,3.00000,1.00000,0.00000,0.02148,0.00000,-250.28417,-251.00465,0.00288,2352.00000,2805.00000,1.16881
600.00000,0.01000,4.00000,1.00000,0.00000,0.02148,0.00000,-250.28417,-251.00465,0.00288,2352.00000,2789.00000,1.17631
600.00000,0.01000,5.00000,1.00000,0.00000,0.02148,0.00000,-250.28417,-251.00465,0.00288,2352.00000,2813.00000,0.00000
600.00000,0.01000,6.00000,1.00000,0.00000,0.02148,0.00000,-250.28417,-251.00465,0.00288,2352.00000,2955.00000,0.00000
