"Omega","Tolerance","Step Size Rule","Iterations","Converged?","Gap LR","Gap Naive","Obj. Naive","Obj. LR","Gap","Time Naive","Time LR","Final Lambda"
600.00000,0.01000,1.00000,2.00000,0.00000,0.02093,0.02309,-249.69569,-250.86965,0.00468,2875.00000,4344.00000,1.10131
600.00000,0.01000,2.00000,2.00000,0.00000,0.01775,0.02309,-249.69569,-250.08714,0.00157,2875.00000,4345.00000,0.00000
600.00000,0.01000,3.00000,2.00000,0.00000,0.01824,0.02309,-249.69569,-250.20933,0.00205,2875.00000,4354.00000,1.15681
600.00000,0.01000,4.00000,2.00000,0.00000,0.02130,0.02309,-249.69569,-250.95965,0.00504,2875.00000,4307.00000,1.16570
600.00000,0.01000,5.00000,3.00000,0.00000,0.02148,0.02309,-249.69569,-251.00465,0.00521,2875.00000,2338.00000,0.00842
600.00000,0.01000,6.00000,3.00000,0.00000,0.02148,0.02309,-249.69569,-251.00465,0.00521,2875.00000,4161.00000,3.52049
