"Omega","Tolerance","Step Size Rule","Iterations","Converged?","Gap LR","Gap Naive","Obj. Naive","Obj. LR","Gap","Time Naive","Time LR","Final Lambda","LB Heuristic"
900.00000,0.07000,2.00000,2.00000,0.00000,0.07118,0.16816,242.10743,265.81747,0.06645,4269.00000,2897.00000,0.27347,248.15346
900.00000,0.07000,3.00000,3.00000,0.00000,0.07173,0.16816,242.10743,265.95404,0.06693,4269.00000,3509.00000,4.70700,248.15346
900.00000,0.07000,4.00000,3.00000,0.00000,0.07118,0.16816,242.10743,265.81747,0.06645,4269.00000,4049.00000,2.86315,248.15346
900.00000,0.07000,5.00000,3.00000,0.00000,0.07173,0.16816,242.10743,265.95404,0.06693,4269.00000,2515.00000,0.18131,248.15346
900.00000,0.07000,6.00000,3.00000,0.00000,0.07173,0.16816,242.10743,265.95404,0.06693,4269.00000,4285.00000,0.02355,248.15346
