"Omega","Tolerance","Step Size Rule","Iterations","Converged?","Gap LR","Gap Naive","Obj. Naive","Obj. LR","Gap","Time Naive","Time LR","Final Lambda"
900.00000,0.07000,1.00000,1.00000,0.00000,0.07173,0.16826,-242.10743,-265.95390,0.09850,2886.00000,2918.00000,0.00000
900.00000,0.07000,2.00000,1.00000,0.00000,0.07173,0.16826,-242.10743,-265.95390,0.09850,2886.00000,2920.00000,0.26166
900.00000,0.07000,3.00000,1.00000,0.00000,0.07173,0.16826,-242.10743,-265.95390,0.09850,2886.00000,2920.00000,0.05077
900.00000,0.07000,4.00000,1.00000,0.00000,0.07173,0.16826,-242.10743,-265.95390,0.09850,2886.00000,2921.00000,0.13577
900.00000,0.07000,5.00000,1.00000,0.00000,0.07173,0.16826,-242.10743,-265.95390,0.09850,2886.00000,2914.00000,0.12930
900.00000,0.07000,6.00000,1.00000,0.00000,0.07173,0.16826,-242.10743,-265.95390,0.09850,2886.00000,2823.00000,0.00000
