"Omega","Tolerance","Step Size Rule","Iterations","Converged?","Gap LR","Gap Naive","Obj. Naive","Obj. LR","Gap","Time Naive","Time LR","Final Lambda"
900.00000,0.07000,1.00000,1.00000,1.00000,0.00000,0.16909,-242.10743,-248.15346,247.15346,4317.00000,2108.00000,0.30577
900.00000,0.07000,2.00000,1.00000,1.00000,0.00000,0.16909,-242.10743,-248.15346,247.15346,4317.00000,2107.00000,0.30577
900.00000,0.07000,3.00000,1.00000,1.00000,0.00000,0.16909,-242.10743,-248.15346,247.15346,4317.00000,2107.00000,0.30577
900.00000,0.07000,4.00000,1.00000,1.00000,0.00000,0.16909,-242.10743,-248.15346,247.15346,4317.00000,2108.00000,0.30577
900.00000,0.07000,5.00000,1.00000,1.00000,0.00000,0.16909,-242.10743,-248.15346,247.15346,4317.00000,2109.00000,0.30577
900.00000,0.07000,6.00000,1.00000,1.00000,0.00000,0.16909,-242.10743,-248.15346,247.15346,4317.00000,2108.00000,0.30577
