"Omega","Tolerance","Step Size Rule","Iterations","Converged?","Gap LR","Gap Naive","Obj. Naive","Obj. LR","Gap","Time Naive","Time LR","Final Lambda","LB Heuristic"
900.00000,0.07000,1.00000,3.00000,0.00000,0.07118,0.16909,242.10743,265.81747,0.06645,4340.00000,2689.00000,11.61000,248.15346
900.00000,0.07000,2.00000,2.00000,0.00000,0.07118,0.16909,242.10743,265.81747,0.06645,4340.00000,3149.00000,0.27347,248.15346
900.00000,0.07000,3.00000,1.00000,1.00000,0.00000,0.16909,242.10743,248.15346,0.00000,4340.00000,2106.00000,0.30577,248.15346
900.00000,0.07000,4.00000,2.00000,0.00000,0.07118,0.16909,242.10743,265.81747,0.06645,4340.00000,2501.00000,3.04502,248.15346
900.00000,0.07000,5.00000,1.00000,1.00000,0.00000,0.16909,242.10743,248.15346,0.00000,4340.00000,2111.00000,0.30577,248.15346
900.00000,0.07000,6.00000,3.00000,0.00000,0.07118,0.16909,242.10743,265.81747,0.06645,4340.00000,4388.00000,0.10105,248.15346
