"Omega","Tolerance","Step Size Rule","Iterations","Converged?","Gap LR","Gap Naive","Obj. Naive","Obj. LR","Gap","Time Naive","Time LR","Final Lambda","LB Heuristic"
900.00000,0.07000,1.00000,4.00000,0.00000,0.07342,0.16816,242.10743,266.37402,0.06840,4231.00000,2509.00000,10.66500,248.15346
900.00000,0.07000,2.00000,3.00000,0.00000,0.07342,0.16816,242.10743,266.37402,0.06840,4231.00000,2577.00000,0.27277,248.15346
900.00000,0.07000,3.00000,3.00000,0.00000,0.07342,0.16816,242.10743,266.37402,0.06840,4231.00000,2690.00000,4.70700,248.15346
900.00000,0.07000,4.00000,3.00000,0.00000,0.07342,0.16816,242.10743,266.37402,0.06840,4231.00000,3521.00000,2.87815,248.15346
900.00000,0.07000,5.00000,2.00000,0.00000,0.07342,0.16816,242.10743,266.37402,0.06840,4231.00000,2641.00000,0.16302,248.15346
900.00000,0.07000,6.00000,3.00000,0.00000,0.07342,0.16816,242.10743,266.37402,0.06840,4231.00000,4298.00000,0.01034,248.15346
