"Omega","Tolerance","Step Size Rule","Iterations","Converged?","Gap LR","Gap Naive","Obj. Naive","Obj. LR","Gap","Time Naive","Time LR","Final Lambda"
900.00000,0.07000,1.00000,2.00000,0.00000,0.05198,0.17031,-242.10743,-261.05127,0.04941,2925.00000,2621.00000,12.55500
900.00000,0.07000,2.00000,2.00000,0.00000,0.05198,0.17031,-242.10743,-261.05127,0.04941,2925.00000,3165.00000,0.28376
900.00000,0.07000,3.00000,2.00000,0.00000,0.05198,0.17031,-242.10743,-261.05127,0.04941,2925.00000,2575.00000,5.02200
900.00000,0.07000,4.00000,2.00000,0.00000,0.05198,0.17031,-242.10743,-261.05127,0.04941,2925.00000,2537.00000,2.95924
900.00000,0.07000,5.00000,2.00000,0.00000,0.05198,0.17031,-242.10743,-261.05127,0.04941,2925.00000,2829.00000,0.21412
900.00000,0.07000,6.00000,2.00000,0.00000,0.05198,0.17031,-242.10743,-261.05127,0.04941,2925.00000,2488.00000,0.69679
