"Omega","Tolerance","Step Size Rule","Iterations","Converged?","Gap LR","Gap Naive","Obj. Naive","Obj. LR","Gap","Time Naive","Time LR","Final Lambda","LB Heuristic"
600.00000,0.01000,1.00000,2.00000,0.00000,0.01349,0.00015,250.82002,252.69779,0.00743,1450.00000,2766.00000,1.18713,249.33468
600.00000,0.01000,2.00000,2.00000,0.00000,0.00842,0.00015,250.82002,251.43385,0.00244,1450.00000,2987.00000,0.18213,249.33468
600.00000,0.01000,3.00000,3.00000,0.00000,0.01358,0.00015,250.82002,252.72179,0.00753,1450.00000,3773.00000,1.23313,249.33468
600.00000,0.01000,4.00000,2.00000,0.00000,0.01413,0.00015,250.82002,252.85779,0.00806,1450.00000,2627.00000,1.27299,249.33468
600.00000,0.01000,5.00000,10.00000,0.00000,0.01445,0.00015,250.82002,252.93779,0.00837,1450.00000,1946.00000,0.01948,249.33468
600.00000,0.01000,6.00000,3.00000,0.00000,0.00764,0.00015,250.82002,251.23904,0.00167,1450.00000,3271.00000,0.00000,249.33468
