"Omega","Tolerance","Step Size Rule","Iterations","Converged?","Gap LR","Gap Naive","Obj. Naive","Obj. LR","Gap","Time Naive","Time LR","Final Lambda","LB Heuristic"
600.00000,0.01000,1.00000,2.00000,0.00000,0.01349,0.00015,250.82002,252.69779,0.00743,2208.00000,3145.00000,1.18713,249.33468
600.00000,0.01000,2.00000,2.00000,0.00000,0.00747,0.00015,250.82002,251.19600,0.00150,2208.00000,3653.00000,0.00000,249.33468
600.00000,0.01000,3.00000,2.00000,0.00000,0.01397,0.00015,250.82002,252.81779,0.00790,2208.00000,2763.00000,1.25313,249.33468
600.00000,0.01000,4.00000,2.00000,0.00000,0.01413,0.00015,250.82002,252.85779,0.00806,2208.00000,3449.00000,1.27299,249.33468
600.00000,0.01000,5.00000,8.00000,0.00000,0.01445,0.00015,250.82002,252.93779,0.00837,2208.00000,2424.00000,0.01735,249.33468
600.00000,0.01000,6.00000,3.00000,0.00000,0.00707,0.00015,250.82002,251.09860,0.00111,2208.00000,3569.00000,0.00000,249.33468
