"Omega","Tolerance","Step Size Rule","Iterations","Converged?","Gap LR","Gap Naive","Obj. Naive","Obj. LR","Gap","Time Naive","Time LR","Final Lambda"
600.00000,0.01000,1.00000,2.00000,0.00000,0.01349,0.00000,-250.82002,-252.69779,0.00743,2253.00000,4162.00000,1.18713
600.00000,0.01000,2.00000,2.00000,0.00000,0.00843,0.00000,-250.82002,-251.43779,0.00246,2253.00000,4370.00000,0.55713
600.00000,0.01000,3.00000,2.00000,0.00000,0.01397,0.00000,-250.82002,-252.81779,0.00790,2253.00000,4354.00000,1.25313
600.00000,0.01000,4.00000,2.00000,0.00000,0.01413,0.00000,-250.82002,-252.85779,0.00806,2253.00000,3739.00000,1.27299
600.00000,0.01000,5.00000,8.00000,0.00000,0.01445,0.00000,-250.82002,-252.93779,0.00837,2253.00000,2294.00000,0.01735
600.00000,0.01000,6.00000,3.00000,0.00000,0.00764,0.00000,-250.82002,-251.24059,0.00167,2253.00000,3538.00000,0.00000
