"Omega","Tolerance","Step Size Rule","Iterations","Converged?","Gap LR","Gap Naive","Obj. Naive","Obj. LR","Gap","Time Naive","Time LR","Final Lambda"
600.00000,0.01000,1.00000,2.00000,0.00000,0.01349,0.00000,-250.82002,-252.69779,0.00749,2184.00000,2651.00000,1.18713
600.00000,0.01000,2.00000,2.00000,0.00000,0.00843,0.00000,-250.82002,-251.43779,0.00246,2184.00000,4443.00000,0.55713
600.00000,0.01000,3.00000,2.00000,0.00000,0.01397,0.00000,-250.82002,-252.81779,0.00796,2184.00000,3218.00000,1.25313
600.00000,0.01000,4.00000,2.00000,0.00000,0.01413,0.00000,-250.82002,-252.85779,0.00812,2184.00000,3107.00000,1.27299
600.00000,0.01000,5.00000,5.00000,0.00000,0.01445,0.00000,-250.82002,-252.93779,0.00844,2184.00000,2309.00000,0.01296
600.00000,0.01000,6.00000,3.00000,0.00000,0.00764,0.00000,-250.82002,-251.24059,0.00168,2184.00000,2684.00000,0.00000
