"Omega","Tolerance","Step Size Rule","Iterations","Converged?","Gap LR","Gap Naive","Obj. Naive","Obj. LR","Gap","Time Naive","Time LR","Final Lambda"
600.00000,0.01000,1.00000,4.00000,0.00000,0.01156,0.00000,-250.82002,-252.21779,0.00554,870.00000,2760.00000,1.06713
600.00000,0.01000,2.00000,3.00000,0.00000,0.00653,0.00000,-250.82002,-250.96299,0.00057,870.00000,4439.00000,0.00000
600.00000,0.01000,3.00000,4.00000,0.00000,0.01326,0.00000,-250.82002,-252.64179,0.00721,870.00000,2671.00000,1.21599
600.00000,0.01000,4.00000,4.00000,0.00000,0.01372,0.00000,-250.82002,-252.75503,0.00766,870.00000,2796.00000,1.25144
600.00000,0.01000,5.00000,10.00000,0.00000,0.01445,0.00000,-250.82002,-252.93779,0.00837,870.00000,849.00000,0.01948
600.00000,0.01000,6.00000,3.00000,0.00000,0.00764,0.00000,-250.82002,-251.24059,0.00167,870.00000,2730.00000,0.00000
