"Omega","Tolerance","Step Size Rule","Iterations","Converged?","Gap LR","Gap Naive","Obj. Naive","Obj. LR","Gap","Time Naive","Time LR","Final Lambda","LB Heuristic"
600.00000,0.01000,1.00000,2.00000,0.00000,0.01349,0.00000,250.82002,252.69779,0.00743,3720.00000,4218.00000,1.18713,249.33468
600.00000,0.01000,2.00000,2.00000,0.00000,0.00747,0.00000,250.82002,251.19600,0.00150,3720.00000,4219.00000,0.00000,249.33468
600.00000,0.01000,3.00000,2.00000,0.00000,0.01119,0.00000,250.82002,252.12385,0.00517,3720.00000,4219.00000,1.26513,249.33468
600.00000,0.01000,4.00000,2.00000,0.00000,0.01413,0.00000,250.82002,252.85779,0.00806,3720.00000,3736.00000,1.27299,249.33468
600.00000,0.01000,5.00000,9.00000,0.00000,0.01445,0.00000,250.82002,252.93779,0.00837,3720.00000,2514.00000,0.01847,249.33468
600.00000,0.01000,6.00000,3.00000,0.00000,0.00707,0.00000,250.82002,251.09860,0.00111,3720.00000,3699.00000,0.00000,249.33468
