"Omega","Tolerance","Step Size Rule","Iterations","Converged?","Gap LR","Gap Naive","Obj. Naive","Obj. LR","Gap","Time Naive","Time LR","Final Lambda","LB Heuristic"
600.00000,0.01000,1.00000,3.00000,0.00000,0.01253,0.00000,250.82002,252.45779,0.00649,1296.00000,3433.00000,1.12713,249.33468
600.00000,0.01000,2.00000,2.00000,0.00000,0.00842,0.00000,250.82002,251.43385,0.00244,1296.00000,3180.00000,0.18213,249.33468
600.00000,0.01000,3.00000,3.00000,0.00000,0.01358,0.00000,250.82002,252.72179,0.00753,1296.00000,3329.00000,1.23313,249.33468
600.00000,0.01000,4.00000,3.00000,0.00000,0.01390,0.00000,250.82002,252.80122,0.00784,1296.00000,3308.00000,1.26144,249.33468
600.00000,0.01000,5.00000,10.00000,0.00000,0.01445,0.00000,250.82002,252.93779,0.00837,1296.00000,1603.00000,0.01948,249.33468
600.00000,0.01000,6.00000,3.00000,0.00000,0.00764,0.00000,250.82002,251.24059,0.00167,1296.00000,3166.00000,0.00000,249.33468
