"Omega","Tolerance","Step Size Rule","Iterations","Converged?","Gap LR","Gap Naive","Obj. Naive","Obj. LR","Gap","Time Naive","Time LR","Final Lambda"
100.00000,0.05000,1.00000,10.00000,0.00000,0.02505,0.00000,-282.03235,-289.09772,0.02505,116.00000,301.00000,3.51712
100.00000,0.05000,2.00000,10.00000,0.00000,0.01545,0.00000,-282.03235,-286.39113,0.01545,116.00000,363.00000,2.15923
100.00000,0.05000,3.00000,10.00000,0.00000,0.02035,0.00000,-282.03235,-287.77032,0.02035,116.00000,254.00000,3.31510
100.00000,0.05000,4.00000,10.00000,0.00000,0.01727,0.00000,-282.03235,-286.90326,0.01727,116.00000,212.00000,3.14634
100.00000,0.05000,5.00000,10.00000,0.00000,0.01549,0.00000,-282.03235,-286.40166,0.01549,116.00000,99.00000,2.33948
100.00000,0.05000,6.00000,10.00000,0.00000,0.01572,0.00000,-282.03235,-286.46535,0.01572,116.00000,52.00000,2.51496
