"Omega","Tolerance","Step Size Rule","Iterations","Converged?","Gap LR","Gap Naive","Obj. Naive","Obj. LR","Gap","Time Naive","Time LR","Final Lambda","LB Heuristic"
100.00000,0.05000,1.00000,10.00000,0.00000,0.05619,0.00000,282.32378,295.98346,0.04615,212.00000,306.00000,3.52543,280.23715
100.00000,0.05000,2.00000,10.00000,0.00000,0.04288,0.00000,282.32378,292.25319,0.03398,212.00000,334.00000,2.61754,280.23715
100.00000,0.05000,3.00000,10.00000,0.00000,0.05145,0.00000,282.32378,294.65605,0.04185,212.00000,338.00000,3.32341,280.23715
100.00000,0.05000,4.00000,10.00000,0.00000,0.04829,0.00000,282.32378,293.77036,0.03896,212.00000,308.00000,3.14991,280.23715
100.00000,0.05000,5.00000,10.00000,0.00000,0.04316,0.00000,282.32378,292.33214,0.03424,212.00000,169.00000,2.53937,280.23715
100.00000,0.05000,6.00000,10.00000,0.00000,0.04505,0.00000,282.32378,292.86125,0.03598,212.00000,156.00000,2.50259,280.23715
