"Omega","Tolerance","Step Size Rule","Iterations","Converged?","Gap LR","Gap Naive","Obj. Naive","Obj. LR","Gap","Time Naive","Time LR","Final Lambda","LB Heuristic"
100.00000,0.05000,1.00000,10.00000,0.00000,0.05320,0.00011,282.32378,295.98346,0.04615,558.00000,611.00000,3.52543,280.23715
100.00000,0.05000,2.00000,10.00000,0.00000,0.04112,0.00011,282.32378,292.25319,0.03398,558.00000,671.00000,2.61754,280.23715
100.00000,0.05000,3.00000,10.00000,0.00000,0.04893,0.00011,282.32378,294.65605,0.04185,558.00000,721.00000,3.32341,280.23715
100.00000,0.05000,4.00000,10.00000,0.00000,0.04607,0.00011,282.32378,293.77036,0.03896,558.00000,768.00000,3.14991,280.23715
100.00000,0.05000,5.00000,10.00000,0.00000,0.04137,0.00011,282.32378,292.33214,0.03424,558.00000,496.00000,2.53937,280.23715
100.00000,0.05000,6.00000,10.00000,0.00000,0.04311,0.00011,282.32378,292.86125,0.03598,558.00000,520.00000,2.50259,280.23715
