"Omega","Tolerance","Step Size Rule","Iterations","Converged?","Gap LR","Gap Naive","Obj. Naive","Obj. LR","Gap","Time Naive","Time LR","Final Lambda"
100.00000,0.05000,1.00000,10.00000,0.00000,0.05619,0.00000,-282.32378,-295.98346,0.04838,147.00000,210.00000,3.52543
100.00000,0.05000,2.00000,10.00000,0.00000,0.04288,0.00000,-282.32378,-292.25319,0.03517,147.00000,223.00000,2.61754
100.00000,0.05000,3.00000,10.00000,0.00000,0.05145,0.00000,-282.32378,-294.65605,0.04368,147.00000,225.00000,3.32341
100.00000,0.05000,4.00000,10.00000,0.00000,0.04829,0.00000,-282.32378,-293.77036,0.04054,147.00000,195.00000,3.14991
100.00000,0.05000,5.00000,10.00000,0.00000,0.04316,0.00000,-282.32378,-292.33214,0.03545,147.00000,107.00000,2.53937
100.00000,0.05000,6.00000,10.00000,0.00000,0.04505,0.00000,-282.32378,-292.86125,0.03732,147.00000,92.00000,2.50259
