"Omega","Tolerance","Step Size Rule","Iterations","Converged?","Gap LR","Gap Naive","Obj. Naive","Obj. LR","Gap","Time Naive","Time LR","Final Lambda"
300.00000,0.03000,1.00000,10.00000,0.00000,0.02244,0.00000,-281.43417,-285.33111,0.01366,514.00000,899.00000,4.10356
300.00000,0.03000,2.00000,10.00000,0.00000,0.02244,0.00000,-281.43417,-285.33111,0.01366,514.00000,792.00000,0.79746
300.00000,0.03000,3.00000,10.00000,0.00000,0.02244,0.00000,-281.43417,-285.33111,0.01366,514.00000,1028.00000,2.40933
300.00000,0.03000,4.00000,10.00000,0.00000,0.02244,0.00000,-281.43417,-285.33111,0.01366,514.00000,1084.00000,1.79485
300.00000,0.03000,5.00000,10.00000,0.00000,0.02244,0.00000,-281.43417,-285.33111,0.01366,514.00000,705.00000,0.22834
300.00000,0.03000,6.00000,10.00000,0.00000,0.02244,0.00000,-281.43417,-285.33111,0.01366,514.00000,837.00000,0.86564
