"Omega","Tolerance","Step Size Rule","Iterations","Converged?","Gap LR","Gap Naive","Obj. Naive","Obj. LR","Gap","Time Naive","Time LR","Final Lambda"
600.00000,0.07000,1.00000,1.00000,0.00000,0.11533,0.18357,-237.65171,-267.68539,0.12638,2844.00000,2845.00000,0.13126
600.00000,0.07000,2.00000,1.00000,0.00000,0.11533,0.18357,-237.65171,-267.68539,0.12638,2844.00000,2847.00000,0.39308
600.00000,0.07000,3.00000,1.00000,0.00000,0.11533,0.18357,-237.65171,-267.68539,0.12638,2844.00000,2848.00000,0.29626
600.00000,0.07000,4.00000,1.00000,0.00000,0.11533,0.18357,-237.65171,-267.68539,0.12638,2844.00000,2851.00000,0.35126
600.00000,0.07000,5.00000,1.00000,0.00000,0.11533,0.18357,-237.65171,-267.68539,0.12638,2844.00000,2849.00000,0.18853
600.00000,0.07000,6.00000,1.00000,0.00000,0.11533,0.18357,-237.65171,-267.68539,0.12638,2844.00000,2843.00000,0.00000
