"Omega","Tolerance","Step Size Rule","Iterations","Converged?","Gap LR","Gap Naive","Obj. Naive","Obj. LR","Gap","Time Naive","Time LR","Final Lambda","LB Heuristic"
600.00000,0.07000,1.00000,3.00000,0.00000,0.10439,0.18358,237.65171,265.05962,0.09453,4264.00000,2752.00000,7.74000,240.00460
600.00000,0.07000,2.00000,2.00000,0.00000,0.10439,0.18358,237.65171,265.05962,0.09453,4264.00000,2450.00000,0.41556,240.00460
600.00000,0.07000,3.00000,3.00000,0.00000,0.10439,0.18358,237.65171,265.05962,0.09453,4264.00000,3592.00000,3.37176,240.00460
600.00000,0.07000,4.00000,3.00000,0.00000,0.10439,0.18358,237.65171,265.05962,0.09453,4264.00000,4131.00000,2.16073,240.00460
600.00000,0.07000,5.00000,3.00000,0.00000,0.11533,0.18358,237.65171,267.68539,0.10341,4264.00000,2479.00000,0.19749,240.00460
600.00000,0.07000,6.00000,3.00000,0.00000,0.11533,0.18358,237.65171,267.68539,0.10341,4264.00000,4309.00000,0.00000,240.00460
