"Omega","Tolerance","Step Size Rule","Iterations","Converged?","Gap LR","Gap Naive","Obj. Naive","Obj. LR","Gap","Time Naive","Time LR","Final Lambda","LB Heuristic"
600.00000,0.07000,1.00000,3.00000,0.00000,0.18429,0.18208,237.65171,284.23454,0.15561,4226.00000,2472.00000,7.57126,240.00460
600.00000,0.07000,2.00000,2.00000,0.00000,0.11558,0.18208,237.65171,267.74453,0.10361,4226.00000,4209.00000,0.39577,240.00460
600.00000,0.07000,3.00000,2.00000,0.00000,0.18429,0.18208,237.65171,284.23454,0.15561,4226.00000,2451.00000,4.39426,240.00460
600.00000,0.07000,4.00000,2.00000,0.00000,0.18429,0.18208,237.65171,284.23454,0.15561,4226.00000,2732.00000,3.10630,240.00460
600.00000,0.07000,5.00000,2.00000,0.00000,0.11748,0.18208,237.65171,268.20134,0.10513,4226.00000,4207.00000,0.34158,240.00460
600.00000,0.07000,6.00000,2.00000,0.00000,0.13073,0.18208,237.65171,271.37951,0.11561,4226.00000,4206.00000,0.00000,240.00460
