"Omega","Tolerance","Step Size Rule","Iterations","Converged?","Gap LR","Gap Naive","Obj. Naive","Obj. LR","Gap","Time Naive","Time LR","Final Lambda"
600.00000,0.07000,1.00000,2.00000,0.00000,0.09466,0.18358,-237.65171,-262.72281,0.08647,2863.00000,2329.00000,8.37000
600.00000,0.07000,2.00000,2.00000,0.00000,0.09466,0.18358,-237.65171,-262.72281,0.08647,2863.00000,2535.00000,0.42109
600.00000,0.07000,3.00000,2.00000,0.00000,0.10439,0.18358,-237.65171,-265.05962,0.09453,2863.00000,2455.00000,3.57676
600.00000,0.07000,4.00000,2.00000,0.00000,0.10439,0.18358,-237.65171,-265.05962,0.09453,2863.00000,2455.00000,2.27909
600.00000,0.07000,5.00000,2.00000,0.00000,0.10439,0.18358,-237.65171,-265.05962,0.09453,2863.00000,2583.00000,0.27309
600.00000,0.07000,6.00000,2.00000,0.00000,0.10439,0.18358,-237.65171,-265.05962,0.09453,2863.00000,2348.00000,1.08105
