"Omega","Tolerance","Step Size Rule","Iterations","Converged?","Gap LR","Gap Naive","Obj. Naive","Obj. LR","Gap","Time Naive","Time LR","Final Lambda","LB Heuristic"
600.00000,0.07000,1.00000,4.00000,0.00000,0.11533,0.13657,250.51442,267.68539,0.06415,4226.00000,2408.00000,7.24126,240.00460
600.00000,0.07000,2.00000,3.00000,0.00000,0.11533,0.13657,250.51442,267.68539,0.06415,4226.00000,2408.00000,0.39845,240.00460
600.00000,0.07000,3.00000,2.00000,0.00000,0.15745,0.13657,250.51442,277.79301,0.09820,4226.00000,2401.00000,4.39426,240.00460
600.00000,0.07000,4.00000,2.00000,0.00000,0.15745,0.13657,250.51442,277.79301,0.09820,4226.00000,2643.00000,3.10630,240.00460
600.00000,0.07000,5.00000,2.00000,0.00000,0.11837,0.13657,250.51442,268.41414,0.06669,4226.00000,4207.00000,0.33565,240.00460
600.00000,0.07000,6.00000,2.00000,0.00000,0.12783,0.13657,250.51442,270.68532,0.07452,4226.00000,4208.00000,0.00000,240.00460
