"Omega","Tolerance","Step Size Rule","Iterations","Converged?","Gap LR","Gap Naive","Obj. Naive","Obj. LR","Gap","Time Naive","Time LR","Final Lambda","LB Heuristic"
600.00000,0.07000,1.00000,3.00000,0.00000,0.11533,0.18357,237.65171,267.68539,0.10341,4242.00000,2610.00000,7.87126,240.00460
600.00000,0.07000,2.00000,3.00000,0.00000,0.11533,0.18357,237.65171,267.68539,0.10341,4242.00000,2544.00000,0.39845,240.00460
600.00000,0.07000,3.00000,3.00000,0.00000,0.11533,0.18357,237.65171,267.68539,0.10341,4242.00000,3013.00000,3.43926,240.00460
600.00000,0.07000,4.00000,3.00000,0.00000,0.11533,0.18357,237.65171,267.68539,0.10341,4242.00000,3652.00000,2.20573,240.00460
600.00000,0.07000,5.00000,3.00000,0.00000,0.11533,0.18357,237.65171,267.68539,0.10341,4242.00000,2425.00000,0.19749,240.00460
600.00000,0.07000,6.00000,3.00000,0.00000,0.11533,0.18357,237.65171,267.68539,0.10341,4242.00000,4327.00000,0.00000,240.00460
