"Omega","Tolerance","Step Size Rule","Iterations","Converged?","Gap LR","Gap Naive","Obj. Naive","Obj. LR","Gap","Time Naive","Time LR","Final Lambda"
600.00000,0.07000,1.00000,3.00000,0.00000,0.10439,0.18358,-237.65171,-265.05962,264.15414,4262.00000,2714.00000,7.74000
600.00000,0.07000,2.00000,2.00000,0.00000,0.10439,0.18358,-237.65171,-265.05962,264.15414,4262.00000,2414.00000,0.41556
600.00000,0.07000,3.00000,3.00000,0.00000,0.10439,0.18358,-237.65171,-265.05962,264.15414,4262.00000,3618.00000,3.37176
600.00000,0.07000,4.00000,3.00000,0.00000,0.10439,0.18358,-237.65171,-265.05962,264.15414,4262.00000,4170.00000,2.16073
600.00000,0.07000,5.00000,3.00000,0.00000,0.11533,0.18358,-237.65171,-267.68539,266.78880,4262.00000,2471.00000,0.19749
600.00000,0.07000,6.00000,3.00000,0.00000,0.11533,0.18358,-237.65171,-267.68539,266.78880,4262.00000,4304.00000,0.00000
