"Omega","Tolerance","Step Size Rule","Iterations","Converged?","Gap LR","Gap Naive","Obj. Naive","Obj. LR","Gap","Time Naive","Time LR","Final Lambda"
600.00000,0.03000,1.00000,2.00000,0.00000,0.02976,0.08768,-251.41468,-257.06020,256.08216,4315.00000,2816.00000,9.11190
600.00000,0.03000,2.00000,2.00000,0.00000,0.02280,0.08768,-251.41468,-255.32285,254.33816,4315.00000,4216.00000,0.31554
600.00000,0.03000,3.00000,2.00000,0.00000,0.02539,0.08768,-251.41468,-255.96922,254.98701,4315.00000,4217.00000,0.42240
600.00000,0.03000,4.00000,2.00000,0.00000,0.02623,0.08768,-251.41468,-256.17922,255.19782,4315.00000,4214.00000,0.46948
600.00000,0.03000,5.00000,3.00000,0.00000,0.03257,0.08768,-251.41468,-257.76360,256.78823,4315.00000,2459.00000,0.12395
600.00000,0.03000,6.00000,3.00000,0.00000,0.03257,0.08768,-251.41468,-257.76360,256.78823,4315.00000,4293.00000,0.00447
