"Omega","Tolerance","Step Size Rule","Iterations","Converged?","Gap LR","Gap Naive","Obj. Naive","Obj. LR","Gap","Time Naive","Time LR","Final Lambda"
600.00000,0.03000,1.00000,1.00000,0.00000,0.03257,0.08190,-253.00691,-257.76360,0.01880,2850.00000,2849.00000,0.38190
600.00000,0.03000,2.00000,1.00000,0.00000,0.03257,0.08190,-253.00691,-257.76360,0.01880,2850.00000,2859.00000,0.46152
600.00000,0.03000,3.00000,1.00000,0.00000,0.03257,0.08190,-253.00691,-257.76360,0.01880,2850.00000,2850.00000,0.47940
600.00000,0.03000,4.00000,1.00000,0.00000,0.03257,0.08190,-253.00691,-257.76360,0.01880,2850.00000,2849.00000,0.51190
600.00000,0.03000,5.00000,1.00000,0.00000,0.03257,0.08190,-253.00691,-257.76360,0.01880,2850.00000,2848.00000,0.11536
600.00000,0.03000,6.00000,1.00000,0.00000,0.03257,0.08190,-253.00691,-257.76360,0.01880,2850.00000,2844.00000,0.00000
