"Omega","Tolerance","Step Size Rule","Iterations","Converged?","Gap LR","Gap Naive","Obj. Naive","Obj. LR","Gap","Time Naive","Time LR","Final Lambda","LB Heuristic"
600.00000,0.03000,1.00000,3.00000,0.00000,0.03208,0.07326,254.46770,257.90559,0.01333,4221.00000,2542.00000,8.84190,249.63216
600.00000,0.03000,2.00000,2.00000,0.00000,0.02588,0.07326,254.46770,256.26360,0.00701,4221.00000,4204.00000,0.34613,249.63216
600.00000,0.03000,3.00000,2.00000,0.00000,0.02462,0.07326,254.46770,255.93237,0.00572,4221.00000,4206.00000,0.42540,249.63216
600.00000,0.03000,4.00000,2.00000,0.00000,0.02836,0.07326,254.46770,256.91860,0.00954,4221.00000,4208.00000,0.46594,249.63216
600.00000,0.03000,5.00000,6.00000,0.00000,0.03208,0.07326,254.46770,257.90559,0.01333,4221.00000,2457.00000,0.13031,249.63216
600.00000,0.03000,6.00000,3.00000,0.00000,0.03208,0.07326,254.46770,257.90559,0.01333,4221.00000,3805.00000,0.00447,249.63216
