"Omega","Tolerance","Step Size Rule","Iterations","Converged?","Gap LR","Gap Naive","Obj. Naive","Obj. LR","Gap","Time Naive","Time LR","Final Lambda","LB Heuristic"
600.00000,0.03000,1.00000,2.00000,0.00000,0.02976,0.08190,253.00691,257.06020,0.01577,4269.00000,2763.00000,9.11190,249.63216
600.00000,0.03000,2.00000,2.00000,0.00000,0.02280,0.08190,253.00691,255.32285,0.00907,4269.00000,4212.00000,0.31554,249.63216
600.00000,0.03000,3.00000,2.00000,0.00000,0.02539,0.08190,253.00691,255.96922,0.01157,4269.00000,4213.00000,0.42240,249.63216
600.00000,0.03000,4.00000,2.00000,0.00000,0.02623,0.08190,253.00691,256.17922,0.01238,4269.00000,4212.00000,0.46948,249.63216
600.00000,0.03000,5.00000,3.00000,0.00000,0.03257,0.08190,253.00691,257.76360,0.01845,4269.00000,2439.00000,0.12395,249.63216
600.00000,0.03000,6.00000,3.00000,0.00000,0.03257,0.08190,253.00691,257.76360,0.01845,4269.00000,4299.00000,0.00000,249.63216
