"Omega","Tolerance","Step Size Rule","Iterations","Converged?","Gap LR","Gap Naive","Obj. Naive","Obj. LR","Gap","Time Naive","Time LR","Final Lambda","LB Heuristic"
600.00000,0.03000,1.00000,2.00000,0.00000,0.03257,0.07775,253.43052,257.76360,0.01681,4242.00000,2564.00000,9.11190,249.63216
600.00000,0.03000,2.00000,2.00000,0.00000,0.02656,0.07775,253.43052,256.26360,0.01106,4242.00000,4211.00000,0.34613,249.63216
600.00000,0.03000,3.00000,2.00000,0.00000,0.02524,0.07775,253.43052,255.93237,0.00978,4242.00000,4229.00000,0.42540,249.63216
600.00000,0.03000,4.00000,2.00000,0.00000,0.02919,0.07775,253.43052,256.91860,0.01358,4242.00000,4211.00000,0.46594,249.63216
600.00000,0.03000,5.00000,3.00000,0.00000,0.03257,0.07775,253.43052,257.76360,0.01681,4242.00000,2528.00000,0.12395,249.63216
600.00000,0.03000,6.00000,3.00000,0.00000,0.03257,0.07775,253.43052,257.76360,0.01681,4242.00000,4292.00000,0.00447,249.63216
