"Omega","Tolerance","Step Size Rule","Iterations","Converged?","Gap LR","Gap Naive","Obj. Naive","Obj. LR","Gap","Time Naive","Time LR","Final Lambda","LB Heuristic"
600.00000,0.03000,1.00000,4.00000,0.00000,0.03257,0.07023,254.46770,257.76360,0.01279,4233.00000,2469.00000,8.57190,249.63216
600.00000,0.03000,2.00000,2.00000,0.00000,0.02787,0.07023,254.46770,256.58862,0.00827,4233.00000,4204.00000,0.08652,249.63216
600.00000,0.03000,3.00000,2.00000,0.00000,0.02677,0.07023,254.46770,256.31568,0.00721,4233.00000,4206.00000,0.47340,249.63216
600.00000,0.03000,4.00000,2.00000,0.00000,0.02919,0.07023,254.46770,256.91860,0.00954,4233.00000,4204.00000,0.46594,249.63216
600.00000,0.03000,5.00000,6.00000,0.00000,0.03257,0.07023,254.46770,257.76360,0.01279,4233.00000,2429.00000,0.13031,249.63216
600.00000,0.03000,6.00000,3.00000,0.00000,0.03257,0.07023,254.46770,257.76360,0.01279,4233.00000,3791.00000,0.00447,249.63216
