"Omega","Tolerance","Step Size Rule","Iterations","Converged?","Gap LR","Gap Naive","Obj. Naive","Obj. LR","Gap","Time Naive","Time LR","Final Lambda","LB Heuristic"
600.00000,0.03000,1.00000,3.00000,0.00000,0.03257,0.07326,254.46770,257.76360,0.01279,4227.00000,2505.00000,8.84190,249.63216
600.00000,0.03000,2.00000,2.00000,0.00000,0.02656,0.07326,254.46770,256.26360,0.00701,4227.00000,4207.00000,0.34613,249.63216
600.00000,0.03000,3.00000,2.00000,0.00000,0.02524,0.07326,254.46770,255.93237,0.00572,4227.00000,4207.00000,0.42540,249.63216
600.00000,0.03000,4.00000,2.00000,0.00000,0.02919,0.07326,254.46770,256.91860,0.00954,4227.00000,4209.00000,0.46594,249.63216
600.00000,0.03000,5.00000,4.00000,0.00000,0.03257,0.07326,254.46770,257.76360,0.01279,4227.00000,2478.00000,0.12653,249.63216
600.00000,0.03000,6.00000,3.00000,0.00000,0.03314,0.07326,254.46770,257.90559,0.01333,4227.00000,3984.00000,0.00447,249.63216
