"Omega","Tolerance","Step Size Rule","Iterations","Converged?","Gap LR","Gap Naive","Obj. Naive","Obj. LR","Gap","Time Naive","Time LR","Final Lambda","LB Heuristic"
600.00000,0.03000,1.00000,2.00000,0.00000,0.02976,0.08964,251.41468,257.06020,0.02196,4269.00000,2769.00000,9.11190,249.63216
600.00000,0.03000,2.00000,2.00000,0.00000,0.02280,0.08964,251.41468,255.32285,0.01531,4269.00000,4220.00000,0.31554,249.63216
600.00000,0.03000,3.00000,2.00000,0.00000,0.02539,0.08964,251.41468,255.96922,0.01779,4269.00000,4219.00000,0.42240,249.63216
600.00000,0.03000,4.00000,2.00000,0.00000,0.02712,0.08964,251.41468,256.40165,0.01945,4269.00000,4214.00000,0.46594,249.63216
600.00000,0.03000,5.00000,3.00000,0.00000,0.03257,0.08964,251.41468,257.76360,0.02463,4269.00000,2415.00000,0.12395,249.63216
600.00000,0.03000,6.00000,3.00000,0.00000,0.03257,0.08964,251.41468,257.76360,0.02463,4269.00000,4279.00000,0.00000,249.63216
