"Omega","Tolerance","Step Size Rule","Iterations","Converged?","Gap LR","Gap Naive","Obj. Naive","Obj. LR","Gap","Time Naive","Time LR","Final Lambda"
1200.00000,0.05000,1.00000,2.00000,0.00000,0.00332,0.13007,-261.80025,-277.97527,0.00331,2839.00000,2257.00000,17.10000
1200.00000,0.05000,2.00000,2.00000,0.00000,0.00332,0.13007,-261.80025,-277.97527,0.00331,2839.00000,2801.00000,0.20414
1200.00000,0.05000,3.00000,3.00000,0.00000,0.00332,0.13007,-261.80025,-277.97527,0.00331,2839.00000,2549.00000,6.54000
1200.00000,0.05000,4.00000,3.00000,0.00000,0.00332,0.13007,-261.80025,-277.97527,0.00331,2839.00000,2898.00000,3.85730
1200.00000,0.05000,5.00000,2.00000,0.00000,0.01585,0.13007,-261.80025,-281.44489,0.01560,2839.00000,4204.00000,0.17653
1200.00000,0.05000,6.00000,2.00000,0.00000,0.03360,0.13007,-261.80025,-286.36388,0.03251,2839.00000,3831.00000,0.00000
