"Omega","Tolerance","Step Size Rule","Iterations","Converged?","Gap LR","Gap Naive","Obj. Naive","Obj. LR","Gap","Time Naive","Time LR","Final Lambda","LB Heuristic"
100.00000,0.05000,1.00000,10.00000,0.00000,0.02566,0.00000,279.49662,284.87474,0.01888,133.00000,568.00000,3.69087,277.74712
100.00000,0.05000,2.00000,10.00000,0.00000,0.02302,0.00000,279.49662,284.14008,0.01634,133.00000,727.00000,2.91877,277.74712
100.00000,0.05000,3.00000,10.00000,0.00000,0.02344,0.00000,279.49662,284.25736,0.01675,133.00000,487.00000,3.40756,277.74712
100.00000,0.05000,4.00000,10.00000,0.00000,0.02190,0.00000,279.49662,283.83065,0.01527,133.00000,309.00000,3.19566,277.74712
100.00000,0.05000,5.00000,10.00000,0.00000,0.01986,0.00000,279.49662,283.26422,0.01330,133.00000,80.00000,2.50826,277.74712
100.00000,0.05000,6.00000,10.00000,0.00000,0.02026,0.00000,279.49662,283.37354,0.01368,133.00000,25.00000,1.56367,277.74712
