"Omega","Tolerance","Step Size Rule","Iterations","Converged?","Gap LR","Gap Naive","Obj. Naive","Obj. LR","Gap","Time Naive","Time LR","Final Lambda","LB Heuristic"
100.00000,0.05000,1.00000,10.00000,0.00000,0.02502,0.00000,279.49662,284.87474,0.01888,379.00000,1092.00000,3.69087,277.74712
100.00000,0.05000,2.00000,10.00000,0.00000,0.02250,0.00000,279.49662,284.14008,0.01634,379.00000,1577.00000,2.91877,277.74712
100.00000,0.05000,3.00000,10.00000,0.00000,0.02290,0.00000,279.49662,284.25736,0.01675,379.00000,1433.00000,3.40756,277.74712
100.00000,0.05000,4.00000,10.00000,0.00000,0.02143,0.00000,279.49662,283.83065,0.01527,379.00000,512.00000,3.19566,277.74712
100.00000,0.05000,5.00000,10.00000,0.00000,0.01948,0.00000,279.49662,283.26422,0.01330,379.00000,519.00000,2.50826,277.74712
100.00000,0.05000,6.00000,10.00000,0.00000,0.01986,0.00000,279.49662,283.37354,0.01368,379.00000,511.00000,1.56367,277.74712
