"Omega","Tolerance","Step Size Rule","Iterations","Converged?","Gap LR","Gap Naive","Obj. Naive","Obj. LR","Gap","Time Naive","Time LR","Final Lambda"
100.00000,0.01000,1.00000,10.00000,0.00000,0.01097,0.00000,-270.61401,-273.58197,0.01097,0.00000,12.00000,4.12948
100.00000,0.01000,2.00000,10.00000,0.00000,0.01097,0.00000,-270.61401,-273.58197,0.01097,0.00000,12.00000,4.12948
100.00000,0.01000,3.00000,10.00000,0.00000,0.01389,0.00000,-270.61401,-274.37369,0.01389,0.00000,10.00000,5.11954
100.00000,0.01000,4.00000,10.00000,0.00000,0.01072,0.00000,-270.61401,-273.51611,0.01072,0.00000,13.00000,4.14931
100.00000,0.01000,5.00000,10.00000,0.00000,0.01041,0.00000,-270.61401,-273.43158,0.01041,0.00000,15.00000,4.25468
100.00000,0.01000,6.00000,10.00000,0.00000,0.01058,0.00000,-270.61401,-273.47578,0.01058,0.00000,12.00000,3.76712
