"Omega","Tolerance","Step Size Rule","Iterations","Converged?","Gap LR","Gap Naive","Obj. Naive","Obj. LR","Gap","Time Naive","Time LR","Final Lambda"
600.00000,0.01000,1.00000,2.00000,0.00000,0.01813,0.04094,-253.70508,-255.30799,0.00632,2841.00000,3785.00000,1.10331
600.00000,0.01000,2.00000,2.00000,0.00000,0.01837,0.04094,-253.70508,-255.36799,0.00655,2841.00000,5036.00000,1.16331
600.00000,0.01000,3.00000,2.00000,0.00000,0.01825,0.04094,-253.70508,-255.33799,0.00644,2841.00000,4795.00000,1.13631
600.00000,0.01000,4.00000,2.00000,0.00000,0.01829,0.04094,-253.70508,-255.34799,0.00648,2841.00000,3732.00000,1.14624
600.00000,0.01000,5.00000,10.00000,0.00000,0.01837,0.04094,-253.70508,-255.36799,0.00655,2841.00000,411.00000,0.01948
600.00000,0.01000,6.00000,3.00000,1.00000,0.01732,0.04094,-253.70508,-255.10311,0.00551,2841.00000,849.00000,0.84372
