"Omega","Tolerance","Step Size Rule","Iterations","Converged?","Gap LR","Gap Naive","Obj. Naive","Obj. LR","Gap","Time Naive","Time LR","Final Lambda","LB Heuristic"
600.00000,0.01000,1.00000,3.00000,0.00000,0.01789,0.00000,255.10311,255.24799,0.00057,1363.00000,2547.00000,1.07331,250.76098
600.00000,0.01000,2.00000,2.00000,0.00000,0.01837,0.00000,255.10311,255.36799,0.00104,1363.00000,2905.00000,0.62759,250.76098
600.00000,0.01000,3.00000,3.00000,0.00000,0.01816,0.00000,255.10311,255.31399,0.00083,1363.00000,2614.00000,1.12631,250.76098
600.00000,0.01000,4.00000,3.00000,0.00000,0.01824,0.00000,255.10311,255.33385,0.00090,1363.00000,2590.00000,1.14046,250.76098
600.00000,0.01000,5.00000,10.00000,0.00000,0.01837,0.00000,255.10311,255.36799,0.00104,1363.00000,1233.00000,0.01948,250.76098
600.00000,0.01000,6.00000,3.00000,1.00000,0.01732,0.00000,255.10311,255.10311,0.00000,1363.00000,2097.00000,0.84372,250.76098
