"Omega","Tolerance","Step Size Rule","Iterations","Converged?","Gap LR","Gap Naive","Obj. Naive","Obj. LR","Gap","Time Naive","Time LR","Final Lambda"
600.00000,0.01000,1.00000,2.00000,0.00000,0.01789,0.04789,-253.20736,-255.24799,0.00799,2866.00000,4330.00000,1.07331
600.00000,0.01000,2.00000,2.00000,0.00000,0.01210,0.04789,-253.20736,-253.79534,0.00232,2866.00000,4342.00000,0.41331
600.00000,0.01000,3.00000,2.00000,0.00000,0.01760,0.04789,-253.20736,-255.17534,0.00771,2866.00000,4334.00000,1.10931
600.00000,0.01000,4.00000,2.00000,0.00000,0.01808,0.04789,-253.20736,-255.29534,0.00818,2866.00000,4285.00000,1.13624
600.00000,0.01000,5.00000,7.00000,0.00000,0.01837,0.04789,-253.20736,-255.36799,0.00846,2866.00000,2346.00000,0.01609
600.00000,0.01000,6.00000,3.00000,1.00000,0.01732,0.04789,-253.20736,-255.10311,0.00743,2866.00000,3878.00000,0.84372
