"Omega","Tolerance","Step Size Rule","Iterations","Converged?","Gap LR","Gap Naive","Obj. Naive","Obj. LR","Gap","Time Naive","Time LR","Final Lambda","LB Heuristic"
600.00000,0.01000,1.00000,2.00000,0.00000,0.01813,0.00090,255.10311,255.30799,0.00080,3531.00000,3883.00000,1.10331,250.76098
600.00000,0.01000,2.00000,2.00000,0.00000,0.01706,0.00090,255.10311,255.03981,-0.00025,3531.00000,4097.00000,0.56331,250.76098
600.00000,0.01000,3.00000,2.00000,0.00000,0.01825,0.00090,255.10311,255.33799,0.00092,3531.00000,4124.00000,1.13631,250.76098
600.00000,0.01000,4.00000,2.00000,0.00000,0.01829,0.00090,255.10311,255.34799,0.00096,3531.00000,4116.00000,1.14624,250.76098
600.00000,0.01000,5.00000,3.00000,0.00000,0.01837,0.00090,255.10311,255.36799,0.00104,3531.00000,2480.00000,0.00842,250.76098
600.00000,0.01000,6.00000,3.00000,1.00000,0.01732,0.00090,255.10311,255.10311,0.00000,3531.00000,3852.00000,0.84372,250.76098
