"Omega","Tolerance","Step Size Rule","Iterations","Converged?","Gap LR","Gap Naive","Obj. Naive","Obj. LR","Gap","Time Naive","Time LR","Final Lambda","LB Heuristic"
600.00000,0.01000,1.00000,2.00000,0.00000,0.01781,0.00090,255.10311,255.30799,0.00080,2576.00000,3267.00000,1.10331,250.76098
600.00000,0.01000,2.00000,2.00000,0.00000,0.01802,0.00090,255.10311,255.36140,0.00101,2576.00000,3346.00000,0.78831,250.76098
600.00000,0.01000,3.00000,2.00000,0.00000,0.01793,0.00090,255.10311,255.33799,0.00092,2576.00000,3039.00000,1.13631,250.76098
600.00000,0.01000,4.00000,2.00000,0.00000,0.01796,0.00090,255.10311,255.34799,0.00096,2576.00000,3270.00000,1.14624,250.76098
600.00000,0.01000,5.00000,10.00000,0.00000,0.01804,0.00090,255.10311,255.36799,0.00104,2576.00000,2372.00000,0.01948,250.76098
600.00000,0.01000,6.00000,3.00000,1.00000,0.01702,0.00090,255.10311,255.10311,0.00000,2576.00000,3704.00000,0.84372,250.76098
