"Omega","Tolerance","Step Size Rule","Iterations","Converged?","Gap LR","Gap Naive","Obj. Naive","Obj. LR","Gap","Time Naive","Time LR","Final Lambda","LB Heuristic"
600.00000,0.01000,1.00000,2.00000,0.00000,0.01813,0.00090,255.10311,255.30799,0.00080,2605.00000,3645.00000,1.10331,250.76098
600.00000,0.01000,2.00000,2.00000,0.00000,0.01835,0.00090,255.10311,255.36140,0.00101,2605.00000,3345.00000,0.78831,250.76098
600.00000,0.01000,3.00000,2.00000,0.00000,0.01825,0.00090,255.10311,255.33799,0.00092,2605.00000,3092.00000,1.13631,250.76098
600.00000,0.01000,4.00000,2.00000,0.00000,0.01829,0.00090,255.10311,255.34799,0.00096,2605.00000,3160.00000,1.14624,250.76098
600.00000,0.01000,5.00000,10.00000,0.00000,0.01837,0.00090,255.10311,255.36799,0.00104,2605.00000,2509.00000,0.01948,250.76098
600.00000,0.01000,6.00000,3.00000,1.00000,0.01732,0.00090,255.10311,255.10311,0.00000,2605.00000,3614.00000,0.84372,250.76098
