"Omega","Tolerance","Step Size Rule","Iterations","Converged?","Gap LR","Gap Naive","Obj. Naive","Obj. LR","Gap","Time Naive","Time LR","Final Lambda","LB Heuristic"
600.00000,0.01000,1.00000,2.00000,0.00000,0.01789,0.04102,253.68440,255.24799,0.00613,4277.00000,4219.00000,1.07331,250.76098
600.00000,0.01000,2.00000,2.00000,0.00000,0.01236,0.04102,253.68440,253.85973,0.00069,4277.00000,4215.00000,0.00000,250.76098
600.00000,0.01000,3.00000,2.00000,0.00000,0.01760,0.04102,253.68440,255.17534,0.00584,4277.00000,4216.00000,1.10931,250.76098
600.00000,0.01000,4.00000,2.00000,0.00000,0.01829,0.04102,253.68440,255.34799,0.00652,4277.00000,4198.00000,1.14624,250.76098
600.00000,0.01000,5.00000,3.00000,0.00000,0.01837,0.04102,253.68440,255.36799,0.00659,4277.00000,2443.00000,0.00842,250.76098
600.00000,0.01000,6.00000,3.00000,1.00000,0.01732,0.04102,253.68440,255.10311,0.00556,4277.00000,3931.00000,0.84372,250.76098
