"Omega","Tolerance","Step Size Rule","Iterations","Converged?","Gap LR","Gap Naive","Obj. Naive","Obj. LR","Gap","Time Naive","Time LR","Final Lambda","LB Heuristic"
900.00000,0.03000,2.00000,1.00000,1.00000,0.00000,0.14658,236.81118,243.45658,0.00000,4286.00000,2103.00000,0.38316,243.45658
900.00000,0.03000,3.00000,2.00000,0.00000,0.02115,0.14658,236.81118,248.60453,0.02071,4286.00000,2402.00000,5.44866,243.45658
900.00000,0.03000,4.00000,1.00000,1.00000,0.00000,0.14658,236.81118,243.45658,0.00000,4286.00000,2105.00000,0.38316,243.45658
900.00000,0.03000,5.00000,1.00000,1.00000,0.00000,0.14658,236.81118,243.45658,0.00000,4286.00000,2106.00000,0.38316,243.45658
900.00000,0.03000,6.00000,1.00000,1.00000,0.00000,0.14658,236.81118,243.45658,0.00000,4286.00000,2105.00000,0.38316,243.45658
