"Omega","Tolerance","Step Size Rule","Iterations","Converged?","Gap LR","Gap Naive","Obj. Naive","Obj. LR","Gap","Time Naive","Time LR","Final Lambda"
900.00000,0.03000,1.00000,1.00000,0.00000,0.01520,0.14658,-236.81118,-247.15644,0.04369,2942.00000,2940.00000,0.00000
900.00000,0.03000,2.00000,1.00000,0.00000,0.01520,0.14658,-236.81118,-247.15644,0.04369,2942.00000,2932.00000,0.32760
900.00000,0.03000,3.00000,1.00000,0.00000,0.01520,0.14658,-236.81118,-247.15644,0.04369,2942.00000,2924.00000,0.18066
900.00000,0.03000,4.00000,1.00000,0.00000,0.01520,0.14658,-236.81118,-247.15644,0.04369,2942.00000,2909.00000,0.24816
900.00000,0.03000,5.00000,1.00000,0.00000,0.01520,0.14658,-236.81118,-247.15644,0.04369,2942.00000,2910.00000,0.16094
900.00000,0.03000,6.00000,1.00000,0.00000,0.03964,0.14658,-236.81118,-253.10608,0.06881,2942.00000,2808.00000,0.00000
