"Omega","Tolerance","Step Size Rule","Iterations","Converged?","Gap LR","Gap Naive","Obj. Naive","Obj. LR","Gap","Time Naive","Time LR","Final Lambda","LB Heuristic"
900.00000,0.03000,1.00000,4.00000,0.00000,0.02115,0.09618,249.76206,248.60453,-0.00466,4229.00000,2450.00000,12.32316,243.45658
900.00000,0.03000,2.00000,2.00000,0.00000,0.02115,0.09618,249.76206,248.60453,-0.00466,4229.00000,4210.00000,0.00000,243.45658
900.00000,0.03000,3.00000,3.00000,0.00000,0.02115,0.09618,249.76206,248.60453,-0.00466,4229.00000,2697.00000,5.31366,243.45658
900.00000,0.03000,4.00000,2.00000,1.00000,0.00000,0.09618,249.76206,243.45658,-0.02590,4229.00000,4206.00000,0.26816,243.45658
900.00000,0.03000,5.00000,3.00000,0.00000,0.02115,0.09618,249.76206,248.60453,-0.00466,4229.00000,2710.00000,0.12802,243.45658
900.00000,0.03000,6.00000,3.00000,0.00000,0.03513,0.09618,249.76206,252.00970,0.00892,4229.00000,4289.00000,0.00000,243.45658
