"Omega","Tolerance","Step Size Rule","Iterations","Converged?","Gap LR","Gap Naive","Obj. Naive","Obj. LR","Gap","Time Naive","Time LR","Final Lambda"
900.00000,0.03000,1.00000,1.00000,0.00000,0.01520,0.14667,-236.81118,-247.15644,0.01497,2994.00000,2280.00000,0.00000
900.00000,0.03000,2.00000,1.00000,0.00000,0.01520,0.14667,-236.81118,-247.15644,0.01497,2994.00000,2267.00000,0.32760
900.00000,0.03000,3.00000,1.00000,0.00000,0.01520,0.14667,-236.81118,-247.15644,0.01497,2994.00000,2255.00000,0.18066
900.00000,0.03000,4.00000,1.00000,0.00000,0.01520,0.14667,-236.81118,-247.15644,0.01497,2994.00000,2265.00000,0.24816
900.00000,0.03000,5.00000,1.00000,0.00000,0.01520,0.14667,-236.81118,-247.15644,0.01497,2994.00000,2287.00000,0.16094
900.00000,0.03000,6.00000,1.00000,0.00000,0.01520,0.14667,-236.81118,-247.15644,0.01497,2994.00000,2272.00000,0.10909
