"Omega","Tolerance","Step Size Rule","Iterations","Converged?","Gap LR","Gap Naive","Obj. Naive","Obj. LR","Gap","Time Naive","Time LR","Final Lambda","LB Heuristic"
100.00000,0.05000,1.00000,10.00000,0.00000,0.03854,0.00000,282.66965,289.14326,0.02239,161.00000,403.00000,3.77808,278.41299
100.00000,0.05000,2.00000,10.00000,0.00000,0.02843,0.00000,282.66965,286.32721,0.01277,161.00000,566.00000,2.40019,278.41299
100.00000,0.05000,3.00000,10.00000,0.00000,0.03375,0.00000,282.66965,287.81040,0.01786,161.00000,349.00000,3.37187,278.41299
100.00000,0.05000,4.00000,10.00000,0.00000,0.03158,0.00000,282.66965,287.20655,0.01580,161.00000,368.00000,3.17276,278.41299
100.00000,0.05000,5.00000,10.00000,0.00000,0.02848,0.00000,282.66965,286.34300,0.01283,161.00000,203.00000,2.53044,278.41299
100.00000,0.05000,6.00000,10.00000,0.00000,0.02929,0.00000,282.66965,286.56654,0.01360,161.00000,115.00000,2.45457,278.41299
