"Omega","Tolerance","Step Size Rule","Iterations","Converged?","Gap LR","Gap Naive","Obj. Naive","Obj. LR","Gap","Time Naive","Time LR","Final Lambda","LB Heuristic"
100.00000,0.05000,1.00000,10.00000,0.00000,0.03711,0.00000,282.66965,289.14326,0.02239,430.00000,785.00000,3.77808,278.41299
100.00000,0.05000,2.00000,10.00000,0.00000,0.02764,0.00000,282.66965,286.32721,0.01277,430.00000,1139.00000,2.40019,278.41299
100.00000,0.05000,3.00000,10.00000,0.00000,0.03265,0.00000,282.66965,287.81040,0.01786,430.00000,860.00000,3.37187,278.41299
100.00000,0.05000,4.00000,10.00000,0.00000,0.03062,0.00000,282.66965,287.20655,0.01580,430.00000,1134.00000,3.17276,278.41299
100.00000,0.05000,5.00000,10.00000,0.00000,0.02769,0.00000,282.66965,286.34300,0.01283,430.00000,338.00000,2.53044,278.41299
100.00000,0.05000,6.00000,10.00000,0.00000,0.02845,0.00000,282.66965,286.56654,0.01360,430.00000,253.00000,2.45457,278.41299
