"Omega","Tolerance","Step Size Rule","Iterations","Converged?","Gap LR","Gap Naive","Obj. Naive","Obj. LR","Gap","Time Naive","Time LR","Final Lambda"
600.00000,0.07000,1.00000,3.00000,0.00000,0.10917,0.16590,-243.28517,-270.27389,269.37232,4264.00000,2674.00000,7.75222
600.00000,0.07000,2.00000,2.00000,0.00000,0.10917,0.16590,-243.28517,-270.27389,269.37232,4264.00000,2467.00000,0.41491
600.00000,0.07000,3.00000,3.00000,0.00000,0.10917,0.16590,-243.28517,-270.27389,269.37232,4264.00000,3398.00000,3.38522
600.00000,0.07000,4.00000,3.00000,0.00000,0.10917,0.16590,-243.28517,-270.27389,269.37232,4264.00000,3970.00000,2.16958
600.00000,0.07000,5.00000,3.00000,0.00000,0.10917,0.16590,-243.28517,-270.27389,269.37232,4264.00000,2554.00000,0.27118
600.00000,0.07000,6.00000,3.00000,0.00000,0.10917,0.16590,-243.28517,-270.27389,269.37232,4264.00000,4375.00000,0.00000
