"Omega","Tolerance","Step Size Rule","Iterations","Converged?","Gap LR","Gap Naive","Obj. Naive","Obj. LR","Gap","Time Naive","Time LR","Final Lambda"
600.00000,0.07000,1.00000,1.00000,0.00000,0.10978,0.16589,-243.28517,-270.42307,0.11155,2842.00000,2847.00000,0.00000
600.00000,0.07000,2.00000,1.00000,0.00000,0.10978,0.16589,-243.28517,-270.42307,0.11155,2842.00000,2847.00000,0.42376
600.00000,0.07000,3.00000,1.00000,0.00000,0.10978,0.16589,-243.28517,-270.42307,0.11155,2842.00000,2847.00000,0.16972
600.00000,0.07000,4.00000,1.00000,0.00000,0.10978,0.16589,-243.28517,-270.42307,0.11155,2842.00000,2851.00000,0.26722
600.00000,0.07000,5.00000,1.00000,0.00000,0.10978,0.16589,-243.28517,-270.42307,0.11155,2842.00000,2847.00000,0.30838
600.00000,0.07000,6.00000,1.00000,0.00000,0.10978,0.16589,-243.28517,-270.42307,0.11155,2842.00000,2845.00000,0.00000
