"Omega","Tolerance","Step Size Rule","Iterations","Converged?","Gap LR","Gap Naive","Obj. Naive","Obj. LR","Gap","Time Naive","Time LR","Final Lambda","LB Heuristic"
600.00000,0.07000,1.00000,5.00000,0.00000,0.10978,0.11873,256.40579,270.42307,0.05183,4219.00000,2446.00000,6.48000,243.67202
600.00000,0.07000,2.00000,3.00000,0.00000,0.10978,0.11873,256.40579,270.42307,0.05183,4219.00000,2457.00000,0.42914,243.67202
600.00000,0.07000,3.00000,3.00000,0.00000,0.10978,0.11873,256.40579,270.42307,0.05183,4219.00000,2464.00000,3.31772,243.67202
600.00000,0.07000,4.00000,3.00000,0.00000,0.10978,0.11873,256.40579,270.42307,0.05183,4219.00000,2903.00000,2.12458,243.67202
600.00000,0.07000,5.00000,3.00000,0.00000,0.10978,0.11873,256.40579,270.42307,0.05183,4219.00000,2425.00000,0.31734,243.67202
600.00000,0.07000,6.00000,3.00000,0.00000,0.10978,0.11873,256.40579,270.42307,0.05183,4219.00000,4163.00000,0.00000,243.67202
