"Omega","Tolerance","Step Size Rule","Iterations","Converged?","Gap LR","Gap Naive","Obj. Naive","Obj. LR","Gap","Time Naive","Time LR","Final Lambda","LB Heuristic"
600.00000,0.07000,1.00000,3.00000,0.00000,0.10917,0.16589,243.28517,270.27389,0.09843,4243.00000,2417.00000,7.75222,243.67202
600.00000,0.07000,2.00000,3.00000,0.00000,0.10917,0.16589,243.28517,270.27389,0.09843,4243.00000,2552.00000,0.41760,243.67202
600.00000,0.07000,3.00000,3.00000,0.00000,0.10917,0.16589,243.28517,270.27389,0.09843,4243.00000,2988.00000,3.38522,243.67202
600.00000,0.07000,4.00000,3.00000,0.00000,0.10917,0.16589,243.28517,270.27389,0.09843,4243.00000,3337.00000,2.16958,243.67202
600.00000,0.07000,5.00000,3.00000,0.00000,0.10917,0.16589,243.28517,270.27389,0.09843,4243.00000,2453.00000,0.27118,243.67202
600.00000,0.07000,6.00000,3.00000,0.00000,0.10917,0.16589,243.28517,270.27389,0.09843,4243.00000,4313.00000,0.00000,243.67202
