"Omega","Tolerance","Step Size Rule","Iterations","Converged?","Gap LR","Gap Naive","Obj. Naive","Obj. LR","Gap","Time Naive","Time LR","Final Lambda"
600.00000,0.07000,1.00000,2.00000,0.00000,0.10841,0.16601,-243.28517,-270.08799,0.09781,2868.00000,2321.00000,8.37000
600.00000,0.07000,2.00000,2.00000,0.00000,0.10841,0.16601,-243.28517,-270.08799,0.09781,2868.00000,2438.00000,0.42079
600.00000,0.07000,3.00000,2.00000,0.00000,0.10841,0.16601,-243.28517,-270.08799,0.09781,2868.00000,2431.00000,3.55522
600.00000,0.07000,4.00000,2.00000,0.00000,0.10841,0.16601,-243.28517,-270.08799,0.09781,2868.00000,2423.00000,2.26505
600.00000,0.07000,5.00000,2.00000,0.00000,0.10841,0.16601,-243.28517,-270.08799,0.09781,2868.00000,2513.00000,0.29113
600.00000,0.07000,6.00000,2.00000,0.00000,0.10841,0.16601,-243.28517,-270.08799,0.09781,2868.00000,2339.00000,1.06803
