"Omega","Tolerance","Step Size Rule","Iterations","Converged?","Gap LR","Gap Naive","Obj. Naive","Obj. LR","Gap","Time Naive","Time LR","Final Lambda","LB Heuristic"
600.00000,0.07000,1.00000,3.00000,0.00000,0.10917,0.16590,243.28517,270.27389,0.09843,4546.00000,2626.00000,7.75222,243.67202
600.00000,0.07000,2.00000,2.00000,0.00000,0.10917,0.16590,243.28517,270.27389,0.09843,4546.00000,2467.00000,0.41491,243.67202
600.00000,0.07000,3.00000,3.00000,0.00000,0.10917,0.16590,243.28517,270.27389,0.09843,4546.00000,3482.00000,3.38522,243.67202
600.00000,0.07000,4.00000,3.00000,0.00000,0.10917,0.16590,243.28517,270.27389,0.09843,4546.00000,3998.00000,2.16958,243.67202
600.00000,0.07000,5.00000,3.00000,0.00000,0.10917,0.16590,243.28517,270.27389,0.09843,4546.00000,2535.00000,0.27118,243.67202
600.00000,0.07000,6.00000,3.00000,0.00000,0.10917,0.16590,243.28517,270.27389,0.09843,4546.00000,4331.00000,0.00000,243.67202
