"Omega","Tolerance","Step Size Rule","Iterations","Converged?","Gap LR","Gap Naive","Obj. Naive","Obj. LR","Gap","Time Naive","Time LR","Final Lambda","LB Heuristic"
600.00000,0.07000,1.00000,3.00000,0.00000,0.16441,0.16520,243.28517,283.73320,0.14119,4228.00000,2457.00000,7.57222,243.67202
600.00000,0.07000,2.00000,2.00000,0.00000,0.10878,0.16520,243.28517,270.17938,0.09811,4228.00000,4214.00000,0.42079,243.67202
600.00000,0.07000,3.00000,2.00000,0.00000,0.16441,0.16520,243.28517,283.73320,0.14119,4228.00000,2462.00000,4.39522,243.67202
600.00000,0.07000,4.00000,2.00000,0.00000,0.16441,0.16520,243.28517,283.73320,0.14119,4228.00000,2513.00000,3.11080,243.67202
600.00000,0.07000,5.00000,2.00000,0.00000,0.11279,0.16520,243.28517,271.15603,0.10136,4228.00000,4208.00000,0.38207,243.67202
600.00000,0.07000,6.00000,3.00000,0.00000,0.10917,0.16520,243.28517,270.27389,0.09843,4228.00000,3856.00000,0.00000,243.67202
