"Omega","Tolerance","Step Size Rule","Iterations","Converged?","Gap LR","Gap Naive","Obj. Naive","Obj. LR","Gap","Time Naive","Time LR","Final Lambda"
100.00000,0.01000,1.00000,10.00000,0.00000,0.00988,0.00000,-278.13221,-279.33056,0.00431,1.00000,6.00000,49.38256
100.00000,0.01000,2.00000,10.00000,0.00000,0.00988,0.00000,-278.13221,-279.33056,0.00431,1.00000,6.00000,2.41287
100.00000,0.01000,3.00000,10.00000,0.00000,0.01182,0.00000,-278.13221,-279.86608,0.00623,1.00000,13.00000,3.37262
100.00000,0.01000,4.00000,10.00000,0.00000,0.00946,0.00000,-278.13221,-279.21473,0.00389,1.00000,8.00000,20.77029
100.00000,0.01000,5.00000,10.00000,0.00000,0.00988,0.00000,-278.13221,-279.33056,0.00431,1.00000,4.00000,2.56030
100.00000,0.01000,6.00000,10.00000,0.00000,0.00925,0.00000,-278.13221,-279.15539,0.00368,1.00000,8.00000,2.34774
