"Omega","Tolerance","Step Size Rule","Iterations","Converged?","Gap LR","Gap Naive","Obj. Naive","Obj. LR","Gap","Time Naive","Time LR","Final Lambda"
100.00000,0.01000,1.00000,10.00000,0.00000,0.01080,0.00000,-268.45136,-271.35068,0.01080,1.00000,12.00000,3.78459
100.00000,0.01000,2.00000,10.00000,0.00000,0.01080,0.00000,-268.45136,-271.35068,0.01080,1.00000,14.00000,4.53459
100.00000,0.01000,3.00000,10.00000,0.00000,0.01280,0.00000,-268.45136,-271.88620,0.01280,1.00000,11.00000,4.77466
100.00000,0.01000,4.00000,10.00000,0.00000,0.01082,0.00000,-268.45136,-271.35646,0.01082,1.00000,14.00000,4.35212
100.00000,0.01000,5.00000,10.00000,0.00000,0.01067,0.00000,-268.45136,-271.31588,0.01067,1.00000,14.00000,4.24134
100.00000,0.01000,6.00000,10.00000,0.00000,0.01103,0.00000,-268.45136,-271.41129,0.01103,1.00000,9.00000,4.00149
