"Omega","Tolerance","Step Size Rule","Iterations","Converged?","Gap LR","Gap Naive","Obj. Naive","Obj. LR","Gap","Time Naive","Time LR","Final Lambda","LB Heuristic"
900.00000,0.01000,2.00000,2.00000,0.00000,0.01628,0.05427,249.97357,251.08602,0.00443,4274.00000,4213.00000,0.37752,247.06352
900.00000,0.01000,3.00000,2.00000,0.00000,0.02087,0.05427,249.97357,252.21852,0.00890,4274.00000,4213.00000,0.71159,247.06352
900.00000,0.01000,4.00000,2.00000,0.00000,0.02136,0.05427,249.97357,252.34102,0.00938,4274.00000,4213.00000,0.74634,247.06352
900.00000,0.01000,5.00000,4.00000,0.00000,0.02235,0.05427,249.97357,252.58602,0.01034,4274.00000,2524.00000,0.00730,247.06352
900.00000,0.01000,6.00000,3.00000,0.00000,0.01832,0.05427,249.97357,251.58894,0.00642,4274.00000,4293.00000,2.82475,247.06352
