"Omega","Tolerance","Step Size Rule","Iterations","Converged?","Gap LR","Gap Naive","Obj. Naive","Obj. LR","Gap","Time Naive","Time LR","Final Lambda","LB Heuristic"
900.00000,0.01000,1.00000,2.00000,0.00000,0.01944,0.04650,251.70578,251.86714,0.00064,4251.00000,4209.00000,0.61109,247.06352
900.00000,0.01000,2.00000,2.00000,0.00000,0.01628,0.04650,251.70578,251.08602,-0.00247,4251.00000,4208.00000,0.37752,247.06352
900.00000,0.01000,3.00000,2.00000,0.00000,0.02087,0.04650,251.70578,252.21852,0.00203,4251.00000,4207.00000,0.71159,247.06352
900.00000,0.01000,4.00000,2.00000,0.00000,0.02136,0.04650,251.70578,252.34102,0.00252,4251.00000,4210.00000,0.74634,247.06352
900.00000,0.01000,5.00000,7.00000,0.00000,0.02235,0.04650,251.70578,252.58602,0.00348,4251.00000,2404.00000,0.01073,247.06352
900.00000,0.01000,6.00000,3.00000,0.00000,0.01674,0.04650,251.70578,251.19863,-0.00202,4251.00000,4276.00000,2.62960,247.06352
