"Omega","Tolerance","Step Size Rule","Iterations","Converged?","Gap LR","Gap Naive","Obj. Naive","Obj. LR","Gap","Time Naive","Time LR","Final Lambda"
900.00000,0.01000,1.00000,1.00000,0.00000,0.02235,0.05810,-249.95108,-252.58602,0.01054,2883.00000,2888.00000,0.70109
900.00000,0.01000,2.00000,1.00000,0.00000,0.02235,0.05810,-249.95108,-252.58602,0.01054,2883.00000,2892.00000,0.59181
900.00000,0.01000,3.00000,1.00000,0.00000,0.02235,0.05810,-249.95108,-252.58602,0.01054,2883.00000,2889.00000,0.75359
900.00000,0.01000,4.00000,1.00000,0.00000,0.02235,0.05810,-249.95108,-252.58602,0.01054,2883.00000,2893.00000,0.77109
900.00000,0.01000,5.00000,1.00000,0.00000,0.02235,0.05810,-249.95108,-252.58602,0.01054,2883.00000,2890.00000,0.00000
900.00000,0.01000,6.00000,1.00000,0.00000,0.02235,0.05810,-249.95108,-252.58602,0.01054,2883.00000,2873.00000,0.00000
