"Omega","Tolerance","Step Size Rule","Iterations","Converged?","Gap LR","Gap Naive","Obj. Naive","Obj. LR","Gap","Time Naive","Time LR","Final Lambda"
900.00000,0.01000,1.00000,2.00000,0.00000,0.01106,0.09555,-240.56914,-249.79676,0.01094,2939.00000,4459.00000,0.56609
900.00000,0.01000,2.00000,2.00000,0.00000,0.00888,0.09555,-240.56914,-249.25676,0.00880,2939.00000,4448.00000,0.43109
900.00000,0.01000,3.00000,2.00000,0.00000,0.01301,0.09555,-240.56914,-250.27676,0.01284,2939.00000,4434.00000,0.69809
900.00000,0.01000,4.00000,2.00000,0.00000,0.02136,0.09555,-240.56914,-252.34102,0.02091,2939.00000,4404.00000,0.74634
900.00000,0.01000,5.00000,2.00000,0.00000,0.02235,0.09555,-240.56914,-252.58602,0.02186,2939.00000,2450.00000,0.00337
900.00000,0.01000,6.00000,2.00000,0.00000,0.02235,0.09555,-240.56914,-252.58602,0.02186,2939.00000,2323.00000,0.56204
