"Omega","Tolerance","Step Size Rule","Iterations","Converged?","Gap LR","Gap Naive","Obj. Naive","Obj. LR","Gap","Time Naive","Time LR","Final Lambda"
900.00000,0.01000,1.00000,2.00000,1.00000,0.00000,0.09345,-240.56914,-247.06352,246.06352,4335.00000,4223.00000,0.70109
900.00000,0.01000,2.00000,2.00000,1.00000,0.00000,0.09345,-240.56914,-247.06352,246.06352,4335.00000,4222.00000,0.59181
900.00000,0.01000,3.00000,2.00000,0.00000,0.01325,0.09345,-240.56914,-250.33676,249.34984,4335.00000,4223.00000,0.70559
900.00000,0.01000,4.00000,2.00000,0.00000,0.02136,0.09345,-240.56914,-252.34102,251.36194,4335.00000,4216.00000,0.74634
900.00000,0.01000,5.00000,3.00000,0.00000,0.02235,0.09345,-240.56914,-252.58602,251.60788,4335.00000,2571.00000,0.00561
900.00000,0.01000,6.00000,3.00000,0.00000,0.02232,0.09345,-240.56914,-252.57690,251.59873,4335.00000,4361.00000,6.07542
