"Omega","Tolerance","Step Size Rule","Iterations","Converged?","Gap LR","Gap Naive","Obj. Naive","Obj. LR","Gap","Time Naive","Time LR","Final Lambda","LB Heuristic"
900.00000,0.01000,1.00000,2.00000,0.00000,0.01938,0.09345,240.56914,251.85102,0.01901,4353.00000,4218.00000,0.59609,247.06352
900.00000,0.01000,2.00000,2.00000,0.00000,0.01628,0.09345,240.56914,251.08602,0.01602,4353.00000,4219.00000,0.37752,247.06352
900.00000,0.01000,3.00000,2.00000,0.00000,0.02087,0.09345,240.56914,252.21852,0.02044,4353.00000,4220.00000,0.71159,247.06352
900.00000,0.01000,4.00000,2.00000,0.00000,0.02136,0.09345,240.56914,252.34102,0.02091,4353.00000,4222.00000,0.74634,247.06352
900.00000,0.01000,5.00000,4.00000,0.00000,0.02235,0.09345,240.56914,252.58602,0.02186,4353.00000,2545.00000,0.00730,247.06352
900.00000,0.01000,6.00000,3.00000,0.00000,0.01555,0.09345,240.56914,250.90574,0.01531,4353.00000,4266.00000,1.84278,247.06352
