"Omega","Tolerance","Step Size Rule","Iterations","Converged?","Gap LR","Gap Naive","Obj. Naive","Obj. LR","Gap","Time Naive","Time LR","Final Lambda","LB Heuristic"
900.00000,0.01000,1.00000,2.00000,1.00000,0.00000,0.09345,240.56914,247.06352,0.00000,4336.00000,4224.00000,0.70109,247.06352
900.00000,0.01000,2.00000,2.00000,1.00000,0.00000,0.09345,240.56914,247.06352,0.00000,4336.00000,4222.00000,0.59181,247.06352
900.00000,0.01000,3.00000,2.00000,0.00000,0.01325,0.09345,240.56914,250.33676,0.01308,4336.00000,4220.00000,0.70559,247.06352
900.00000,0.01000,4.00000,2.00000,0.00000,0.02136,0.09345,240.56914,252.34102,0.02091,4336.00000,4216.00000,0.74634,247.06352
900.00000,0.01000,5.00000,3.00000,0.00000,0.02235,0.09345,240.56914,252.58602,0.02186,4336.00000,2594.00000,0.00561,247.06352
900.00000,0.01000,6.00000,3.00000,0.00000,0.02235,0.09345,240.56914,252.58602,0.02186,4336.00000,4350.00000,6.30732,247.06352
