"Omega","Tolerance","Step Size Rule","Iterations","Converged?","Gap LR","Gap Naive","Obj. Naive","Obj. LR","Gap","Time Naive","Time LR","Final Lambda"
100.00000,0.03000,1.00000,10.00000,0.00000,0.00586,0.00000,-277.99176,-279.62145,0.00586,50.00000,310.00000,4.00940
100.00000,0.03000,2.00000,10.00000,0.00000,0.00427,0.00000,-277.99176,-279.17861,0.00427,50.00000,139.00000,2.21357
100.00000,0.03000,3.00000,10.00000,0.00000,0.00586,0.00000,-277.99176,-279.62145,0.00586,50.00000,267.00000,3.48609
100.00000,0.03000,4.00000,10.00000,0.00000,0.00586,0.00000,-277.99176,-279.62145,0.00586,50.00000,287.00000,3.26919
100.00000,0.03000,5.00000,10.00000,0.00000,0.00460,0.00000,-277.99176,-279.27139,0.00460,50.00000,94.00000,1.47464
100.00000,0.03000,6.00000,10.00000,0.00000,0.00428,0.00000,-277.99176,-279.18128,0.00428,50.00000,147.00000,2.54382
