"Omega","Tolerance","Step Size Rule","Iterations","Converged?","Gap LR","Gap Naive","Obj. Naive","Obj. LR","Gap","Time Naive","Time LR","Final Lambda","LB Heuristic"
900.00000,0.01000,1.00000,2.00000,0.00000,0.01808,0.04613,248.28228,249.17461,0.00358,4264.00000,4208.00000,0.71759,244.75051
900.00000,0.01000,2.00000,2.00000,0.00000,0.01512,0.04613,248.28228,248.45162,0.00068,4264.00000,4209.00000,1.10259,244.75051
900.00000,0.01000,3.00000,2.00000,0.00000,0.01832,0.04613,248.28228,249.23433,0.00382,4264.00000,4208.00000,0.79409,244.75051
900.00000,0.01000,4.00000,2.00000,0.00000,0.01832,0.04613,248.28228,249.23433,0.00382,4264.00000,4208.00000,0.81637,244.75051
900.00000,0.01000,5.00000,9.00000,0.00000,0.01832,0.04613,248.28228,249.23433,0.00382,4264.00000,2421.00000,0.01232,244.75051
900.00000,0.01000,6.00000,3.00000,0.00000,0.01419,0.04613,248.28228,248.22449,-0.00023,4264.00000,4264.00000,0.00000,244.75051
