"Omega","Tolerance","Step Size Rule","Iterations","Converged?","Gap LR","Gap Naive","Obj. Naive","Obj. LR","Gap","Time Naive","Time LR","Final Lambda","LB Heuristic"
900.00000,0.01000,1.00000,2.00000,1.00000,0.00000,0.11856,233.10605,244.75051,0.00000,4352.00000,4224.00000,0.82259,244.75051
900.00000,0.01000,2.00000,2.00000,0.00000,0.01652,0.11856,233.10605,248.79280,0.01625,4352.00000,2499.00000,0.10427,244.75051
900.00000,0.01000,3.00000,2.00000,0.00000,0.01600,0.11856,233.10605,248.66674,0.01575,4352.00000,4218.00000,0.80759,244.75051
900.00000,0.01000,4.00000,2.00000,0.00000,0.01643,0.11856,233.10605,248.77280,0.01617,4352.00000,4225.00000,0.83552,244.75051
900.00000,0.01000,5.00000,3.00000,0.00000,0.01652,0.11856,233.10605,248.79280,0.01625,4352.00000,2579.00000,0.00561,244.75051
900.00000,0.01000,6.00000,3.00000,0.00000,0.01419,0.11856,233.10605,248.22449,0.01400,4352.00000,4312.00000,0.00000,244.75051
