"Omega","Tolerance","Step Size Rule","Iterations","Converged?","Gap LR","Gap Naive","Obj. Naive","Obj. LR","Gap","Time Naive","Time LR","Final Lambda"
900.00000,0.01000,1.00000,2.00000,0.00000,0.01733,0.12037,-233.10605,-240.50933,-0.01763,2936.00000,4485.00000,0.68759
900.00000,0.01000,2.00000,2.00000,0.00000,0.01652,0.12037,-233.10605,-248.79280,0.01625,2936.00000,2781.00000,0.10427
900.00000,0.01000,3.00000,1.00000,0.00000,0.01652,0.12037,-233.10605,-248.79280,0.01625,2936.00000,2281.00000,0.83759
900.00000,0.01000,4.00000,1.00000,0.00000,0.01652,0.12037,-233.10605,-248.79280,0.01625,2936.00000,2289.00000,0.84259
900.00000,0.01000,5.00000,1.00000,0.00000,0.01652,0.12037,-233.10605,-248.79280,0.01625,2936.00000,2262.00000,0.00000
900.00000,0.01000,6.00000,2.00000,0.00000,0.01918,0.12037,-233.10605,-249.44461,0.01882,2936.00000,2526.00000,0.56786
