"Omega","Tolerance","Step Size Rule","Iterations","Converged?","Gap LR","Gap Naive","Obj. Naive","Obj. LR","Gap","Time Naive","Time LR","Final Lambda"
900.00000,0.01000,1.00000,1.00000,0.00000,0.01918,0.09932,-237.67423,-249.44461,0.04952,2904.00000,2913.00000,0.76259
900.00000,0.01000,2.00000,1.00000,0.00000,0.01918,0.09932,-237.67423,-249.44461,0.04952,2904.00000,2911.00000,0.60259
900.00000,0.01000,3.00000,1.00000,0.00000,0.01918,0.09932,-237.67423,-249.44461,0.04952,2904.00000,2918.00000,0.80759
900.00000,0.01000,4.00000,1.00000,0.00000,0.01918,0.09932,-237.67423,-249.44461,0.04952,2904.00000,2911.00000,0.82259
900.00000,0.01000,5.00000,1.00000,0.00000,0.01918,0.09932,-237.67423,-249.44461,0.04952,2904.00000,2919.00000,0.00000
900.00000,0.01000,6.00000,1.00000,0.00000,0.01918,0.09932,-237.67423,-249.44461,0.04952,2904.00000,2898.00000,0.00000
