"Omega","Tolerance","Step Size Rule","Iterations","Converged?","Gap LR","Gap Naive","Obj. Naive","Obj. LR","Gap","Time Naive","Time LR","Final Lambda","LB Heuristic"
900.00000,0.01000,2.00000,2.00000,0.00000,0.00308,0.05913,248.27970,245.50324,-0.01131,4295.00000,4213.00000,1.85259,244.75051
900.00000,0.01000,3.00000,2.00000,0.00000,0.01832,0.05913,248.27970,249.23433,0.00383,4295.00000,4212.00000,0.79409,244.75051
900.00000,0.01000,4.00000,2.00000,0.00000,0.01832,0.05913,248.27970,249.23433,0.00383,4295.00000,4212.00000,0.81637,244.75051
900.00000,0.01000,5.00000,4.00000,0.00000,0.01832,0.05913,248.27970,249.23433,0.00383,4295.00000,2493.00000,0.00730,244.75051
900.00000,0.01000,6.00000,3.00000,0.00000,0.01419,0.05913,248.27970,248.22449,-0.00022,4295.00000,4291.00000,0.00000,244.75051
