"Omega","Tolerance","Step Size Rule","Iterations","Converged?","Gap LR","Gap Naive","Obj. Naive","Obj. LR","Gap","Time Naive","Time LR","Final Lambda","LB Heuristic"
600.00000,0.01000,1.00000,2.00000,0.00000,0.02659,0.00045,247.71300,248.48321,0.00310,1284.00000,3210.00000,1.36128,242.04706
600.00000,0.01000,2.00000,2.00000,0.00000,0.02684,0.00045,247.71300,248.54321,0.00334,1284.00000,3465.00000,1.17128,242.04706
600.00000,0.01000,3.00000,2.00000,0.00000,0.02671,0.00045,247.71300,248.51321,0.00322,1284.00000,3130.00000,1.39428,242.04706
600.00000,0.01000,4.00000,2.00000,0.00000,0.02676,0.00045,247.71300,248.52321,0.00326,1284.00000,2633.00000,1.40420,242.04706
600.00000,0.01000,5.00000,10.00000,0.00000,0.02684,0.00045,247.71300,248.54321,0.00334,1284.00000,2291.00000,0.01948,242.04706
600.00000,0.01000,6.00000,3.00000,0.00000,0.02536,0.00045,247.71300,248.18605,0.00191,1284.00000,3643.00000,3.91720,242.04706
