"Omega","Tolerance","Step Size Rule","Iterations","Converged?","Gap LR","Gap Naive","Obj. Naive","Obj. LR","Gap","Time Naive","Time LR","Final Lambda"
600.00000,0.01000,1.00000,3.00000,0.00000,0.02634,0.00000,-247.71300,-248.42321,0.00286,776.00000,2446.00000,1.33128
600.00000,0.01000,2.00000,2.00000,0.00000,0.02684,0.00000,-247.71300,-248.54321,0.00334,776.00000,2973.00000,1.17128
600.00000,0.01000,3.00000,3.00000,0.00000,0.02662,0.00000,-247.71300,-248.48921,0.00312,776.00000,2547.00000,1.38428
600.00000,0.01000,4.00000,4.00000,0.00000,0.02665,0.00000,-247.71300,-248.49752,0.00316,776.00000,3180.00000,1.39343
600.00000,0.01000,5.00000,10.00000,0.00000,0.02684,0.00000,-247.71300,-248.54321,0.00334,776.00000,1319.00000,0.01948
600.00000,0.01000,6.00000,5.00000,0.00000,0.02617,0.00000,-247.71300,-248.38114,0.00269,776.00000,2430.00000,0.42385
