"Omega","Tolerance","Step Size Rule","Iterations","Converged?","Gap LR","Gap Naive","Obj. Naive","Obj. LR","Gap","Time Naive","Time LR","Final Lambda","LB Heuristic"
600.00000,0.01000,1.00000,2.00000,0.00000,0.02590,0.00000,247.71300,248.48321,0.00310,1199.00000,3083.00000,1.36128,242.04706
600.00000,0.01000,2.00000,2.00000,0.00000,0.02614,0.00000,247.71300,248.54321,0.00334,1199.00000,3277.00000,1.17128,242.04706
600.00000,0.01000,3.00000,2.00000,0.00000,0.02602,0.00000,247.71300,248.51321,0.00322,1199.00000,2837.00000,1.39428,242.04706
600.00000,0.01000,4.00000,3.00000,0.00000,0.02600,0.00000,247.71300,248.50907,0.00320,1199.00000,3758.00000,1.39843,242.04706
600.00000,0.01000,5.00000,10.00000,0.00000,0.02614,0.00000,247.71300,248.54321,0.00334,1199.00000,2036.00000,0.01948,242.04706
600.00000,0.01000,6.00000,3.00000,0.00000,0.02550,0.00000,247.71300,248.38114,0.00269,1199.00000,3630.00000,5.07042,242.04706
