"Omega","Tolerance","Step Size Rule","Iterations","Converged?","Gap LR","Gap Naive","Obj. Naive","Obj. LR","Gap","Time Naive","Time LR","Final Lambda"
600.00000,0.01000,1.00000,2.00000,0.00000,0.02659,0.04787,-247.71300,-248.48321,0.00310,2867.00000,4314.00000,1.36128
600.00000,0.01000,2.00000,2.00000,0.00000,0.02684,0.04787,-247.71300,-248.54321,0.00334,2867.00000,4326.00000,1.04628
600.00000,0.01000,3.00000,2.00000,0.00000,0.02671,0.04787,-247.71300,-248.51321,0.00322,2867.00000,4319.00000,1.39428
600.00000,0.01000,4.00000,2.00000,0.00000,0.02571,0.04787,-247.71300,-248.27125,0.00225,2867.00000,4288.00000,1.40420
600.00000,0.01000,5.00000,9.00000,0.00000,0.02684,0.04787,-247.71300,-248.54321,0.00334,2867.00000,2303.00000,0.01847
600.00000,0.01000,6.00000,3.00000,0.00000,0.02617,0.04787,-247.71300,-248.38114,0.00269,2867.00000,3657.00000,5.07042
