"Omega","Tolerance","Step Size Rule","Iterations","Converged?","Gap LR","Gap Naive","Obj. Naive","Obj. LR","Gap","Time Naive","Time LR","Final Lambda","LB Heuristic"
600.00000,0.01000,1.00000,2.00000,0.00000,0.02659,0.00000,247.71300,248.48321,0.00310,1162.00000,2645.00000,1.36128,242.04706
600.00000,0.01000,2.00000,2.00000,0.00000,0.02684,0.00000,247.71300,248.54321,0.00334,1162.00000,3450.00000,1.17128,242.04706
600.00000,0.01000,3.00000,2.00000,0.00000,0.02671,0.00000,247.71300,248.51321,0.00322,1162.00000,2497.00000,1.39428,242.04706
600.00000,0.01000,4.00000,3.00000,0.00000,0.02670,0.00000,247.71300,248.50907,0.00320,1162.00000,3537.00000,1.39843,242.04706
600.00000,0.01000,5.00000,10.00000,0.00000,0.02684,0.00000,247.71300,248.54321,0.00334,1162.00000,1980.00000,0.01948,242.04706
600.00000,0.01000,6.00000,3.00000,0.00000,0.02617,0.00000,247.71300,248.38114,0.00269,1162.00000,3308.00000,5.07042,242.04706
