"Omega","Tolerance","Step Size Rule","Iterations","Converged?","Gap LR","Gap Naive","Obj. Naive","Obj. LR","Gap","Time Naive","Time LR","Final Lambda","LB Heuristic"
600.00000,0.01000,1.00000,2.00000,0.00000,0.02659,0.00045,247.71300,248.48321,0.00310,1845.00000,3246.00000,1.36128,242.04706
600.00000,0.01000,2.00000,2.00000,0.00000,0.02684,0.00045,247.71300,248.54321,0.00334,1845.00000,4039.00000,1.04628,242.04706
600.00000,0.01000,3.00000,2.00000,0.00000,0.02671,0.00045,247.71300,248.51321,0.00322,1845.00000,3888.00000,1.39428,242.04706
600.00000,0.01000,4.00000,2.00000,0.00000,0.02676,0.00045,247.71300,248.52321,0.00326,1845.00000,3424.00000,1.40420,242.04706
600.00000,0.01000,5.00000,6.00000,0.00000,0.02684,0.00045,247.71300,248.54321,0.00334,1845.00000,2556.00000,0.01465,242.04706
600.00000,0.01000,6.00000,3.00000,0.00000,0.02536,0.00045,247.71300,248.18605,0.00191,1845.00000,4028.00000,3.91720,242.04706
