"Omega","Tolerance","Step Size Rule","Iterations","Converged?","Gap LR","Gap Naive","Obj. Naive","Obj. LR","Gap","Time Naive","Time LR","Final Lambda","LB Heuristic"
600.00000,0.01000,1.00000,2.00000,0.00000,0.02659,0.00000,247.71300,248.48321,0.00310,3351.00000,4218.00000,1.36128,242.04706
600.00000,0.01000,2.00000,2.00000,0.00000,0.02684,0.00000,247.71300,248.54321,0.00334,3351.00000,4217.00000,1.04628,242.04706
600.00000,0.01000,3.00000,2.00000,0.00000,0.02671,0.00000,247.71300,248.51321,0.00322,3351.00000,4215.00000,1.39428,242.04706
600.00000,0.01000,4.00000,2.00000,0.00000,0.02676,0.00000,247.71300,248.52321,0.00326,3351.00000,3637.00000,1.40420,242.04706
600.00000,0.01000,5.00000,4.00000,0.00000,0.02684,0.00000,247.71300,248.54321,0.00334,3351.00000,2402.00000,0.01094,242.04706
600.00000,0.01000,6.00000,3.00000,0.00000,0.02617,0.00000,247.71300,248.38114,0.00269,3351.00000,4226.00000,5.07042,242.04706
