"Omega","Tolerance","Step Size Rule","Iterations","Converged?","Gap LR","Gap Naive","Obj. Naive","Obj. LR","Gap","Time Naive","Time LR","Final Lambda","LB Heuristic"
600.00000,0.01000,1.00000,4.00000,0.00000,0.02609,0.00000,247.71300,248.36321,0.00262,848.00000,3122.00000,1.30128,242.04706
600.00000,0.01000,2.00000,2.00000,0.00000,0.02684,0.00000,247.71300,248.54321,0.00334,848.00000,2868.00000,1.17128,242.04706
600.00000,0.01000,3.00000,3.00000,0.00000,0.02662,0.00000,247.71300,248.48921,0.00312,848.00000,2435.00000,1.38428,242.04706
600.00000,0.01000,4.00000,4.00000,0.00000,0.02665,0.00000,247.71300,248.49752,0.00316,848.00000,2945.00000,1.39343,242.04706
600.00000,0.01000,5.00000,10.00000,0.00000,0.02684,0.00000,247.71300,248.54321,0.00334,848.00000,1177.00000,0.01948,242.04706
600.00000,0.01000,6.00000,6.00000,0.00000,0.02617,0.00000,247.71300,248.38114,0.00269,848.00000,4329.00000,2.37826,242.04706
