"Omega","Tolerance","Step Size Rule","Iterations","Converged?","Gap LR","Gap Naive","Obj. Naive","Obj. LR","Gap","Time Naive","Time LR","Final Lambda","LB Heuristic"
100.00000,0.03000,1.00000,10.00000,0.00000,0.01385,0.00008,280.17265,283.78221,0.01272,270.00000,651.00000,4.10685,279.85145
100.00000,0.03000,2.00000,10.00000,0.00000,0.00935,0.00008,280.17265,282.49360,0.00822,270.00000,572.00000,1.42603,279.85145
100.00000,0.03000,3.00000,10.00000,0.00000,0.01163,0.00008,280.17265,283.14412,0.01049,270.00000,683.00000,3.48145,279.85145
100.00000,0.03000,4.00000,10.00000,0.00000,0.01082,0.00008,280.17265,282.91369,0.00969,270.00000,880.00000,3.25175,279.85145
100.00000,0.03000,5.00000,10.00000,0.00000,0.00941,0.00008,280.17265,282.50907,0.00827,270.00000,356.00000,0.08839,279.85145
100.00000,0.03000,6.00000,10.00000,0.00000,0.00940,0.00008,280.17265,282.50593,0.00826,270.00000,659.00000,2.34785,279.85145
