"Omega","Tolerance","Step Size Rule","Iterations","Converged?","Gap LR","Gap Naive","Obj. Naive","Obj. LR","Gap","Time Naive","Time LR","Final Lambda"
900.00000,0.05000,1.00000,1.00000,1.00000,0.00000,0.14721,-242.96454,-249.22043,248.22043,4359.00000,2111.00000,0.29718
900.00000,0.05000,2.00000,1.00000,1.00000,0.00000,0.14721,-242.96454,-249.22043,248.22043,4359.00000,2112.00000,0.29718
900.00000,0.05000,3.00000,1.00000,1.00000,0.00000,0.14721,-242.96454,-249.22043,248.22043,4359.00000,2113.00000,0.29718
900.00000,0.05000,4.00000,1.00000,1.00000,0.00000,0.14721,-242.96454,-249.22043,248.22043,4359.00000,2111.00000,0.29718
900.00000,0.05000,5.00000,1.00000,1.00000,0.00000,0.14721,-242.96454,-249.22043,248.22043,4359.00000,2114.00000,0.29718
900.00000,0.05000,6.00000,1.00000,1.00000,0.00000,0.14721,-242.96454,-249.22043,248.22043,4359.00000,2115.00000,0.29718
