"Omega","Tolerance","Step Size Rule","Iterations","Converged?","Gap LR","Gap Naive","Obj. Naive","Obj. LR","Gap","Time Naive","Time LR","Final Lambda"
900.00000,0.05000,1.00000,1.00000,0.00000,0.04660,0.14664,-242.96454,-260.83345,0.07355,2884.00000,2890.00000,0.00000
900.00000,0.05000,2.00000,1.00000,0.00000,0.04660,0.14664,-242.96454,-260.83345,0.07355,2884.00000,2893.00000,0.25968
900.00000,0.05000,3.00000,1.00000,0.00000,0.04660,0.14664,-242.96454,-260.83345,0.07355,2884.00000,2889.00000,0.00000
900.00000,0.05000,4.00000,1.00000,0.00000,0.04660,0.14664,-242.96454,-260.83345,0.07355,2884.00000,2883.00000,0.09718
900.00000,0.05000,5.00000,1.00000,0.00000,0.04660,0.14664,-242.96454,-260.83345,0.07355,2884.00000,2890.00000,0.14718
900.00000,0.05000,6.00000,1.00000,0.00000,0.04660,0.14664,-242.96454,-260.83345,0.07355,2884.00000,2879.00000,0.00000
