"Omega","Tolerance","Step Size Rule","Iterations","Converged?","Gap LR","Gap Naive","Obj. Naive","Obj. LR","Gap","Time Naive","Time LR","Final Lambda","LB Heuristic"
900.00000,0.05000,1.00000,4.00000,0.00000,0.04660,0.14623,242.96454,260.83345,0.04452,4246.00000,2597.00000,11.47500,249.22043
900.00000,0.05000,2.00000,3.00000,0.00000,0.04660,0.14623,242.96454,260.83345,0.04452,4246.00000,2782.00000,0.26319,249.22043
900.00000,0.05000,3.00000,3.00000,0.00000,0.04660,0.14623,242.96454,260.83345,0.04452,4246.00000,2933.00000,4.90500,249.22043
900.00000,0.05000,4.00000,3.00000,0.00000,0.04660,0.14623,242.96454,260.83345,0.04452,4246.00000,2918.00000,2.99016,249.22043
900.00000,0.05000,5.00000,3.00000,0.00000,0.04660,0.14623,242.96454,260.83345,0.04452,4246.00000,2637.00000,0.15303,249.22043
900.00000,0.05000,6.00000,3.00000,0.00000,0.04660,0.14623,242.96454,260.83345,0.04452,4246.00000,4440.00000,0.00728,249.22043
