"Omega","Tolerance","Step Size Rule","Iterations","Converged?","Gap LR","Gap Naive","Obj. Naive","Obj. LR","Gap","Time Naive","Time LR","Final Lambda"
900.00000,0.05000,1.00000,2.00000,0.00000,0.02764,0.14982,-242.96454,-256.10806,0.02689,2948.00000,2719.00000,12.82500
900.00000,0.05000,2.00000,1.00000,0.00000,0.02764,0.14982,-242.96454,-256.10806,0.02689,2948.00000,2265.00000,0.26385
900.00000,0.05000,3.00000,1.00000,0.00000,0.02764,0.14982,-242.96454,-256.10806,0.02689,2948.00000,2263.00000,0.00000
900.00000,0.05000,4.00000,1.00000,0.00000,0.02764,0.14982,-242.96454,-256.10806,0.02689,2948.00000,2275.00000,0.07218
900.00000,0.05000,5.00000,1.00000,0.00000,0.02764,0.14982,-242.96454,-256.10806,0.02689,2948.00000,2276.00000,0.16385
900.00000,0.05000,6.00000,2.00000,0.00000,0.02764,0.14982,-242.96454,-256.10806,0.02689,2948.00000,2652.00000,0.65896
