"Omega","Tolerance","Step Size Rule","Iterations","Converged?","Gap LR","Gap Naive","Obj. Naive","Obj. LR","Gap","Time Naive","Time LR","Final Lambda","LB Heuristic"
900.00000,0.01000,1.00000,2.00000,0.00000,0.03293,0.12262,231.00247,248.12248,0.03188,4315.00000,4223.00000,0.82682,240.21258
900.00000,0.01000,2.00000,2.00000,0.00000,0.03299,0.12262,231.00247,248.13748,0.03194,4315.00000,2415.00000,0.00168,240.21258
900.00000,0.01000,3.00000,2.00000,0.00000,0.01351,0.12262,231.00247,243.45905,0.01333,4315.00000,4227.00000,0.81932,240.21258
900.00000,0.01000,4.00000,2.00000,0.00000,0.03299,0.12262,231.00247,248.13748,0.03194,4315.00000,4240.00000,0.85889,240.21258
900.00000,0.01000,5.00000,3.00000,0.00000,0.03299,0.12262,231.00247,248.13748,0.03194,4315.00000,2623.00000,0.00561,240.21258
900.00000,0.01000,6.00000,2.00000,0.00000,0.03629,0.12262,231.00247,248.92884,0.03502,4315.00000,2839.00000,0.00000,240.21258
