"Omega","Tolerance","Step Size Rule","Iterations","Converged?","Gap LR","Gap Naive","Obj. Naive","Obj. LR","Gap","Time Naive","Time LR","Final Lambda"
900.00000,0.01000,1.00000,2.00000,0.00000,0.03293,0.12262,-231.00247,-248.12248,247.15436,4310.00000,4228.00000,0.82682
900.00000,0.01000,2.00000,2.00000,0.00000,0.03299,0.12262,-231.00247,-248.13748,247.16941,4310.00000,2417.00000,0.00168
900.00000,0.01000,3.00000,2.00000,0.00000,0.01351,0.12262,-231.00247,-243.45905,242.47238,4310.00000,4230.00000,0.81932
900.00000,0.01000,4.00000,2.00000,0.00000,0.03299,0.12262,-231.00247,-248.13748,247.16941,4310.00000,4226.00000,0.85889
900.00000,0.01000,5.00000,3.00000,0.00000,0.03299,0.12262,-231.00247,-248.13748,247.16941,4310.00000,2642.00000,0.00561
900.00000,0.01000,6.00000,2.00000,0.00000,0.03629,0.12262,-231.00247,-248.92884,247.96385,4310.00000,2663.00000,0.00000
