"Omega","Tolerance","Step Size Rule","Iterations","Converged?","Gap LR","Gap Naive","Obj. Naive","Obj. LR","Gap","Time Naive","Time LR","Final Lambda"
900.00000,0.01000,1.00000,1.00000,0.00000,0.03879,0.06392,-246.15908,-249.53038,0.01370,2902.00000,2902.00000,0.82682
900.00000,0.01000,2.00000,1.00000,0.00000,0.03710,0.06392,-246.15908,-249.12499,0.01205,2902.00000,2906.00000,0.00000
900.00000,0.01000,3.00000,1.00000,0.00000,0.03710,0.06392,-246.15908,-249.12499,0.01205,2902.00000,2898.00000,0.84932
900.00000,0.01000,4.00000,1.00000,0.00000,0.03629,0.06392,-246.15908,-248.92884,0.01125,2902.00000,2901.00000,0.86682
900.00000,0.01000,5.00000,1.00000,0.00000,0.03710,0.06392,-246.15908,-249.12499,0.01205,2902.00000,2902.00000,0.00000
900.00000,0.01000,6.00000,1.00000,0.00000,0.03879,0.06392,-246.15908,-249.53038,0.01370,2902.00000,2856.00000,0.00000
