"Omega","Tolerance","Step Size Rule","Iterations","Converged?","Gap LR","Gap Naive","Obj. Naive","Obj. LR","Gap","Time Naive","Time LR","Final Lambda","LB Heuristic"
900.00000,0.01000,1.00000,2.00000,0.00000,0.03864,0.04033,248.41628,249.49423,0.00432,4247.00000,4206.00000,0.75182,240.21258
900.00000,0.01000,2.00000,2.00000,0.00000,0.04024,0.04033,248.41628,249.87826,0.00585,4247.00000,4206.00000,0.98182,240.21258
900.00000,0.01000,3.00000,2.00000,0.00000,0.03901,0.04033,248.41628,249.58423,0.00468,4247.00000,4206.00000,0.80882,240.21258
900.00000,0.01000,4.00000,2.00000,0.00000,0.03959,0.04033,248.41628,249.72219,0.00523,4247.00000,4206.00000,0.82621,240.21258
900.00000,0.01000,5.00000,9.00000,0.00000,0.04024,0.04033,248.41628,249.87826,0.00585,4247.00000,2418.00000,0.01232,240.21258
900.00000,0.01000,6.00000,3.00000,0.00000,0.04024,0.04033,248.41628,249.87826,0.00585,4247.00000,4253.00000,3.84933,240.21258
