"Omega","Tolerance","Step Size Rule","Iterations","Converged?","Gap LR","Gap Naive","Obj. Naive","Obj. LR","Gap","Time Naive","Time LR","Final Lambda","LB Heuristic"
900.00000,0.01000,2.00000,2.00000,0.00000,0.03629,0.05139,248.27897,248.92884,0.00261,4274.00000,4048.00000,1.39253,240.21258
900.00000,0.01000,3.00000,2.00000,0.00000,0.03629,0.05139,248.27897,248.92884,0.00261,4274.00000,4217.00000,0.84782,240.21258
900.00000,0.01000,4.00000,2.00000,0.00000,0.03629,0.05139,248.27897,248.92884,0.00261,4274.00000,4217.00000,0.85621,240.21258
900.00000,0.01000,5.00000,2.00000,0.00000,0.03629,0.05139,248.27897,248.92884,0.00261,4274.00000,3023.00000,3.42825,240.21258
900.00000,0.01000,6.00000,3.00000,0.00000,0.04024,0.05139,248.27897,249.87826,0.00640,4274.00000,4284.00000,3.84933,240.21258
