"Omega","Tolerance","Step Size Rule","Iterations","Converged?","Gap LR","Gap Naive","Obj. Naive","Obj. LR","Gap","Time Naive","Time LR","Final Lambda"
900.00000,0.01000,1.00000,2.00000,0.00000,0.01211,0.12412,-231.00247,-243.12155,0.01197,2908.00000,4421.00000,0.70682
900.00000,0.01000,2.00000,2.00000,0.00000,0.01367,0.12412,-231.00247,-243.49655,0.01349,2908.00000,4443.00000,0.70682
900.00000,0.01000,3.00000,2.00000,0.00000,0.01367,0.12412,-231.00247,-243.49655,0.01349,2908.00000,4439.00000,0.86732
900.00000,0.01000,4.00000,2.00000,0.00000,0.01367,0.12412,-231.00247,-243.49655,0.01349,2908.00000,4410.00000,0.82121
900.00000,0.01000,5.00000,2.00000,0.00000,0.03629,0.12412,-231.00247,-248.92884,0.03502,2908.00000,3429.00000,3.42825
900.00000,0.01000,6.00000,3.00000,0.00000,0.03939,0.12412,-231.00247,-249.67423,0.03790,2908.00000,4260.00000,3.85399
