"Omega","Tolerance","Step Size Rule","Iterations","Converged?","Gap LR","Gap Naive","Obj. Naive","Obj. LR","Gap","Time Naive","Time LR","Final Lambda","LB Heuristic"
900.00000,0.01000,1.00000,2.00000,0.00000,0.03299,0.12262,231.00247,248.13748,0.03194,4324.00000,4225.00000,0.87182,240.21258
900.00000,0.01000,2.00000,3.00000,0.00000,0.03299,0.12262,231.00247,248.13748,0.03194,4324.00000,2587.00000,0.00337,240.21258
900.00000,0.01000,3.00000,2.00000,0.00000,0.01351,0.12262,231.00247,243.45905,0.01333,4324.00000,4216.00000,0.81932,240.21258
900.00000,0.01000,4.00000,2.00000,0.00000,0.03629,0.12262,231.00247,248.92884,0.03502,4324.00000,4214.00000,0.85268,240.21258
900.00000,0.01000,5.00000,2.00000,0.00000,0.03629,0.12262,231.00247,248.92884,0.03502,4324.00000,3341.00000,3.42825,240.21258
900.00000,0.01000,6.00000,3.00000,0.00000,0.04024,0.12262,231.00247,249.87826,0.03868,4324.00000,4338.00000,3.84933,240.21258
