"Omega","Tolerance","Step Size Rule","Iterations","Converged?","Gap LR","Gap Naive","Obj. Naive","Obj. LR","Gap","Time Naive","Time LR","Final Lambda","LB Heuristic"
900.00000,0.05000,1.00000,3.00000,0.00000,0.04709,0.20044,227.32935,258.85654,0.04498,4255.00000,2436.00000,12.16500,247.21436
900.00000,0.05000,2.00000,3.00000,0.00000,0.04709,0.20044,227.32935,258.85654,0.04498,4255.00000,3022.00000,0.26845,247.21436
900.00000,0.05000,3.00000,3.00000,0.00000,0.05775,0.20044,227.32935,261.49005,0.05459,4255.00000,2951.00000,4.94994,247.21436
900.00000,0.05000,4.00000,3.00000,0.00000,0.04709,0.20044,227.32935,258.85654,0.04498,4255.00000,3028.00000,2.99830,247.21436
900.00000,0.05000,5.00000,3.00000,0.00000,0.04709,0.20044,227.32935,258.85654,0.04498,4255.00000,3194.00000,0.15828,247.21436
900.00000,0.05000,6.00000,3.00000,0.00000,0.04709,0.20044,227.32935,258.85654,0.04498,4255.00000,4334.00000,0.00000,247.21436
