"Omega","Tolerance","Step Size Rule","Iterations","Converged?","Gap LR","Gap Naive","Obj. Naive","Obj. LR","Gap","Time Naive","Time LR","Final Lambda","LB Heuristic"
900.00000,0.05000,1.00000,1.00000,1.00000,0.00000,0.20097,227.32935,247.21436,0.00000,4347.00000,2109.00000,0.30244,247.21436
900.00000,0.05000,2.00000,1.00000,1.00000,0.00000,0.20097,227.32935,247.21436,0.00000,4347.00000,2108.00000,0.30244,247.21436
900.00000,0.05000,3.00000,1.00000,1.00000,0.00000,0.20097,227.32935,247.21436,0.00000,4347.00000,2109.00000,0.30244,247.21436
900.00000,0.05000,4.00000,1.00000,1.00000,0.00000,0.20097,227.32935,247.21436,0.00000,4347.00000,2109.00000,0.30244,247.21436
900.00000,0.05000,5.00000,1.00000,1.00000,0.00000,0.20097,227.32935,247.21436,0.00000,4347.00000,2110.00000,0.30244,247.21436
900.00000,0.05000,6.00000,1.00000,1.00000,0.00000,0.20097,227.32935,247.21436,0.00000,4347.00000,2110.00000,0.30244,247.21436
