"Omega","Tolerance","Step Size Rule","Iterations","Converged?","Gap LR","Gap Naive","Obj. Naive","Obj. LR","Gap","Time Naive","Time LR","Final Lambda"
900.00000,0.05000,1.00000,1.00000,0.00000,0.04709,0.20062,-227.32935,-258.85654,0.13869,2904.00000,2887.00000,0.00000
900.00000,0.05000,2.00000,1.00000,0.00000,0.04709,0.20062,-227.32935,-258.85654,0.13869,2904.00000,2885.00000,0.26494
900.00000,0.05000,3.00000,1.00000,0.00000,0.04709,0.20062,-227.32935,-258.85654,0.13869,2904.00000,2889.00000,0.00244
900.00000,0.05000,4.00000,1.00000,0.00000,0.04709,0.20062,-227.32935,-258.85654,0.13869,2904.00000,2886.00000,0.10244
900.00000,0.05000,5.00000,1.00000,0.00000,0.04709,0.20062,-227.32935,-258.85654,0.13869,2904.00000,2887.00000,0.15244
900.00000,0.05000,6.00000,1.00000,0.00000,0.04709,0.20062,-227.32935,-258.85654,0.13869,2904.00000,2878.00000,0.00000
