"Omega","Tolerance","Step Size Rule","Iterations","Converged?","Gap LR","Gap Naive","Obj. Naive","Obj. LR","Gap","Time Naive","Time LR","Final Lambda"
900.00000,0.05000,1.00000,2.00000,0.00000,0.02650,0.20442,-227.32935,-240.66436,-0.02722,2955.00000,2726.00000,12.82500
900.00000,0.05000,2.00000,1.00000,0.00000,0.02650,0.20442,-227.32935,-240.66436,-0.02722,2955.00000,2263.00000,0.26910
900.00000,0.05000,3.00000,1.00000,0.00000,0.02650,0.20442,-227.32935,-240.66436,-0.02722,2955.00000,2257.00000,0.00000
900.00000,0.05000,4.00000,1.00000,0.00000,0.02650,0.20442,-227.32935,-240.66436,-0.02722,2955.00000,2265.00000,0.07744
900.00000,0.05000,5.00000,1.00000,0.00000,0.02650,0.20442,-227.32935,-240.66436,-0.02722,2955.00000,2283.00000,0.16910
900.00000,0.05000,6.00000,2.00000,0.00000,0.02650,0.20442,-227.32935,-240.66436,-0.02722,2955.00000,4449.00000,0.00000
