"Omega","Tolerance","Step Size Rule","Iterations","Converged?","Gap LR","Gap Naive","Obj. Naive","Obj. LR","Gap","Time Naive","Time LR","Final Lambda","LB Heuristic"
900.00000,0.05000,2.00000,3.00000,0.00000,0.04709,0.20044,227.32935,258.85654,0.04498,4276.00000,3314.00000,0.26845,247.21436
900.00000,0.05000,3.00000,3.00000,0.00000,0.04709,0.20044,227.32935,258.85654,0.04498,4276.00000,3255.00000,4.91244,247.21436
900.00000,0.05000,4.00000,3.00000,0.00000,0.04709,0.20044,227.32935,258.85654,0.04498,4276.00000,3768.00000,2.99830,247.21436
900.00000,0.05000,5.00000,3.00000,0.00000,0.04709,0.20044,227.32935,258.85654,0.04498,4276.00000,3090.00000,0.15828,247.21436
900.00000,0.05000,6.00000,3.00000,0.00000,0.04709,0.20044,227.32935,258.85654,0.04498,4276.00000,4319.00000,0.00000,247.21436
