"Omega","Tolerance","Step Size Rule","Iterations","Converged?","Gap LR","Gap Naive","Obj. Naive","Obj. LR","Gap","Time Naive","Time LR","Final Lambda","LB Heuristic"
100.00000,0.07000,1.00000,10.00000,0.00000,0.04751,0.00000,281.35509,294.14630,0.04349,977.00000,360.00000,3.61406,280.80655
100.00000,0.07000,2.00000,10.00000,0.00000,0.03738,0.00000,281.35509,291.30243,0.03415,977.00000,404.00000,2.60423,280.80655
100.00000,0.07000,3.00000,10.00000,0.00000,0.04373,0.00000,281.35509,293.08676,0.04003,977.00000,314.00000,3.39995,280.80655
100.00000,0.07000,4.00000,10.00000,0.00000,0.04111,0.00000,281.35509,292.34992,0.03761,977.00000,173.00000,3.21864,280.80655
100.00000,0.07000,5.00000,10.00000,0.00000,0.03722,0.00000,281.35509,291.25942,0.03401,977.00000,55.00000,2.63190,280.80655
100.00000,0.07000,6.00000,10.00000,0.00000,0.03881,0.00000,281.35509,291.70537,0.03548,977.00000,23.00000,2.55295,280.80655
