"Omega","Tolerance","Step Size Rule","Iterations","Converged?","Gap LR","Gap Naive","Obj. Naive","Obj. LR","Gap","Time Naive","Time LR","Final Lambda","LB Heuristic"
100.00000,0.07000,1.00000,10.00000,0.00000,0.04535,0.00100,281.35509,294.14630,0.04349,2222.00000,813.00000,3.61406,280.80655
100.00000,0.07000,2.00000,10.00000,0.00000,0.03603,0.00100,281.35509,291.30243,0.03415,2222.00000,1072.00000,2.60423,280.80655
100.00000,0.07000,3.00000,10.00000,0.00000,0.04190,0.00100,281.35509,293.08676,0.04003,2222.00000,525.00000,3.39995,280.80655
100.00000,0.07000,4.00000,10.00000,0.00000,0.03948,0.00100,281.35509,292.34992,0.03761,2222.00000,361.00000,3.21864,280.80655
100.00000,0.07000,5.00000,10.00000,0.00000,0.03589,0.00100,281.35509,291.25942,0.03401,2222.00000,274.00000,2.63190,280.80655
100.00000,0.07000,6.00000,10.00000,0.00000,0.03736,0.00100,281.35509,291.70537,0.03548,2222.00000,243.00000,2.55295,280.80655
