"Omega","Tolerance","Step Size Rule","Iterations","Converged?","Gap LR","Gap Naive","Obj. Naive","Obj. LR","Gap","Time Naive","Time LR","Final Lambda","LB Heuristic"
600.00000,0.03000,1.00000,5.00000,0.00000,0.04186,0.05592,260.72159,262.45299,0.00660,4223.00000,2485.00000,8.31163,251.90773
600.00000,0.03000,2.00000,4.00000,0.00000,0.04186,0.05592,260.72159,262.45299,0.00660,4223.00000,2462.00000,0.39936,251.90773
600.00000,0.03000,3.00000,2.00000,0.00000,0.03888,0.05592,260.72159,261.70299,0.00375,4223.00000,4206.00000,0.40663,251.90773
600.00000,0.03000,4.00000,2.00000,0.00000,0.04167,0.05592,260.72159,262.40363,0.00641,4223.00000,4205.00000,0.45274,251.90773
600.00000,0.03000,5.00000,5.00000,0.00000,0.04186,0.05592,260.72159,262.45299,0.00660,4223.00000,2414.00000,0.01323,251.90773
600.00000,0.03000,6.00000,3.00000,0.00000,0.04186,0.05592,260.72159,262.45299,0.00660,4223.00000,4059.00000,0.00000,251.90773
