"Omega","Tolerance","Step Size Rule","Iterations","Converged?","Gap LR","Gap Naive","Obj. Naive","Obj. LR","Gap","Time Naive","Time LR","Final Lambda","LB Heuristic"
600.00000,0.03000,1.00000,3.00000,0.00000,0.04189,0.06173,260.70370,262.46076,0.00669,4228.00000,2468.00000,8.85162,251.90773
600.00000,0.03000,2.00000,3.00000,0.00000,0.04189,0.06173,260.70370,262.46076,0.00669,4228.00000,2610.00000,0.39678,251.90773
600.00000,0.03000,3.00000,2.00000,0.00000,0.03888,0.06173,260.70370,261.70296,0.00382,4228.00000,4206.00000,0.40662,251.90773
600.00000,0.03000,4.00000,2.00000,0.00000,0.04088,0.06173,260.70370,262.20478,0.00572,4228.00000,4206.00000,0.48809,251.90773
600.00000,0.03000,5.00000,5.00000,0.00000,0.04189,0.06173,260.70370,262.46076,0.00669,4228.00000,2401.00000,0.01323,251.90773
600.00000,0.03000,6.00000,3.00000,0.00000,0.04181,0.06173,260.70370,262.44049,0.00662,4228.00000,4262.00000,0.00000,251.90773
