"Omega","Tolerance","Step Size Rule","Iterations","Converged?","Gap LR","Gap Naive","Obj. Naive","Obj. LR","Gap","Time Naive","Time LR","Final Lambda"
600.00000,0.03000,1.00000,2.00000,0.00000,0.03727,0.08002,-256.05051,-261.29572,0.02007,2866.00000,2486.00000,9.04663
600.00000,0.03000,2.00000,2.00000,0.00000,0.03727,0.08002,-256.05051,-261.29572,0.02007,2866.00000,4314.00000,0.30526
600.00000,0.03000,3.00000,2.00000,0.00000,0.02783,0.08002,-256.05051,-258.91800,0.01107,2866.00000,4314.00000,0.32113
600.00000,0.03000,4.00000,2.00000,0.00000,0.03280,0.08002,-256.05051,-260.17072,0.01584,2866.00000,4296.00000,0.41359
600.00000,0.03000,5.00000,3.00000,0.00000,0.04186,0.08002,-256.05051,-262.45299,0.02439,2866.00000,2334.00000,0.00859
600.00000,0.03000,6.00000,3.00000,0.00000,0.04186,0.08002,-256.05051,-262.45299,0.02439,2866.00000,4351.00000,0.00000
