"Omega","Tolerance","Step Size Rule","Iterations","Converged?","Gap LR","Gap Naive","Obj. Naive","Obj. LR","Gap","Time Naive","Time LR","Final Lambda","LB Heuristic"
600.00000,0.03000,1.00000,3.00000,0.00000,0.04021,0.05592,260.72159,262.46076,0.00663,4231.00000,2487.00000,8.85162,251.90773
600.00000,0.03000,2.00000,3.00000,0.00000,0.04021,0.05592,260.72159,262.46076,0.00663,4231.00000,2632.00000,0.39678,251.90773
600.00000,0.03000,3.00000,2.00000,0.00000,0.03743,0.05592,260.72159,261.70296,0.00375,4231.00000,4206.00000,0.40662,251.90773
600.00000,0.03000,4.00000,2.00000,0.00000,0.03927,0.05592,260.72159,262.20478,0.00566,4231.00000,4204.00000,0.48809,251.90773
600.00000,0.03000,5.00000,6.00000,0.00000,0.04021,0.05592,260.72159,262.46076,0.00663,4231.00000,2435.00000,0.01495,251.90773
600.00000,0.03000,6.00000,3.00000,0.00000,0.04021,0.05592,260.72159,262.46076,0.00663,4231.00000,4063.00000,0.00000,251.90773
