"Omega","Tolerance","Step Size Rule","Iterations","Converged?","Gap LR","Gap Naive","Obj. Naive","Obj. LR","Gap","Time Naive","Time LR","Final Lambda"
600.00000,0.03000,1.00000,3.00000,0.00000,0.03727,0.09688,-251.35973,-261.29572,260.33165,4271.00000,2706.00000,8.77663
600.00000,0.03000,2.00000,2.00000,0.00000,0.04186,0.09688,-251.35973,-262.45299,261.49317,4271.00000,2464.00000,0.39420
600.00000,0.03000,3.00000,2.00000,0.00000,0.03727,0.09688,-251.35973,-261.29572,260.33165,4271.00000,4220.00000,0.36313
600.00000,0.03000,4.00000,2.00000,0.00000,0.04167,0.09688,-251.35973,-262.40363,261.44363,4271.00000,4224.00000,0.45274
600.00000,0.03000,5.00000,4.00000,0.00000,0.04186,0.09688,-251.35973,-262.45299,261.49317,4271.00000,2435.00000,0.01117
600.00000,0.03000,6.00000,3.00000,0.00000,0.04186,0.09688,-251.35973,-262.45299,261.49317,4271.00000,4322.00000,0.00000
