"Omega","Tolerance","Step Size Rule","Iterations","Converged?","Gap LR","Gap Naive","Obj. Naive","Obj. LR","Gap","Time Naive","Time LR","Final Lambda"
600.00000,0.03000,1.00000,1.00000,0.00000,0.04186,0.08002,-256.05051,-262.45299,0.02500,2847.00000,2839.00000,0.39163
600.00000,0.03000,2.00000,1.00000,0.00000,0.04186,0.08002,-256.05051,-262.45299,0.02500,2847.00000,2837.00000,0.39163
600.00000,0.03000,3.00000,1.00000,0.00000,0.04186,0.08002,-256.05051,-262.45299,0.02500,2847.00000,2844.00000,0.46663
600.00000,0.03000,4.00000,1.00000,0.00000,0.04186,0.08002,-256.05051,-262.45299,0.02500,2847.00000,2847.00000,0.49163
600.00000,0.03000,5.00000,1.00000,0.00000,0.04186,0.08002,-256.05051,-262.45299,0.02500,2847.00000,2847.00000,0.00000
600.00000,0.03000,6.00000,1.00000,0.00000,0.04186,0.08002,-256.05051,-262.45299,0.02500,2847.00000,2848.00000,0.00000
