"Omega","Tolerance","Step Size Rule","Iterations","Converged?","Gap LR","Gap Naive","Obj. Naive","Obj. LR","Gap","Time Naive","Time LR","Final Lambda","LB Heuristic"
600.00000,0.03000,1.00000,3.00000,0.00000,0.04021,0.05592,260.72159,262.46076,0.00663,4225.00000,2592.00000,8.85162,251.90773
600.00000,0.03000,2.00000,3.00000,0.00000,0.04021,0.05592,260.72159,262.46076,0.00663,4225.00000,2746.00000,0.39678,251.90773
600.00000,0.03000,3.00000,2.00000,0.00000,0.03743,0.05592,260.72159,261.70296,0.00375,4225.00000,4209.00000,0.40662,251.90773
600.00000,0.03000,4.00000,2.00000,0.00000,0.03927,0.05592,260.72159,262.20478,0.00566,4225.00000,4206.00000,0.48809,251.90773
600.00000,0.03000,5.00000,5.00000,0.00000,0.04021,0.05592,260.72159,262.46076,0.00663,4225.00000,2432.00000,0.01323,251.90773
600.00000,0.03000,6.00000,3.00000,0.00000,0.04201,0.05592,260.72159,262.95360,0.00849,4225.00000,3885.00000,0.00000,251.90773
