"Omega","Tolerance","Step Size Rule","Iterations","Converged?","Gap LR","Gap Naive","Obj. Naive","Obj. LR","Gap","Time Naive","Time LR","Final Lambda","LB Heuristic"
600.00000,0.03000,1.00000,3.00000,0.00000,0.03727,0.08964,253.37317,261.29572,0.03032,4290.00000,2698.00000,8.77663,251.90773
600.00000,0.03000,2.00000,2.00000,0.00000,0.04186,0.08964,253.37317,262.45299,0.03460,4290.00000,2445.00000,0.39420,251.90773
600.00000,0.03000,3.00000,2.00000,0.00000,0.03280,0.08964,253.37317,260.17072,0.02613,4290.00000,4225.00000,0.37663,251.90773
600.00000,0.03000,4.00000,2.00000,0.00000,0.03429,0.08964,253.37317,260.54572,0.02753,4290.00000,4228.00000,0.43859,251.90773
600.00000,0.03000,5.00000,4.00000,0.00000,0.04186,0.08964,253.37317,262.45299,0.03460,4290.00000,2438.00000,0.01117,251.90773
600.00000,0.03000,6.00000,3.00000,0.00000,0.04186,0.08964,253.37317,262.45299,0.03460,4290.00000,4338.00000,0.00000,251.90773
