"Omega","Tolerance","Step Size Rule","Iterations","Converged?","Gap LR","Gap Naive","Obj. Naive","Obj. LR","Gap","Time Naive","Time LR","Final Lambda","LB Heuristic"
600.00000,0.03000,1.00000,3.00000,0.00000,0.03727,0.09688,251.35973,261.29572,0.03593,4280.00000,2721.00000,8.77663,251.90773
600.00000,0.03000,2.00000,2.00000,0.00000,0.03727,0.09688,251.35973,261.29572,0.03593,4280.00000,4213.00000,0.30526,251.90773
600.00000,0.03000,3.00000,2.00000,0.00000,0.03727,0.09688,251.35973,261.29572,0.03593,4280.00000,4214.00000,0.36313,251.90773
600.00000,0.03000,4.00000,2.00000,0.00000,0.03727,0.09688,251.35973,261.29572,0.03593,4280.00000,4215.00000,0.43127,251.90773
600.00000,0.03000,5.00000,4.00000,0.00000,0.04186,0.09688,251.35973,262.45299,0.04018,4280.00000,2444.00000,0.01117,251.90773
600.00000,0.03000,6.00000,3.00000,0.00000,0.04186,0.09688,251.35973,262.45299,0.04018,4280.00000,4274.00000,0.00000,251.90773
