"Omega","Tolerance","Step Size Rule","Iterations","Converged?","Gap LR","Gap Naive","Obj. Naive","Obj. LR","Gap","Time Naive","Time LR","Final Lambda","LB Heuristic"
600.00000,0.03000,1.00000,2.00000,0.00000,0.04181,0.06305,260.33495,262.44049,0.00802,4241.00000,2457.00000,9.12162,251.90773
600.00000,0.03000,2.00000,2.00000,0.00000,0.04181,0.06305,260.33495,262.44049,0.00802,4241.00000,2556.00000,0.39420,251.90773
600.00000,0.03000,3.00000,2.00000,0.00000,0.03888,0.06305,260.33495,261.70296,0.00523,4241.00000,4216.00000,0.40662,251.90773
600.00000,0.03000,4.00000,2.00000,0.00000,0.03988,0.06305,260.33495,261.95296,0.00618,4241.00000,4214.00000,0.45627,251.90773
600.00000,0.03000,5.00000,4.00000,0.00000,0.04181,0.06305,260.33495,262.44049,0.00802,4241.00000,2409.00000,0.01117,251.90773
600.00000,0.03000,6.00000,3.00000,0.00000,0.04181,0.06305,260.33495,262.44049,0.00802,4241.00000,4355.00000,0.00000,251.90773
