"Omega","Tolerance","Step Size Rule","Iterations","Converged?","Gap LR","Gap Naive","Obj. Naive","Obj. LR","Gap","Time Naive","Time LR","Final Lambda","LB Heuristic"
900.00000,0.05000,1.00000,3.00000,0.00000,0.04466,0.15274,240.86088,259.04606,0.04275,4336.00000,2747.00000,12.15000,247.97280
900.00000,0.05000,2.00000,2.00000,0.00000,0.04466,0.15274,240.86088,259.04606,0.04275,4336.00000,2487.00000,0.26505,247.97280
900.00000,0.05000,3.00000,3.00000,0.00000,0.04466,0.15274,240.86088,259.04606,0.04275,4336.00000,3329.00000,4.90580,247.97280
900.00000,0.05000,4.00000,1.00000,1.00000,0.00000,0.15274,240.86088,247.97280,0.00000,4336.00000,2112.00000,0.30080,247.97280
900.00000,0.05000,5.00000,1.00000,1.00000,0.00000,0.15274,240.86088,247.97280,0.00000,4336.00000,2111.00000,0.30080,247.97280
900.00000,0.05000,6.00000,3.00000,0.00000,0.04466,0.15274,240.86088,259.04606,0.04275,4336.00000,4358.00000,0.08628,247.97280
