"Omega","Tolerance","Step Size Rule","Iterations","Converged?","Gap LR","Gap Naive","Obj. Naive","Obj. LR","Gap","Time Naive","Time LR","Final Lambda"
900.00000,0.05000,1.00000,2.00000,0.00000,0.02473,0.15458,-240.86088,-254.10492,0.02413,2962.00000,2674.00000,12.82500
900.00000,0.05000,2.00000,1.00000,0.00000,0.02473,0.15458,-240.86088,-254.10492,0.02413,2962.00000,2264.00000,0.26746
900.00000,0.05000,3.00000,1.00000,0.00000,0.02473,0.15458,-240.86088,-254.10492,0.02413,2962.00000,2256.00000,0.00000
900.00000,0.05000,4.00000,1.00000,0.00000,0.02473,0.15458,-240.86088,-254.10492,0.02413,2962.00000,2269.00000,0.07580
900.00000,0.05000,5.00000,1.00000,0.00000,0.02473,0.15458,-240.86088,-254.10492,0.02413,2962.00000,2268.00000,0.16746
900.00000,0.05000,6.00000,2.00000,0.00000,0.02473,0.15458,-240.86088,-254.10492,0.02413,2962.00000,2682.00000,0.63136
