"Omega","Tolerance","Step Size Rule","Iterations","Converged?","Gap LR","Gap Naive","Obj. Naive","Obj. LR","Gap","Time Naive","Time LR","Final Lambda","LB Heuristic"
900.00000,0.05000,2.00000,3.00000,0.00000,0.04466,0.15171,240.86088,259.04606,0.04275,4264.00000,2695.00000,0.26680,247.97280
900.00000,0.05000,3.00000,3.00000,0.00000,0.04466,0.15171,240.86088,259.04606,0.04275,4264.00000,3004.00000,4.90580,247.97280
900.00000,0.05000,4.00000,2.00000,0.00000,0.04466,0.15171,240.86088,259.04606,0.04275,4264.00000,2479.00000,3.12368,247.97280
900.00000,0.05000,5.00000,2.00000,0.00000,0.04466,0.15171,240.86088,259.04606,0.04275,4264.00000,2435.00000,0.15430,247.97280
900.00000,0.05000,6.00000,3.00000,0.00000,0.04466,0.15171,240.86088,259.04606,0.04275,4264.00000,4317.00000,0.08628,247.97280
