"Omega","Tolerance","Step Size Rule","Iterations","Converged?","Gap LR","Gap Naive","Obj. Naive","Obj. LR","Gap","Time Naive","Time LR","Final Lambda"
900.00000,0.05000,1.00000,1.00000,0.00000,0.04858,0.15189,-240.86088,-260.01855,0.07954,2889.00000,2907.00000,0.00080
900.00000,0.05000,2.00000,1.00000,0.00000,0.04858,0.15189,-240.86088,-260.01855,0.07954,2889.00000,2904.00000,0.22580
900.00000,0.05000,3.00000,1.00000,0.00000,0.04858,0.15189,-240.86088,-260.01855,0.07954,2889.00000,2912.00000,0.15080
900.00000,0.05000,4.00000,1.00000,0.00000,0.04858,0.15189,-240.86088,-260.01855,0.07954,2889.00000,2907.00000,0.20080
900.00000,0.05000,5.00000,1.00000,0.00000,0.04858,0.15189,-240.86088,-260.01855,0.07954,2889.00000,2903.00000,0.00080
900.00000,0.05000,6.00000,1.00000,0.00000,0.04858,0.15189,-240.86088,-260.01855,0.07954,2889.00000,2873.00000,0.00000
