"Omega","Tolerance","Step Size Rule","Iterations","Converged?","Gap LR","Gap Naive","Obj. Naive","Obj. LR","Gap","Time Naive","Time LR","Final Lambda","LB Heuristic"
900.00000,0.01000,1.00000,4.00000,0.00000,0.02372,0.00000,248.11791,248.13836,0.00008,465.00000,2721.00000,0.75462,242.38854
900.00000,0.01000,2.00000,2.00000,0.00000,0.02415,0.00000,248.11791,248.24120,0.00050,465.00000,2684.00000,0.60962,242.38854
