"Omega","Tolerance","Step Size Rule","Iterations","Converged?","Gap LR","Gap Naive","Obj. Naive","Obj. LR","Gap","Time Naive","Time LR","Final Lambda","LB Heuristic"
100.00000,0.07000,1.00000,10.00000,0.00000,0.04900,0.00000,280.90575,291.60761,0.03670,234.00000,550.00000,3.48365,277.98573
100.00000,0.07000,2.00000,10.00000,0.00000,0.04394,0.00000,280.90575,290.19909,0.03202,234.00000,660.00000,2.96994,277.98573
100.00000,0.07000,3.00000,10.00000,0.00000,0.04670,0.00000,280.90575,290.96806,0.03458,234.00000,507.00000,3.37454,277.98573
100.00000,0.07000,4.00000,10.00000,0.00000,0.04405,0.00000,280.90575,290.23122,0.03213,234.00000,288.00000,3.19323,277.98573
100.00000,0.07000,5.00000,10.00000,0.00000,0.04070,0.00000,280.90575,289.29986,0.02902,234.00000,74.00000,2.77411,277.98573
100.00000,0.07000,6.00000,10.00000,0.00000,0.04240,0.00000,280.90575,289.77356,0.03060,234.00000,22.00000,1.61166,277.98573
