"Omega","Tolerance","Step Size Rule","Iterations","Converged?","Gap LR","Gap Naive","Obj. Naive","Obj. LR","Gap","Time Naive","Time LR","Final Lambda","LB Heuristic"
600.00000,0.07000,1.00000,3.00000,0.00000,0.04806,0.16974,242.28901,263.25026,0.04586,4284.00000,2796.00000,7.74000,251.17857
600.00000,0.07000,2.00000,2.00000,0.00000,0.04011,0.16974,242.28901,261.25236,0.03856,4284.00000,2645.00000,0.42446,251.17857
600.00000,0.07000,3.00000,3.00000,0.00000,0.04011,0.16974,242.28901,261.25236,0.03856,4284.00000,2979.00000,3.28886,251.17857
600.00000,0.07000,4.00000,3.00000,0.00000,0.04445,0.16974,242.28901,262.34319,0.04256,4284.00000,3528.00000,2.11572,251.17857
600.00000,0.07000,5.00000,3.00000,0.00000,0.05560,0.16974,242.28901,265.14323,0.05267,4284.00000,2426.00000,0.28550,251.17857
600.00000,0.07000,6.00000,3.00000,0.00000,0.05988,0.16974,242.28901,266.21926,0.05650,4284.00000,4293.00000,0.00000,251.17857
