"Omega","Tolerance","Step Size Rule","Iterations","Converged?","Gap LR","Gap Naive","Obj. Naive","Obj. LR","Gap","Time Naive","Time LR","Final Lambda","LB Heuristic"
600.00000,0.07000,1.00000,3.00000,0.00000,0.08100,0.16907,242.28901,271.52288,0.07493,4229.00000,2416.00000,7.74000,251.17857
600.00000,0.07000,2.00000,3.00000,0.00000,0.08100,0.16907,242.28901,271.52288,0.07493,4229.00000,2509.00000,0.41828,251.17857
600.00000,0.07000,3.00000,3.00000,0.00000,0.08100,0.16907,242.28901,271.52288,0.07493,4229.00000,2628.00000,3.34886,251.17857
600.00000,0.07000,4.00000,3.00000,0.00000,0.08100,0.16907,242.28901,271.52288,0.07493,4229.00000,3055.00000,2.15072,251.17857
600.00000,0.07000,5.00000,3.00000,0.00000,0.08100,0.16907,242.28901,271.52288,0.07493,4229.00000,2437.00000,0.28550,251.17857
600.00000,0.07000,6.00000,3.00000,0.00000,0.08100,0.16907,242.28901,271.52288,0.07493,4229.00000,4280.00000,0.00000,251.17857
