"Omega","Tolerance","Step Size Rule","Iterations","Converged?","Gap LR","Gap Naive","Obj. Naive","Obj. LR","Gap","Time Naive","Time LR","Final Lambda","LB Heuristic"
600.00000,0.07000,1.00000,3.00000,0.00000,0.04011,0.16974,242.28901,261.25236,0.03856,4242.00000,2694.00000,7.74000,251.17857
600.00000,0.07000,2.00000,2.00000,0.00000,0.04011,0.16974,242.28901,261.25236,0.03856,4242.00000,2529.00000,0.42446,251.17857
600.00000,0.07000,3.00000,3.00000,0.00000,0.04806,0.16974,242.28901,263.25026,0.04586,4242.00000,2921.00000,3.34136,251.17857
600.00000,0.07000,4.00000,3.00000,0.00000,0.04011,0.16974,242.28901,261.25236,0.03856,4242.00000,3496.00000,2.11072,251.17857
600.00000,0.07000,5.00000,3.00000,0.00000,0.04011,0.16974,242.28901,261.25236,0.03856,4242.00000,2401.00000,0.32098,251.17857
600.00000,0.07000,6.00000,3.00000,0.00000,0.04806,0.16974,242.28901,263.25026,0.04586,4242.00000,4318.00000,0.00000,251.17857
