"Omega","Tolerance","Step Size Rule","Iterations","Converged?","Gap LR","Gap Naive","Obj. Naive","Obj. LR","Gap","Time Naive","Time LR","Final Lambda"
600.00000,0.07000,1.00000,2.00000,0.00000,0.04125,0.16974,-242.28901,-261.54019,0.03962,2863.00000,2332.00000,8.37000
600.00000,0.07000,2.00000,2.00000,0.00000,0.04125,0.16974,-242.28901,-261.54019,0.03962,2863.00000,2549.00000,0.42534
600.00000,0.07000,3.00000,2.00000,0.00000,0.04125,0.16974,-242.28901,-261.54019,0.03962,2863.00000,2390.00000,3.49136
600.00000,0.07000,4.00000,2.00000,0.00000,0.04125,0.16974,-242.28901,-261.54019,0.03962,2863.00000,2428.00000,2.22119
600.00000,0.07000,5.00000,2.00000,0.00000,0.04125,0.16974,-242.28901,-261.54019,0.03962,2863.00000,2512.00000,0.32088
600.00000,0.07000,6.00000,2.00000,0.00000,0.04125,0.16974,-242.28901,-261.54019,0.03962,2863.00000,2351.00000,1.03966
