"Omega","Tolerance","Step Size Rule","Iterations","Converged?","Gap LR","Gap Naive","Obj. Naive","Obj. LR","Gap","Time Naive","Time LR","Final Lambda","LB Heuristic"
600.00000,0.07000,1.00000,4.00000,0.00000,0.13656,0.15354,246.60051,285.47858,0.12015,4222.00000,2451.00000,6.93836,251.17857
600.00000,0.07000,2.00000,6.00000,0.00000,0.08171,0.15354,246.60051,271.70154,0.07553,4222.00000,2453.00000,0.41180,251.17857
600.00000,0.07000,3.00000,3.00000,0.00000,0.08171,0.15354,246.60051,271.70154,0.07553,4222.00000,2499.00000,3.40886,251.17857
600.00000,0.07000,4.00000,3.00000,0.00000,0.08171,0.15354,246.60051,271.70154,0.07553,4222.00000,2889.00000,2.19072,251.17857
600.00000,0.07000,5.00000,4.00000,0.00000,0.08171,0.15354,246.60051,271.70154,0.07553,4222.00000,2492.00000,0.23001,251.17857
600.00000,0.07000,6.00000,3.00000,0.00000,0.08171,0.15354,246.60051,271.70154,0.07553,4222.00000,4298.00000,0.00000,251.17857
