"Omega","Tolerance","Step Size Rule","Iterations","Converged?","Gap LR","Gap Naive","Obj. Naive","Obj. LR","Gap","Time Naive","Time LR","Final Lambda"
600.00000,0.07000,1.00000,1.00000,0.00000,0.13656,0.16974,-242.28901,-285.47858,0.17826,2848.00000,2854.00000,8.82836
600.00000,0.07000,2.00000,1.00000,0.00000,0.13656,0.16974,-242.28901,-285.47858,0.17826,2848.00000,2855.00000,0.46105
600.00000,0.07000,3.00000,1.00000,0.00000,0.13656,0.16974,-242.28901,-285.47858,0.17826,2848.00000,2857.00000,4.64336
600.00000,0.07000,4.00000,1.00000,0.00000,0.13656,0.16974,-242.28901,-285.47858,0.17826,2848.00000,2860.00000,3.24836
600.00000,0.07000,5.00000,1.00000,0.00000,0.13656,0.16974,-242.28901,-285.47858,0.17826,2848.00000,2863.00000,0.46911
600.00000,0.07000,6.00000,1.00000,0.00000,0.13656,0.16974,-242.28901,-285.47858,0.17826,2848.00000,2828.00000,0.58130
