"Omega","Tolerance","Step Size Rule","Iterations","Converged?","Gap LR","Gap Naive","Obj. Naive","Obj. LR","Gap","Time Naive","Time LR","Final Lambda","LB Heuristic"
600.00000,0.07000,1.00000,1.00000,1.00000,0.00000,0.16974,242.28901,251.17857,0.00000,4267.00000,2109.00000,0.45836,251.17857
600.00000,0.07000,2.00000,1.00000,1.00000,0.00000,0.16974,242.28901,251.17857,0.00000,4267.00000,2109.00000,0.45836,251.17857
600.00000,0.07000,3.00000,1.00000,1.00000,0.00000,0.16974,242.28901,251.17857,0.00000,4267.00000,2108.00000,0.45836,251.17857
600.00000,0.07000,4.00000,3.00000,0.00000,0.04011,0.16974,242.28901,261.25236,0.03856,4267.00000,4000.00000,2.11072,251.17857
600.00000,0.07000,5.00000,1.00000,1.00000,0.00000,0.16974,242.28901,251.17857,0.00000,4267.00000,2110.00000,0.45836,251.17857
600.00000,0.07000,6.00000,3.00000,0.00000,0.04445,0.16974,242.28901,262.34319,0.04256,4267.00000,4334.00000,0.00000,251.17857
