"Omega","Tolerance","Step Size Rule","Iterations","Converged?","Gap LR","Gap Naive","Obj. Naive","Obj. LR","Gap","Time Naive","Time LR","Final Lambda"
900.00000,0.01000,1.00000,2.00000,0.00000,0.04317,0.15105,-226.32260,-233.02360,-0.04511,2938.00000,4462.00000,0.60956
900.00000,0.01000,2.00000,2.00000,0.00000,0.04908,0.15105,-226.32260,-231.58360,-0.05161,2938.00000,4439.00000,0.41789
900.00000,0.01000,3.00000,2.00000,0.00000,0.04233,0.15105,-226.32260,-233.22610,-0.04421,2938.00000,4443.00000,0.71306
900.00000,0.01000,4.00000,2.00000,0.00000,0.02602,0.15105,-226.32260,-249.87184,0.02536,2938.00000,4405.00000,0.77627
900.00000,0.01000,5.00000,2.00000,0.00000,0.02889,0.15105,-226.32260,-250.57122,0.02808,2938.00000,2367.00000,0.00337
900.00000,0.01000,6.00000,2.00000,0.00000,0.02889,0.15105,-226.32260,-250.57122,0.02808,2938.00000,2354.00000,0.56818
