"Omega","Tolerance","Step Size Rule","Iterations","Converged?","Gap LR","Gap Naive","Obj. Naive","Obj. LR","Gap","Time Naive","Time LR","Final Lambda"
900.00000,0.01000,1.00000,2.00000,1.00000,0.00000,0.07666,-246.15296,-243.53603,242.52528,4349.00000,4224.00000,0.74456
900.00000,0.01000,2.00000,2.00000,1.00000,0.00000,0.07666,-246.15296,-243.53603,242.52528,4349.00000,4239.00000,0.58456
900.00000,0.01000,3.00000,2.00000,1.00000,0.00000,0.07666,-246.15296,-243.53603,242.52528,4349.00000,4226.00000,0.78956
900.00000,0.01000,4.00000,2.00000,0.00000,0.02385,0.07666,-246.15296,-249.34516,248.35797,4349.00000,4220.00000,0.78334
900.00000,0.01000,5.00000,3.00000,0.00000,0.02889,0.07666,-246.15296,-250.57122,249.58885,4349.00000,2457.00000,0.00561
900.00000,0.01000,6.00000,3.00000,0.00000,0.02889,0.07666,-246.15296,-250.57122,249.58885,4349.00000,4321.00000,2.04219
