"Omega","Tolerance","Step Size Rule","Iterations","Converged?","Gap LR","Gap Naive","Obj. Naive","Obj. LR","Gap","Time Naive","Time LR","Final Lambda","LB Heuristic"
900.00000,0.01000,1.00000,2.00000,0.00000,0.02404,0.03482,250.84618,249.39184,-0.00583,4274.00000,4213.00000,0.62456,243.53603
900.00000,0.01000,2.00000,2.00000,0.00000,0.01879,0.03482,250.84618,248.11184,-0.01102,4274.00000,4211.00000,0.39706,243.53603
900.00000,0.01000,3.00000,2.00000,0.00000,0.02889,0.03482,250.84618,250.57122,-0.00110,4274.00000,4212.00000,0.80156,243.53603
900.00000,0.01000,4.00000,2.00000,0.00000,0.02889,0.03482,250.84618,250.57122,-0.00110,4274.00000,4212.00000,0.80809,243.53603
900.00000,0.01000,5.00000,9.00000,0.00000,0.02889,0.03482,250.84618,250.57122,-0.00110,4274.00000,2410.00000,0.01232,243.53603
900.00000,0.01000,6.00000,4.00000,0.00000,0.02964,0.03482,250.84618,250.75385,-0.00037,4274.00000,4432.00000,1.98766,243.53603
