"Omega","Tolerance","Step Size Rule","Iterations","Converged?","Gap LR","Gap Naive","Obj. Naive","Obj. LR","Gap","Time Naive","Time LR","Final Lambda","LB Heuristic"
900.00000,0.01000,1.00000,2.00000,1.00000,0.00000,0.07666,246.15296,243.53603,-0.01075,4334.00000,4224.00000,0.74456,243.53603
900.00000,0.01000,2.00000,2.00000,1.00000,0.00000,0.07666,246.15296,243.53603,-0.01075,4334.00000,4222.00000,0.58456,243.53603
900.00000,0.01000,3.00000,2.00000,1.00000,0.00000,0.07666,246.15296,243.53603,-0.01075,4334.00000,4221.00000,0.78956,243.53603
900.00000,0.01000,4.00000,2.00000,0.00000,0.02385,0.07666,246.15296,249.34516,0.01280,4334.00000,4215.00000,0.78334,243.53603
900.00000,0.01000,5.00000,3.00000,0.00000,0.02889,0.07666,246.15296,250.57122,0.01763,4334.00000,2500.00000,0.00561,243.53603
900.00000,0.01000,6.00000,3.00000,0.00000,0.02889,0.07666,246.15296,250.57122,0.01763,4334.00000,4332.00000,2.04219,243.53603
