"Omega","Tolerance","Step Size Rule","Iterations","Converged?","Gap LR","Gap Naive","Obj. Naive","Obj. LR","Gap","Time Naive","Time LR","Final Lambda","LB Heuristic"
900.00000,0.01000,2.00000,2.00000,0.00000,0.01843,0.04934,250.84618,248.02516,-0.01137,4275.00000,4212.00000,0.33456,243.53603
900.00000,0.01000,3.00000,2.00000,0.00000,0.02778,0.04934,250.84618,250.30122,-0.00218,4275.00000,4213.00000,0.75356,243.53603
900.00000,0.01000,4.00000,2.00000,0.00000,0.02799,0.04934,250.84618,250.35254,-0.00197,4275.00000,4214.00000,0.80102,243.53603
900.00000,0.01000,5.00000,4.00000,0.00000,0.02889,0.04934,250.84618,250.57122,-0.00110,4275.00000,2441.00000,0.00730,243.53603
900.00000,0.01000,6.00000,3.00000,0.00000,0.02889,0.04934,250.84618,250.57122,-0.00110,4275.00000,4303.00000,2.04219,243.53603
