"Omega","Tolerance","Step Size Rule","Iterations","Converged?","Gap LR","Gap Naive","Obj. Naive","Obj. LR","Gap","Time Naive","Time LR","Final Lambda","LB Heuristic"
900.00000,0.01000,1.00000,2.00000,0.00000,0.02238,0.07666,246.15296,248.98516,0.01137,4346.00000,4217.00000,0.65456,243.53603
900.00000,0.01000,2.00000,2.00000,0.00000,0.01843,0.07666,246.15296,248.02516,0.00755,4346.00000,4219.00000,0.33456,243.53603
900.00000,0.01000,3.00000,2.00000,0.00000,0.02778,0.07666,246.15296,250.30122,0.01657,4346.00000,4221.00000,0.75356,243.53603
900.00000,0.01000,4.00000,2.00000,0.00000,0.02385,0.07666,246.15296,249.34516,0.01280,4346.00000,4214.00000,0.78334,243.53603
900.00000,0.01000,5.00000,4.00000,0.00000,0.02889,0.07666,246.15296,250.57122,0.01763,4346.00000,2485.00000,0.00730,243.53603
900.00000,0.01000,6.00000,3.00000,0.00000,0.02889,0.07666,246.15296,250.57122,0.01763,4346.00000,4283.00000,2.04219,243.53603
