"Omega","Tolerance","Step Size Rule","Iterations","Converged?","Gap LR","Gap Naive","Obj. Naive","Obj. LR","Gap","Time Naive","Time LR","Final Lambda"
900.00000,0.01000,1.00000,1.00000,0.00000,0.02889,0.06357,-248.72052,-250.57122,0.00744,2904.00000,2898.00000,0.74456
900.00000,0.01000,2.00000,1.00000,0.00000,0.02889,0.06357,-248.72052,-250.57122,0.00744,2904.00000,2904.00000,0.58456
900.00000,0.01000,3.00000,1.00000,0.00000,0.02889,0.06357,-248.72052,-250.57122,0.00744,2904.00000,2903.00000,0.78956
900.00000,0.01000,4.00000,1.00000,0.00000,0.02889,0.06357,-248.72052,-250.57122,0.00744,2904.00000,2902.00000,0.80456
900.00000,0.01000,5.00000,1.00000,0.00000,0.02889,0.06357,-248.72052,-250.57122,0.00744,2904.00000,2907.00000,0.00000
900.00000,0.01000,6.00000,1.00000,0.00000,0.02889,0.06357,-248.72052,-250.57122,0.00744,2904.00000,2908.00000,0.00000
