"Omega","Tolerance","Step Size Rule","Iterations","Converged?","Gap LR","Gap Naive","Obj. Naive","Obj. LR","Gap","Time Naive","Time LR","Final Lambda"
900.00000,0.07000,1.00000,1.00000,0.00000,0.03721,0.18890,-236.81118,-256.11000,0.03587,3010.00000,2286.00000,0.00000
900.00000,0.07000,2.00000,1.00000,0.00000,0.03721,0.18890,-236.81118,-256.11000,0.03587,3010.00000,2268.00000,0.28252
900.00000,0.07000,3.00000,1.00000,0.00000,0.03721,0.18890,-236.81118,-256.11000,0.03587,3010.00000,2276.00000,0.00000
900.00000,0.07000,4.00000,1.00000,0.00000,0.03721,0.18890,-236.81118,-256.11000,0.03587,3010.00000,2285.00000,0.00000
900.00000,0.07000,5.00000,1.00000,0.00000,0.03721,0.18890,-236.81118,-256.11000,0.03587,3010.00000,2296.00000,0.21109
900.00000,0.07000,6.00000,1.00000,0.00000,0.03721,0.18890,-236.81118,-256.11000,0.03587,3010.00000,2283.00000,0.01466
