"Omega","Tolerance","Step Size Rule","Iterations","Converged?","Gap LR","Gap Naive","Obj. Naive","Obj. LR","Gap","Time Naive","Time LR","Final Lambda","LB Heuristic"
900.00000,0.07000,1.00000,1.00000,1.00000,0.00000,0.18800,236.81118,246.92225,0.00000,4348.00000,2109.00000,0.30633,246.92225
900.00000,0.07000,2.00000,1.00000,1.00000,0.00000,0.18800,236.81118,246.92225,0.00000,4348.00000,2110.00000,0.30633,246.92225
900.00000,0.07000,3.00000,1.00000,1.00000,0.00000,0.18800,236.81118,246.92225,0.00000,4348.00000,2109.00000,0.30633,246.92225
900.00000,0.07000,4.00000,1.00000,1.00000,0.00000,0.18800,236.81118,246.92225,0.00000,4348.00000,2109.00000,0.30633,246.92225
900.00000,0.07000,5.00000,1.00000,1.00000,0.00000,0.18800,236.81118,246.92225,0.00000,4348.00000,2110.00000,0.30633,246.92225
900.00000,0.07000,6.00000,1.00000,1.00000,0.00000,0.18800,236.81118,246.92225,0.00000,4348.00000,2108.00000,0.30633,246.92225
