"Omega","Tolerance","Step Size Rule","Iterations","Converged?","Gap LR","Gap Naive","Obj. Naive","Obj. LR","Gap","Time Naive","Time LR","Final Lambda","LB Heuristic"
900.00000,0.07000,2.00000,1.00000,1.00000,0.00000,0.18733,236.81118,246.92225,0.00000,4283.00000,2104.00000,0.30633,246.92225
900.00000,0.07000,3.00000,3.00000,0.00000,0.05661,0.18733,236.81118,260.90111,0.05358,4283.00000,3081.00000,4.70700,246.92225
900.00000,0.07000,4.00000,1.00000,1.00000,0.00000,0.18733,236.81118,246.92225,0.00000,4283.00000,2107.00000,0.30633,246.92225
900.00000,0.07000,5.00000,1.00000,1.00000,0.00000,0.18733,236.81118,246.92225,0.00000,4283.00000,2108.00000,0.30633,246.92225
900.00000,0.07000,6.00000,3.00000,0.00000,0.05661,0.18733,236.81118,260.90111,0.05358,4283.00000,4408.00000,0.00000,246.92225
