"Omega","Tolerance","Step Size Rule","Iterations","Converged?","Gap LR","Gap Naive","Obj. Naive","Obj. LR","Gap","Time Naive","Time LR","Final Lambda"
900.00000,0.07000,1.00000,1.00000,0.00000,0.04970,0.18740,-236.81118,-259.19548,0.09452,2916.00000,2923.00000,0.00000
900.00000,0.07000,2.00000,1.00000,0.00000,0.04970,0.18740,-236.81118,-259.19548,0.09452,2916.00000,2907.00000,0.28047
900.00000,0.07000,3.00000,1.00000,0.00000,0.04970,0.18740,-236.81118,-259.19548,0.09452,2916.00000,2922.00000,0.00000
900.00000,0.07000,4.00000,1.00000,0.00000,0.04970,0.18740,-236.81118,-259.19548,0.09452,2916.00000,2921.00000,0.01633
900.00000,0.07000,5.00000,1.00000,0.00000,0.04970,0.18740,-236.81118,-259.19548,0.09452,2916.00000,2903.00000,0.20288
900.00000,0.07000,6.00000,1.00000,0.00000,0.04970,0.18740,-236.81118,-259.19548,0.09452,2916.00000,2818.00000,0.00000
