"Omega","Tolerance","Step Size Rule","Iterations","Converged?","Gap LR","Gap Naive","Obj. Naive","Obj. LR","Gap","Time Naive","Time LR","Final Lambda","LB Heuristic"
900.00000,0.07000,1.00000,4.00000,0.00000,0.08354,0.18732,236.81118,267.54969,0.07710,4237.00000,2513.00000,10.66500,246.92225
900.00000,0.07000,2.00000,3.00000,0.00000,0.08354,0.18732,236.81118,267.54969,0.07710,4237.00000,2471.00000,0.26446,246.92225
900.00000,0.07000,3.00000,3.00000,0.00000,0.08354,0.18732,236.81118,267.54969,0.07710,4237.00000,2690.00000,4.76583,246.92225
900.00000,0.07000,4.00000,3.00000,0.00000,0.08354,0.18732,236.81118,267.54969,0.07710,4237.00000,2880.00000,2.91871,246.92225
900.00000,0.07000,5.00000,3.00000,0.00000,0.08354,0.18732,236.81118,267.54969,0.07710,4237.00000,2401.00000,0.13049,246.92225
900.00000,0.07000,6.00000,3.00000,0.00000,0.08354,0.18732,236.81118,267.54969,0.07710,4237.00000,4314.00000,0.00000,246.92225
