"Omega","Tolerance","Step Size Rule","Iterations","Converged?","Gap LR","Gap Naive","Obj. Naive","Obj. LR","Gap","Time Naive","Time LR","Final Lambda","LB Heuristic"
100.00000,0.01000,1.00000,10.00000,0.00000,0.01267,0.00000,269.93166,273.35186,0.01251,20.00000,284.00000,5.20178,269.93166
100.00000,0.01000,2.00000,10.00000,0.00000,0.00761,0.00000,269.93166,271.98686,0.00756,20.00000,156.00000,2.47299,269.93166
100.00000,0.01000,3.00000,10.00000,0.00000,0.01303,0.00000,269.93166,273.44877,0.01286,20.00000,252.00000,5.31138,269.93166
100.00000,0.01000,4.00000,10.00000,0.00000,0.01308,0.00000,269.93166,273.46334,0.01291,20.00000,214.00000,5.32667,269.93166
100.00000,0.01000,5.00000,10.00000,0.00000,0.01317,0.00000,269.93166,273.48686,0.01300,20.00000,82.00000,0.11691,269.93166
100.00000,0.01000,6.00000,10.00000,0.00000,0.00360,0.00000,269.93166,270.90457,0.00359,20.00000,240.00000,2.63267,269.93166
