"Omega","Tolerance","Step Size Rule","Iterations","Converged?","Gap LR","Gap Naive","Obj. Naive","Obj. LR","Gap","Time Naive","Time LR","Final Lambda","LB Heuristic"
100.00000,0.01000,1.00000,10.00000,0.00000,0.01251,0.00000,269.93166,273.35186,0.01251,50.00000,611.00000,5.20178,269.93166
100.00000,0.01000,2.00000,10.00000,0.00000,0.00756,0.00000,269.93166,271.98686,0.00756,50.00000,312.00000,2.47299,269.93166
100.00000,0.01000,3.00000,10.00000,0.00000,0.01286,0.00000,269.93166,273.44877,0.01286,50.00000,506.00000,5.31138,269.93166
100.00000,0.01000,4.00000,10.00000,0.00000,0.01291,0.00000,269.93166,273.46334,0.01291,50.00000,455.00000,5.32667,269.93166
100.00000,0.01000,5.00000,10.00000,0.00000,0.01300,0.00000,269.93166,273.48686,0.01300,50.00000,208.00000,0.11691,269.93166
100.00000,0.01000,6.00000,10.00000,0.00000,0.00359,0.00000,269.93166,270.90457,0.00359,50.00000,523.00000,2.63267,269.93166
