"Omega","Tolerance","Step Size Rule","Iterations","Converged?","Gap LR","Gap Naive","Obj. Naive","Obj. LR","Gap","Time Naive","Time LR","Final Lambda"
900.00000,0.07000,1.00000,1.00000,1.00000,0.00000,0.17940,-239.37917,-249.63134,248.63134,4350.00000,2109.00000,0.30643
900.00000,0.07000,2.00000,1.00000,1.00000,0.00000,0.17940,-239.37917,-249.63134,248.63134,4350.00000,2108.00000,0.30643
900.00000,0.07000,3.00000,1.00000,1.00000,0.00000,0.17940,-239.37917,-249.63134,248.63134,4350.00000,2109.00000,0.30643
900.00000,0.07000,4.00000,1.00000,1.00000,0.00000,0.17940,-239.37917,-249.63134,248.63134,4350.00000,2109.00000,0.30643
900.00000,0.07000,5.00000,1.00000,1.00000,0.00000,0.17940,-239.37917,-249.63134,248.63134,4350.00000,2109.00000,0.30643
900.00000,0.07000,6.00000,1.00000,1.00000,0.00000,0.17940,-239.37917,-249.63134,248.63134,4350.00000,2108.00000,0.30643
