"Omega","Tolerance","Step Size Rule","Iterations","Converged?","Gap LR","Gap Naive","Obj. Naive","Obj. LR","Gap","Time Naive","Time LR","Final Lambda","LB Heuristic"
900.00000,0.07000,1.00000,4.00000,0.00000,0.07620,0.17837,239.37917,268.65325,0.07080,4237.00000,2647.00000,10.66500,249.63134
900.00000,0.07000,2.00000,2.00000,0.00000,0.07603,0.17837,239.37917,268.61010,0.07066,4237.00000,2631.00000,0.27489,249.63134
900.00000,0.07000,3.00000,3.00000,0.00000,0.07620,0.17837,239.37917,268.65325,0.07080,4237.00000,2651.00000,4.75593,249.63134
900.00000,0.07000,4.00000,3.00000,0.00000,0.07620,0.17837,239.37917,268.65325,0.07080,4237.00000,3141.00000,2.91169,249.63134
900.00000,0.07000,5.00000,4.00000,0.00000,0.07620,0.17837,239.37917,268.65325,0.07080,4237.00000,2525.00000,0.14276,249.63134
900.00000,0.07000,6.00000,3.00000,0.00000,0.07620,0.17837,239.37917,268.65325,0.07080,4237.00000,4275.00000,0.00000,249.63134
