"Omega","Tolerance","Step Size Rule","Iterations","Converged?","Gap LR","Gap Naive","Obj. Naive","Obj. LR","Gap","Time Naive","Time LR","Final Lambda"
900.00000,0.07000,1.00000,2.00000,0.00000,0.03485,0.18169,-239.37917,-258.33120,0.03368,2954.00000,2659.00000,12.55500
900.00000,0.07000,2.00000,1.00000,0.00000,0.03485,0.18169,-239.37917,-258.33120,0.03368,2954.00000,2260.00000,0.28262
900.00000,0.07000,3.00000,2.00000,0.00000,0.03485,0.18169,-239.37917,-258.33120,0.03368,2954.00000,2686.00000,5.02200
900.00000,0.07000,4.00000,1.00000,0.00000,0.03485,0.18169,-239.37917,-258.33120,0.03368,2954.00000,2273.00000,0.00000
900.00000,0.07000,5.00000,1.00000,0.00000,0.03485,0.18169,-239.37917,-258.33120,0.03368,2954.00000,2311.00000,0.21119
900.00000,0.07000,6.00000,2.00000,0.00000,0.03485,0.18169,-239.37917,-258.33120,0.03368,2954.00000,2477.00000,0.66551
