"Omega","Tolerance","Step Size Rule","Iterations","Converged?","Gap LR","Gap Naive","Obj. Naive","Obj. LR","Gap","Time Naive","Time LR","Final Lambda"
900.00000,0.07000,1.00000,1.00000,0.00000,0.07192,0.17890,-239.37917,-267.58601,0.11783,2901.00000,2908.00000,0.00000
900.00000,0.07000,2.00000,1.00000,0.00000,0.07192,0.17890,-239.37917,-267.58601,0.11783,2901.00000,2910.00000,0.27643
900.00000,0.07000,3.00000,1.00000,0.00000,0.07192,0.17890,-239.37917,-267.58601,0.11783,2901.00000,2918.00000,0.00000
900.00000,0.07000,4.00000,1.00000,0.00000,0.07192,0.17890,-239.37917,-267.58601,0.11783,2901.00000,2920.00000,0.05643
900.00000,0.07000,5.00000,1.00000,0.00000,0.07192,0.17890,-239.37917,-267.58601,0.11783,2901.00000,2919.00000,0.18643
900.00000,0.07000,6.00000,1.00000,0.00000,0.07192,0.17890,-239.37917,-267.58601,0.11783,2901.00000,2837.00000,0.00000
