"Omega","Tolerance","Step Size Rule","Iterations","Converged?","Gap LR","Gap Naive","Obj. Naive","Obj. LR","Gap","Time Naive","Time LR","Final Lambda"
100.00000,0.05000,1.00000,10.00000,0.00000,0.06420,0.00000,-279.18201,-297.10673,0.06420,5.00000,3.00000,27.77858
100.00000,0.05000,2.00000,10.00000,0.00000,0.04809,0.00000,-279.18201,-292.60673,0.04809,5.00000,28.00000,2.83122
100.00000,0.05000,3.00000,10.00000,0.00000,0.06420,0.00000,-279.18201,-297.10673,0.06420,5.00000,2.00000,22.72889
100.00000,0.05000,4.00000,10.00000,0.00000,0.06420,0.00000,-279.18201,-297.10673,0.06420,5.00000,2.00000,40.22609
100.00000,0.05000,5.00000,10.00000,0.00000,0.05407,0.00000,-279.18201,-294.27777,0.05407,5.00000,26.00000,2.80942
100.00000,0.05000,6.00000,10.00000,0.00000,0.01357,0.00000,-279.18201,-282.97141,0.01357,5.00000,15.00000,2.82516
