"Omega","Tolerance","Step Size Rule","Iterations","Converged?","Gap LR","Gap Naive","Obj. Naive","Obj. LR","Gap","Time Naive","Time LR","Final Lambda","LB Heuristic"
600.00000,0.05000,1.00000,3.00000,0.00000,0.03776,0.11996,251.51415,264.12518,0.03638,4292.00000,2785.00000,8.15993,254.51549
600.00000,0.05000,2.00000,2.00000,0.00000,0.03776,0.11996,251.51415,264.12518,0.03638,4292.00000,2437.00000,0.39487,254.51549
600.00000,0.05000,3.00000,3.00000,0.00000,0.03776,0.11996,251.51415,264.12518,0.03638,4292.00000,3175.00000,3.52493,254.51549
600.00000,0.05000,4.00000,3.00000,0.00000,0.03776,0.11996,251.51415,264.12518,0.03638,4292.00000,3391.00000,2.24858,254.51549
600.00000,0.05000,5.00000,3.00000,0.00000,0.03776,0.11996,251.51415,264.12518,0.03638,4292.00000,2500.00000,0.22793,254.51549
600.00000,0.05000,6.00000,3.00000,0.00000,0.03776,0.11996,251.51415,264.12518,0.03638,4292.00000,4374.00000,0.11073,254.51549
