"Omega","Tolerance","Step Size Rule","Iterations","Converged?","Gap LR","Gap Naive","Obj. Naive","Obj. LR","Gap","Time Naive","Time LR","Final Lambda","LB Heuristic"
600.00000,0.05000,1.00000,3.00000,0.00000,0.03776,0.11996,251.51415,264.12518,0.03638,4293.00000,2792.00000,8.15993,254.51549
600.00000,0.05000,2.00000,2.00000,0.00000,0.03776,0.11996,251.51415,264.12518,0.03638,4293.00000,2423.00000,0.39487,254.51549
600.00000,0.05000,3.00000,2.00000,0.00000,0.03776,0.11996,251.51415,264.12518,0.03638,4293.00000,2413.00000,3.67493,254.51549
600.00000,0.05000,4.00000,2.00000,0.00000,0.03776,0.11996,251.51415,264.12518,0.03638,4293.00000,2449.00000,2.33518,254.51549
600.00000,0.05000,5.00000,2.00000,0.00000,0.03776,0.11996,251.51415,264.12518,0.03638,4293.00000,2477.00000,0.22442,254.51549
600.00000,0.05000,6.00000,3.00000,0.00000,0.03776,0.11996,251.51415,264.12518,0.03638,4293.00000,4383.00000,0.11073,254.51549
