"Omega","Tolerance","Step Size Rule","Iterations","Converged?","Gap LR","Gap Naive","Obj. Naive","Obj. LR","Gap","Time Naive","Time LR","Final Lambda"
600.00000,0.05000,1.00000,2.00000,0.00000,0.03998,0.11996,-251.51415,-264.69161,0.03845,2871.00000,2339.00000,8.55000
600.00000,0.05000,2.00000,2.00000,0.00000,0.03998,0.11996,-251.51415,-264.69161,0.03845,2871.00000,2430.00000,0.40256
600.00000,0.05000,3.00000,2.00000,0.00000,0.03998,0.11996,-251.51415,-264.69161,0.03845,2871.00000,2390.00000,3.64493
600.00000,0.05000,4.00000,2.00000,0.00000,0.03998,0.11996,-251.51415,-264.69161,0.03845,2871.00000,2891.00000,2.31518
600.00000,0.05000,5.00000,2.00000,0.00000,0.03998,0.11996,-251.51415,-264.69161,0.03845,2871.00000,2512.00000,0.25519
600.00000,0.05000,6.00000,2.00000,0.00000,0.03998,0.11996,-251.51415,-264.69161,0.03845,2871.00000,2345.00000,0.97350
