"Omega","Tolerance","Step Size Rule","Iterations","Converged?","Gap LR","Gap Naive","Obj. Naive","Obj. LR","Gap","Time Naive","Time LR","Final Lambda","LB Heuristic"
600.00000,0.05000,1.00000,3.00000,0.00000,0.03776,0.11787,251.51415,264.12518,0.03638,4243.00000,2512.00000,8.15993,254.51549
600.00000,0.05000,2.00000,3.00000,0.00000,0.03776,0.11787,251.51415,264.12518,0.03638,4243.00000,2602.00000,0.39750,254.51549
600.00000,0.05000,3.00000,3.00000,0.00000,0.03776,0.11787,251.51415,264.12518,0.03638,4243.00000,2770.00000,3.52493,254.51549
600.00000,0.05000,4.00000,3.00000,0.00000,0.03776,0.11787,251.51415,264.12518,0.03638,4243.00000,3047.00000,2.24858,254.51549
600.00000,0.05000,5.00000,3.00000,0.00000,0.03776,0.11787,251.51415,264.12518,0.03638,4243.00000,2493.00000,0.22793,254.51549
600.00000,0.05000,6.00000,3.00000,0.00000,0.03776,0.11787,251.51415,264.12518,0.03638,4243.00000,4339.00000,0.11073,254.51549
