"Omega","Tolerance","Step Size Rule","Iterations","Converged?","Gap LR","Gap Naive","Obj. Naive","Obj. LR","Gap","Time Naive","Time LR","Final Lambda","LB Heuristic"
600.00000,0.05000,1.00000,3.00000,0.00000,0.04763,0.09271,258.00586,266.63763,0.03237,4235.00000,2430.00000,8.23493,254.51549
600.00000,0.05000,2.00000,3.00000,0.00000,0.04763,0.09271,258.00586,266.63763,0.03237,4235.00000,2422.00000,0.38376,254.51549
600.00000,0.05000,3.00000,3.00000,0.00000,0.04763,0.09271,258.00586,266.63763,0.03237,4235.00000,2573.00000,3.56243,254.51549
600.00000,0.05000,4.00000,3.00000,0.00000,0.04763,0.09271,258.00586,266.63763,0.03237,4235.00000,2668.00000,2.27358,254.51549
600.00000,0.05000,5.00000,3.00000,0.00000,0.04763,0.09271,258.00586,266.63763,0.03237,4235.00000,2411.00000,0.17299,254.51549
600.00000,0.05000,6.00000,3.00000,0.00000,0.04763,0.09271,258.00586,266.63763,0.03237,4235.00000,4285.00000,0.07578,254.51549
