"Omega","Tolerance","Step Size Rule","Iterations","Converged?","Gap LR","Gap Naive","Obj. Naive","Obj. LR","Gap","Time Naive","Time LR","Final Lambda"
600.00000,0.05000,1.00000,3.00000,0.00000,0.03776,0.11996,-251.51415,-264.12518,263.16156,4290.00000,2801.00000,8.15993
600.00000,0.05000,2.00000,2.00000,0.00000,0.03776,0.11996,-251.51415,-264.12518,263.16156,4290.00000,2419.00000,0.39487
600.00000,0.05000,3.00000,2.00000,0.00000,0.03776,0.11996,-251.51415,-264.12518,263.16156,4290.00000,2402.00000,3.67493
600.00000,0.05000,4.00000,2.00000,0.00000,0.03776,0.11996,-251.51415,-264.12518,263.16156,4290.00000,2444.00000,2.33518
600.00000,0.05000,5.00000,2.00000,0.00000,0.03776,0.11996,-251.51415,-264.12518,263.16156,4290.00000,2460.00000,0.22442
600.00000,0.05000,6.00000,3.00000,0.00000,0.03776,0.11996,-251.51415,-264.12518,263.16156,4290.00000,4390.00000,0.11073
