"Omega","Tolerance","Step Size Rule","Iterations","Converged?","Gap LR","Gap Naive","Obj. Naive","Obj. LR","Gap","Time Naive","Time LR","Final Lambda","LB Heuristic"
600.00000,0.05000,1.00000,4.00000,0.00000,0.03776,0.11682,251.51415,264.12518,0.03638,4230.00000,2528.00000,7.70993,254.51549
600.00000,0.05000,2.00000,4.00000,0.00000,0.03776,0.11682,251.51415,264.12518,0.03638,4230.00000,2505.00000,0.40013,254.51549
600.00000,0.05000,3.00000,3.00000,0.00000,0.03776,0.11682,251.51415,264.12518,0.03638,4230.00000,2558.00000,3.52493,254.51549
600.00000,0.05000,4.00000,3.00000,0.00000,0.03776,0.11682,251.51415,264.12518,0.03638,4230.00000,2821.00000,2.24858,254.51549
600.00000,0.05000,5.00000,3.00000,0.00000,0.03776,0.11682,251.51415,264.12518,0.03638,4230.00000,2498.00000,0.22793,254.51549
600.00000,0.05000,6.00000,3.00000,0.00000,0.03776,0.11682,251.51415,264.12518,0.03638,4230.00000,4326.00000,0.11073,254.51549
