"Omega","Tolerance","Step Size Rule","Iterations","Converged?","Gap LR","Gap Naive","Obj. Naive","Obj. LR","Gap","Time Naive","Time LR","Final Lambda"
600.00000,0.03000,1.00000,1.00000,0.00000,0.03652,0.12231,-241.45824,-257.07833,0.06469,2847.00000,2846.00000,0.47210
600.00000,0.03000,2.00000,1.00000,0.00000,0.03652,0.12231,-241.45824,-257.07833,0.06469,2847.00000,2847.00000,0.36282
600.00000,0.03000,3.00000,1.00000,0.00000,0.03652,0.12231,-241.45824,-257.07833,0.06469,2847.00000,2854.00000,0.52460
600.00000,0.03000,4.00000,1.00000,0.00000,0.03652,0.12231,-241.45824,-257.07833,0.06469,2847.00000,2851.00000,0.54210
600.00000,0.03000,5.00000,1.00000,0.00000,0.03652,0.12231,-241.45824,-257.07833,0.06469,2847.00000,2849.00000,0.00000
600.00000,0.03000,6.00000,1.00000,0.00000,0.03652,0.12231,-241.45824,-257.07833,0.06469,2847.00000,2839.00000,0.00000
