"Omega","Tolerance","Step Size Rule","Iterations","Converged?","Gap LR","Gap Naive","Obj. Naive","Obj. LR","Gap","Time Naive","Time LR","Final Lambda","LB Heuristic"
600.00000,0.03000,1.00000,3.00000,0.00000,0.00854,0.12466,241.45824,250.13930,0.00847,4284.00000,2667.00000,8.81210,248.02085
600.00000,0.03000,2.00000,2.00000,0.00000,0.01870,0.12466,241.45824,252.65817,0.01835,4284.00000,2418.00000,0.39218,248.02085
600.00000,0.03000,3.00000,2.00000,0.00000,0.01870,0.12466,241.45824,252.65817,0.01835,4284.00000,4224.00000,0.48110,248.02085
600.00000,0.03000,4.00000,2.00000,0.00000,0.01870,0.12466,241.45824,252.65817,0.01835,4284.00000,4218.00000,0.51589,248.02085
600.00000,0.03000,5.00000,3.00000,0.00000,0.03436,0.12466,241.45824,256.54401,0.03322,4284.00000,2403.00000,0.00859,248.02085
600.00000,0.03000,6.00000,3.00000,0.00000,0.03436,0.12466,241.45824,256.54401,0.03322,4284.00000,4360.00000,0.00000,248.02085
