"Omega","Tolerance","Step Size Rule","Iterations","Converged?","Gap LR","Gap Naive","Obj. Naive","Obj. LR","Gap","Time Naive","Time LR","Final Lambda"
600.00000,0.03000,1.00000,2.00000,0.00000,0.02136,0.12466,-241.45824,-242.72275,-0.02183,2889.00000,4330.00000,0.14210
600.00000,0.03000,2.00000,2.00000,0.00000,0.02643,0.12466,-241.45824,-254.57582,0.02575,2889.00000,4322.00000,0.30438
600.00000,0.03000,3.00000,2.00000,0.00000,0.01537,0.12466,-241.45824,-244.20775,-0.01561,2889.00000,4331.00000,0.38660
600.00000,0.03000,4.00000,2.00000,0.00000,0.03248,0.12466,-241.45824,-256.07582,0.03146,2889.00000,4289.00000,0.51503
600.00000,0.03000,5.00000,3.00000,0.00000,0.03652,0.12466,-241.45824,-257.07833,0.03523,2889.00000,2379.00000,0.00859
600.00000,0.03000,6.00000,3.00000,0.00000,0.03652,0.12466,-241.45824,-257.07833,0.03523,2889.00000,4264.00000,0.00000
