"Omega","Tolerance","Step Size Rule","Iterations","Converged?","Gap LR","Gap Naive","Obj. Naive","Obj. LR","Gap","Time Naive","Time LR","Final Lambda","LB Heuristic"
600.00000,0.03000,1.00000,4.00000,0.00000,0.03197,0.00000,249.61546,255.95115,0.02475,2140.00000,2406.00000,8.55710,248.02085
600.00000,0.03000,2.00000,2.00000,0.00000,0.03542,0.00000,249.61546,256.80547,0.02800,2140.00000,4205.00000,0.41301,248.02085
600.00000,0.03000,3.00000,2.00000,0.00000,0.03783,0.00000,249.61546,257.40427,0.03026,2140.00000,4208.00000,0.49910,248.02085
600.00000,0.03000,4.00000,2.00000,0.00000,0.03443,0.00000,249.61546,256.55931,0.02707,2140.00000,4210.00000,0.52943,248.02085
600.00000,0.03000,5.00000,5.00000,0.00000,0.03443,0.00000,249.61546,256.55931,0.02707,2140.00000,2401.00000,0.01323,248.02085
600.00000,0.03000,6.00000,3.00000,0.00000,0.03542,0.00000,249.61546,256.80547,0.02800,2140.00000,4135.00000,0.00000,248.02085
