"Omega","Tolerance","Step Size Rule","Iterations","Converged?","Gap LR","Gap Naive","Obj. Naive","Obj. LR","Gap","Time Naive","Time LR","Final Lambda","LB Heuristic"
600.00000,0.03000,1.00000,2.00000,0.00000,0.03421,0.00000,249.61546,256.80547,0.02800,2703.00000,4207.00000,0.56210,248.02085
600.00000,0.03000,2.00000,2.00000,0.00000,0.03421,0.00000,249.61546,256.80547,0.02800,2703.00000,4205.00000,0.41301,248.02085
600.00000,0.03000,3.00000,2.00000,0.00000,0.03421,0.00000,249.61546,256.80547,0.02800,2703.00000,4206.00000,0.49160,248.02085
600.00000,0.03000,4.00000,2.00000,0.00000,0.03421,0.00000,249.61546,256.80547,0.02800,2703.00000,4206.00000,0.50735,248.02085
600.00000,0.03000,5.00000,6.00000,0.00000,0.03645,0.00000,249.61546,257.40427,0.03026,2703.00000,2456.00000,0.01495,248.02085
600.00000,0.03000,6.00000,3.00000,0.00000,0.03645,0.00000,249.61546,257.40427,0.03026,2703.00000,3934.00000,0.00000,248.02085
