"Omega","Tolerance","Step Size Rule","Iterations","Converged?","Gap LR","Gap Naive","Obj. Naive","Obj. LR","Gap","Time Naive","Time LR","Final Lambda","LB Heuristic"
600.00000,0.03000,1.00000,2.00000,0.00000,0.03436,0.00000,249.61546,256.54401,0.02701,4201.00000,4210.00000,0.44210,248.02085
600.00000,0.03000,2.00000,3.00000,0.00000,0.03436,0.00000,249.61546,256.54401,0.02701,4201.00000,2513.00000,0.33226,248.02085
600.00000,0.03000,3.00000,2.00000,0.00000,0.03436,0.00000,249.61546,256.54401,0.02701,4201.00000,4210.00000,0.49010,248.02085
600.00000,0.03000,4.00000,2.00000,0.00000,0.03436,0.00000,249.61546,256.54401,0.02701,4201.00000,4211.00000,0.52943,248.02085
600.00000,0.03000,5.00000,3.00000,0.00000,0.03436,0.00000,249.61546,256.54401,0.02701,4201.00000,2460.00000,0.00859,248.02085
600.00000,0.03000,6.00000,3.00000,0.00000,0.03436,0.00000,249.61546,256.54401,0.02701,4201.00000,4331.00000,0.00000,248.02085
