"Omega","Tolerance","Step Size Rule","Iterations","Converged?","Gap LR","Gap Naive","Obj. Naive","Obj. LR","Gap","Time Naive","Time LR","Final Lambda"
600.00000,0.03000,1.00000,3.00000,0.00000,0.00854,0.12466,-241.45824,-250.13930,249.14777,4277.00000,2683.00000,8.81210
600.00000,0.03000,2.00000,2.00000,0.00000,0.01870,0.12466,-241.45824,-252.65817,251.67653,4277.00000,2416.00000,0.39218
600.00000,0.03000,3.00000,2.00000,0.00000,0.01870,0.12466,-241.45824,-252.65817,251.67653,4277.00000,4216.00000,0.48110
600.00000,0.03000,4.00000,2.00000,0.00000,0.01870,0.12466,-241.45824,-252.65817,251.67653,4277.00000,4220.00000,0.51589
600.00000,0.03000,5.00000,4.00000,0.00000,0.03436,0.12466,-241.45824,-256.54401,255.57723,4277.00000,2554.00000,0.01117
600.00000,0.03000,6.00000,3.00000,0.00000,0.03436,0.12466,-241.45824,-256.54401,255.57723,4277.00000,4361.00000,0.00000
