"Omega","Tolerance","Step Size Rule","Iterations","Converged?","Gap LR","Gap Naive","Obj. Naive","Obj. LR","Gap","Time Naive","Time LR","Final Lambda"
100.00000,0.03000,1.00000,10.00000,0.00000,0.01681,0.00000,-280.24694,-284.95775,0.01681,4.00000,3.00000,37.83659
100.00000,0.03000,2.00000,10.00000,0.00000,0.01681,0.00000,-280.24694,-284.95775,0.01681,4.00000,16.00000,2.71631
100.00000,0.03000,3.00000,10.00000,0.00000,0.01681,0.00000,-280.24694,-284.95775,0.01681,4.00000,3.00000,16.47344
100.00000,0.03000,4.00000,10.00000,0.00000,0.01681,0.00000,-280.24694,-284.95775,0.01681,4.00000,3.00000,30.66043
100.00000,0.03000,5.00000,10.00000,0.00000,0.01681,0.00000,-280.24694,-284.95775,0.01681,4.00000,3.00000,2.52314
100.00000,0.03000,6.00000,10.00000,0.00000,0.01663,0.00000,-280.24694,-284.90879,0.01663,4.00000,7.00000,2.60174
