"Omega","Tolerance","Step Size Rule","Iterations","Converged?","Gap LR","Gap Naive","Obj. Naive","Obj. LR","Gap","Time Naive","Time LR","Final Lambda"
900.00000,0.03000,1.00000,2.00000,0.00000,0.02787,0.12816,-242.83616,-252.47565,0.02711,2930.00000,2732.00000,13.09500
900.00000,0.03000,2.00000,1.00000,0.00000,0.02787,0.12816,-242.83616,-252.47565,0.02711,2930.00000,2259.00000,0.30146
900.00000,0.03000,3.00000,1.00000,0.00000,0.02787,0.12816,-242.83616,-252.47565,0.02711,2930.00000,2252.00000,0.15452
900.00000,0.03000,4.00000,1.00000,0.00000,0.02787,0.12816,-242.83616,-252.47565,0.02711,2930.00000,2260.00000,0.22202
900.00000,0.03000,5.00000,1.00000,0.00000,0.02787,0.12816,-242.83616,-252.47565,0.02711,2930.00000,2254.00000,0.13480
900.00000,0.03000,6.00000,2.00000,0.00000,0.02787,0.12816,-242.83616,-252.47565,0.02711,2930.00000,2645.00000,0.62644
