"Omega","Tolerance","Step Size Rule","Iterations","Converged?","Gap LR","Gap Naive","Obj. Naive","Obj. LR","Gap","Time Naive","Time LR","Final Lambda","LB Heuristic"
900.00000,0.03000,1.00000,2.00000,0.00000,0.04092,0.12800,242.83616,255.68161,0.03931,4345.00000,2415.00000,13.09500,245.63074
900.00000,0.03000,2.00000,2.00000,1.00000,0.00000,0.12800,242.83616,245.63074,0.00000,4345.00000,4216.00000,0.29452,245.63074
900.00000,0.03000,3.00000,2.00000,0.00000,0.04092,0.12800,242.83616,255.68161,0.03931,4345.00000,2713.00000,5.41502,245.63074
900.00000,0.03000,4.00000,1.00000,1.00000,0.00000,0.12800,242.83616,245.63074,0.00000,4345.00000,2109.00000,0.35702,245.63074
900.00000,0.03000,5.00000,2.00000,0.00000,0.04092,0.12800,242.83616,255.68161,0.03931,4345.00000,2458.00000,0.11045,245.63074
900.00000,0.03000,6.00000,3.00000,0.00000,0.04092,0.12800,242.83616,255.68161,0.03931,4345.00000,4496.00000,0.00000,245.63074
