"Omega","Tolerance","Step Size Rule","Iterations","Converged?","Gap LR","Gap Naive","Obj. Naive","Obj. LR","Gap","Time Naive","Time LR","Final Lambda"
900.00000,0.03000,1.00000,1.00000,0.00000,0.06171,0.12798,-242.83616,-260.78914,0.07393,2892.00000,2917.00000,0.13202
900.00000,0.03000,2.00000,1.00000,0.00000,0.06171,0.12798,-242.83616,-260.78914,0.07393,2892.00000,2917.00000,0.25702
900.00000,0.03000,3.00000,1.00000,0.00000,0.06171,0.12798,-242.83616,-260.78914,0.07393,2892.00000,2912.00000,0.24452
900.00000,0.03000,4.00000,1.00000,0.00000,0.06171,0.12798,-242.83616,-260.78914,0.07393,2892.00000,2910.00000,0.28202
900.00000,0.03000,5.00000,1.00000,0.00000,0.06171,0.12798,-242.83616,-260.78914,0.07393,2892.00000,2917.00000,0.00000
900.00000,0.03000,6.00000,1.00000,0.00000,0.06171,0.12798,-242.83616,-260.78914,0.07393,2892.00000,2879.00000,0.00000
