"Omega","Tolerance","Step Size Rule","Iterations","Converged?","Gap LR","Gap Naive","Obj. Naive","Obj. LR","Gap","Time Naive","Time LR","Final Lambda","LB Heuristic"
900.00000,0.03000,2.00000,2.00000,0.00000,0.03481,0.12798,242.83616,254.18161,0.03364,4273.00000,4208.00000,0.23202,245.63074
900.00000,0.03000,3.00000,2.00000,0.00000,0.04092,0.12798,242.83616,255.68161,0.03931,4273.00000,2504.00000,5.41502,245.63074
900.00000,0.03000,4.00000,2.00000,0.00000,0.04092,0.12798,242.83616,255.68161,0.03931,4273.00000,2445.00000,3.32354,245.63074
900.00000,0.03000,5.00000,3.00000,0.00000,0.04092,0.12798,242.83616,255.68161,0.03931,4273.00000,2709.00000,0.11275,245.63074
900.00000,0.03000,6.00000,3.00000,0.00000,0.04092,0.12798,242.83616,255.68161,0.03931,4273.00000,4462.00000,0.00000,245.63074
