"Omega","Tolerance","Step Size Rule","Iterations","Converged?","Gap LR","Gap Naive","Obj. Naive","Obj. LR","Gap","Time Naive","Time LR","Final Lambda"
900.00000,0.01000,1.00000,2.00000,0.00000,0.00431,0.01198,-274.47217,-276.87613,0.00876,2128.00000,3816.00000,0.36381
900.00000,0.01000,2.00000,2.00000,0.00000,0.00273,0.01198,-274.47217,-276.44170,0.00718,2128.00000,3770.00000,0.85631
900.00000,0.01000,3.00000,2.00000,0.00000,0.00551,0.01198,-274.47217,-277.20770,0.00997,2128.00000,3593.00000,0.43581
900.00000,0.01000,4.00000,2.00000,0.00000,0.00609,0.01198,-274.47217,-277.36770,0.01055,2128.00000,2627.00000,0.47552
900.00000,0.01000,5.00000,10.00000,0.00000,0.00725,0.01198,-274.47217,-277.68770,0.01172,2128.00000,1364.00000,0.01299
900.00000,0.01000,6.00000,6.00000,0.00000,0.00441,0.01198,-274.47217,-276.90544,0.00887,2128.00000,2560.00000,0.90226
