"Omega","Tolerance","Step Size Rule","Iterations","Converged?","Gap LR","Gap Naive","Obj. Naive","Obj. LR","Gap","Time Naive","Time LR","Final Lambda"
100.00000,0.05000,1.00000,10.00000,0.00000,0.06084,0.00000,-283.13660,-299.68146,0.05843,6.00000,1.00000,27.79421
100.00000,0.05000,2.00000,10.00000,0.00000,0.04491,0.00000,-283.13660,-295.18146,0.04254,6.00000,24.00000,2.84684
100.00000,0.05000,3.00000,10.00000,0.00000,0.06084,0.00000,-283.13660,-299.68146,0.05843,6.00000,1.00000,22.74451
100.00000,0.05000,4.00000,10.00000,0.00000,0.06084,0.00000,-283.13660,-299.68146,0.05843,6.00000,2.00000,40.24171
100.00000,0.05000,5.00000,10.00000,0.00000,0.05083,0.00000,-283.13660,-296.85249,0.04844,6.00000,21.00000,2.82504
100.00000,0.05000,6.00000,10.00000,0.00000,0.01960,0.00000,-283.13660,-288.03227,0.01729,6.00000,15.00000,2.28292
