"Omega","Tolerance","Step Size Rule","Iterations","Converged?","Gap LR","Gap Naive","Obj. Naive","Obj. LR","Gap","Time Naive","Time LR","Final Lambda"
600.00000,0.05000,1.00000,3.00000,0.00000,0.00261,0.16854,-235.47147,-248.94457,247.94718,4285.00000,2811.00000,8.10466
600.00000,0.05000,2.00000,2.00000,0.00000,0.00261,0.16854,-235.47147,-248.94457,247.94718,4285.00000,2963.00000,0.40729
600.00000,0.05000,3.00000,2.00000,0.00000,0.00261,0.16854,-235.47147,-248.94457,247.94718,4285.00000,2420.00000,3.64966
600.00000,0.05000,4.00000,3.00000,0.00000,0.00261,0.16854,-235.47147,-248.94457,247.94718,4285.00000,4287.00000,2.24197
600.00000,0.05000,5.00000,3.00000,0.00000,0.03984,0.16854,-235.47147,-258.18782,257.22613,4285.00000,2406.00000,0.00877
600.00000,0.05000,6.00000,3.00000,0.00000,0.03984,0.16854,-235.47147,-258.18782,257.22613,4285.00000,4347.00000,0.01634
