"Omega","Tolerance","Step Size Rule","Iterations","Converged?","Gap LR","Gap Naive","Obj. Naive","Obj. LR","Gap","Time Naive","Time LR","Final Lambda"
600.00000,0.05000,1.00000,1.00000,0.00000,0.05403,0.16854,-235.47147,-261.71309,0.11144,2852.00000,2843.00000,0.24466
600.00000,0.05000,2.00000,1.00000,0.00000,0.05403,0.16854,-235.47147,-261.71309,0.11144,2852.00000,2847.00000,0.34751
600.00000,0.05000,3.00000,1.00000,0.00000,0.05403,0.16854,-235.47147,-261.71309,0.11144,2852.00000,2853.00000,0.34966
600.00000,0.05000,4.00000,1.00000,0.00000,0.05403,0.16854,-235.47147,-261.71309,0.11144,2852.00000,2850.00000,0.38466
600.00000,0.05000,5.00000,1.00000,0.00000,0.05403,0.16854,-235.47147,-261.71309,0.11144,2852.00000,2849.00000,0.02608
600.00000,0.05000,6.00000,1.00000,0.00000,0.05403,0.16854,-235.47147,-261.71309,0.11144,2852.00000,2838.00000,0.00000
