"Omega","Tolerance","Step Size Rule","Iterations","Converged?","Gap LR","Gap Naive","Obj. Naive","Obj. LR","Gap","Time Naive","Time LR","Final Lambda"
600.00000,0.05000,1.00000,2.00000,0.00000,0.00261,0.16855,-235.47147,-248.94457,0.00260,2879.00000,2417.00000,8.55466
600.00000,0.05000,2.00000,2.00000,0.00000,0.00261,0.16855,-235.47147,-248.94457,0.00260,2879.00000,2908.00000,0.40729
600.00000,0.05000,3.00000,2.00000,0.00000,0.00261,0.16855,-235.47147,-248.94457,0.00260,2879.00000,2453.00000,3.64966
600.00000,0.05000,4.00000,2.00000,0.00000,0.00261,0.16855,-235.47147,-248.94457,0.00260,2879.00000,2552.00000,2.31991
600.00000,0.05000,5.00000,2.00000,0.00000,0.00261,0.16855,-235.47147,-248.94457,0.00260,2879.00000,2557.00000,0.25992
600.00000,0.05000,6.00000,2.00000,0.00000,0.00261,0.16855,-235.47147,-248.94457,0.00260,2879.00000,2386.00000,0.58081
