"Omega","Tolerance","Step Size Rule","Iterations","Converged?","Gap LR","Gap Naive","Obj. Naive","Obj. LR","Gap","Time Naive","Time LR","Final Lambda","LB Heuristic"
600.00000,0.05000,1.00000,2.00000,0.00000,0.03984,0.16854,235.47147,258.18782,0.03831,4303.00000,2612.00000,8.94466,248.29647
600.00000,0.05000,2.00000,2.00000,0.00000,0.03984,0.16854,235.47147,258.18782,0.03831,4303.00000,2420.00000,0.08229,248.29647
600.00000,0.05000,3.00000,2.00000,0.00000,0.03984,0.16854,235.47147,258.18782,0.03831,4303.00000,4219.00000,3.84466,248.29647
600.00000,0.05000,4.00000,2.00000,0.00000,0.01645,0.16854,235.47147,252.38161,0.01619,4303.00000,4214.00000,0.34627,248.29647
600.00000,0.05000,5.00000,4.00000,0.00000,0.03984,0.16854,235.47147,258.18782,0.03831,4303.00000,2430.00000,0.01140,248.29647
600.00000,0.05000,6.00000,3.00000,0.00000,0.03984,0.16854,235.47147,258.18782,0.03831,4303.00000,4313.00000,0.00000,248.29647
