"Omega","Tolerance","Step Size Rule","Iterations","Converged?","Gap LR","Gap Naive","Obj. Naive","Obj. LR","Gap","Time Naive","Time LR","Final Lambda","LB Heuristic"
600.00000,0.05000,1.00000,2.00000,0.00000,0.03984,0.16854,235.47147,258.18782,0.03831,4252.00000,2453.00000,8.94466,248.29647
600.00000,0.05000,2.00000,3.00000,0.00000,0.03984,0.16854,235.47147,258.18782,0.03831,4252.00000,2518.00000,0.08492,248.29647
600.00000,0.05000,3.00000,2.00000,0.00000,0.03984,0.16854,235.47147,258.18782,0.03831,4252.00000,4214.00000,3.84466,248.29647
600.00000,0.05000,4.00000,2.00000,0.00000,0.01645,0.16854,235.47147,252.38161,0.01619,4252.00000,4214.00000,0.34627,248.29647
600.00000,0.05000,5.00000,4.00000,0.00000,0.03984,0.16854,235.47147,258.18782,0.03831,4252.00000,2504.00000,0.01140,248.29647
600.00000,0.05000,6.00000,2.00000,0.00000,0.00261,0.16854,235.47147,248.94457,0.00260,4252.00000,2645.00000,0.58081,248.29647
