"Omega","Tolerance","Step Size Rule","Iterations","Converged?","Gap LR","Gap Naive","Obj. Naive","Obj. LR","Gap","Time Naive","Time LR","Final Lambda","LB Heuristic"
600.00000,0.05000,1.00000,3.00000,0.00000,0.00261,0.16854,235.47147,248.94457,0.00260,4297.00000,2788.00000,8.10466,248.29647
600.00000,0.05000,2.00000,2.00000,0.00000,0.00261,0.16854,235.47147,248.94457,0.00260,4297.00000,2927.00000,0.40729,248.29647
600.00000,0.05000,3.00000,2.00000,0.00000,0.00261,0.16854,235.47147,248.94457,0.00260,4297.00000,2406.00000,3.64966,248.29647
600.00000,0.05000,4.00000,3.00000,0.00000,0.00261,0.16854,235.47147,248.94457,0.00260,4297.00000,4225.00000,2.24197,248.29647
600.00000,0.05000,5.00000,3.00000,0.00000,0.00261,0.16854,235.47147,248.94457,0.00260,4297.00000,2528.00000,0.26343,248.29647
600.00000,0.05000,6.00000,3.00000,0.00000,0.03984,0.16854,235.47147,258.18782,0.03831,4297.00000,4376.00000,0.01634,248.29647
