"Omega","Tolerance","Step Size Rule","Iterations","Converged?","Gap LR","Gap Naive","Obj. Naive","Obj. LR","Gap","Time Naive","Time LR","Final Lambda","LB Heuristic"
600.00000,0.05000,1.00000,3.00000,0.00000,0.09521,0.10540,252.40980,271.93700,0.07181,4225.00000,2524.00000,8.10466,248.29647
600.00000,0.05000,2.00000,2.00000,0.00000,0.06064,0.10540,252.40980,263.35419,0.04156,4225.00000,4212.00000,0.30729,248.29647
600.00000,0.05000,3.00000,2.00000,0.00000,0.09521,0.10540,252.40980,271.93700,0.07181,4225.00000,2554.00000,4.55566,248.29647
600.00000,0.05000,4.00000,2.00000,0.00000,0.09521,0.10540,252.40980,271.93700,0.07181,4225.00000,2537.00000,3.20566,248.29647
600.00000,0.05000,5.00000,2.00000,0.00000,0.04719,0.10540,252.40980,260.01331,0.02924,4225.00000,4206.00000,0.33475,248.29647
600.00000,0.05000,6.00000,2.00000,0.00000,0.06712,0.10540,252.40980,264.96241,0.04738,4225.00000,4202.00000,0.00000,248.29647
