"Omega","Tolerance","Step Size Rule","Iterations","Converged?","Gap LR","Gap Naive","Obj. Naive","Obj. LR","Gap","Time Naive","Time LR","Final Lambda","LB Heuristic"
600.00000,0.05000,1.00000,3.00000,0.00000,0.03984,0.14262,242.15111,258.18782,0.03831,4247.00000,2493.00000,8.49466,248.29647
600.00000,0.05000,2.00000,4.00000,0.00000,0.03984,0.14262,242.15111,258.18782,0.03831,4247.00000,2430.00000,0.08755,248.29647
600.00000,0.05000,3.00000,2.00000,0.00000,0.03984,0.14262,242.15111,258.18782,0.03831,4247.00000,3938.00000,3.84466,248.29647
600.00000,0.05000,4.00000,2.00000,0.00000,0.01645,0.14262,242.15111,252.38161,0.01619,4247.00000,4208.00000,0.34627,248.29647
600.00000,0.05000,5.00000,4.00000,0.00000,0.03984,0.14262,242.15111,258.18782,0.03831,4247.00000,2401.00000,0.01140,248.29647
600.00000,0.05000,6.00000,3.00000,0.00000,0.03984,0.14262,242.15111,258.18782,0.03831,4247.00000,4273.00000,0.00000,248.29647
