"Omega","Tolerance","Step Size Rule","Iterations","Converged?","Gap LR","Gap Naive","Obj. Naive","Obj. LR","Gap","Time Naive","Time LR","Final Lambda"
900.00000,0.07000,1.00000,1.00000,0.00000,0.05021,0.16608,-243.08326,-261.99070,0.07778,2880.00000,2905.00000,0.00000
900.00000,0.07000,2.00000,1.00000,0.00000,0.05021,0.16608,-243.08326,-261.99070,0.07778,2880.00000,2908.00000,0.28184
900.00000,0.07000,3.00000,1.00000,0.00000,0.05021,0.16608,-243.08326,-261.99070,0.07778,2880.00000,2902.00000,0.00000
900.00000,0.07000,4.00000,1.00000,0.00000,0.05021,0.16608,-243.08326,-261.99070,0.07778,2880.00000,2902.00000,0.00000
900.00000,0.07000,5.00000,1.00000,0.00000,0.05021,0.16608,-243.08326,-261.99070,0.07778,2880.00000,2907.00000,0.21041
900.00000,0.07000,6.00000,1.00000,0.00000,0.05021,0.16608,-243.08326,-261.99070,0.07778,2880.00000,2872.00000,0.00000
