"Omega","Tolerance","Step Size Rule","Iterations","Converged?","Gap LR","Gap Naive","Obj. Naive","Obj. LR","Gap","Time Naive","Time LR","Final Lambda"
900.00000,0.07000,1.00000,2.00000,0.00000,0.05021,0.16773,-243.08326,-261.99070,0.04781,2928.00000,2651.00000,12.55500
900.00000,0.07000,2.00000,2.00000,0.00000,0.05021,0.16773,-243.08326,-261.99070,0.04781,2928.00000,2989.00000,0.28363
900.00000,0.07000,3.00000,2.00000,0.00000,0.05021,0.16773,-243.08326,-261.99070,0.04781,2928.00000,2649.00000,5.02200
900.00000,0.07000,4.00000,2.00000,0.00000,0.05021,0.16773,-243.08326,-261.99070,0.04781,2928.00000,2553.00000,2.95924
900.00000,0.07000,5.00000,2.00000,0.00000,0.05021,0.16773,-243.08326,-261.99070,0.04781,2928.00000,2824.00000,0.21399
900.00000,0.07000,6.00000,2.00000,0.00000,0.05021,0.16773,-243.08326,-261.99070,0.04781,2928.00000,2518.00000,0.69326
