"Omega","Tolerance","Step Size Rule","Iterations","Converged?","Gap LR","Gap Naive","Obj. Naive","Obj. LR","Gap","Time Naive","Time LR","Final Lambda","LB Heuristic"
900.00000,0.07000,1.00000,4.00000,0.00000,0.06692,0.16575,243.08326,266.15912,0.06273,4239.00000,2512.00000,10.66500,249.46415
900.00000,0.07000,2.00000,3.00000,0.00000,0.06692,0.16575,243.08326,266.15912,0.06273,4239.00000,2444.00000,0.28245,249.46415
900.00000,0.07000,3.00000,3.00000,0.00000,0.06692,0.16575,243.08326,266.15912,0.06273,4239.00000,2566.00000,4.70700,249.46415
900.00000,0.07000,4.00000,3.00000,0.00000,0.06692,0.16575,243.08326,266.15912,0.06273,4239.00000,2854.00000,2.80302,249.46415
900.00000,0.07000,5.00000,3.00000,0.00000,0.06692,0.16575,243.08326,266.15912,0.06273,4239.00000,2519.00000,0.20448,249.46415
900.00000,0.07000,6.00000,3.00000,0.00000,0.06692,0.16575,243.08326,266.15912,0.06273,4239.00000,4301.00000,0.00000,249.46415
