"Omega","Tolerance","Step Size Rule","Iterations","Converged?","Gap LR","Gap Naive","Obj. Naive","Obj. LR","Gap","Time Naive","Time LR","Final Lambda","LB Heuristic"
900.00000,0.07000,1.00000,1.00000,1.00000,0.00000,0.16636,243.08326,249.46415,0.00000,4339.00000,2113.00000,0.30565,249.46415
900.00000,0.07000,2.00000,1.00000,1.00000,0.00000,0.16636,243.08326,249.46415,0.00000,4339.00000,2112.00000,0.30565,249.46415
900.00000,0.07000,3.00000,1.00000,1.00000,0.00000,0.16636,243.08326,249.46415,0.00000,4339.00000,2114.00000,0.30565,249.46415
900.00000,0.07000,4.00000,1.00000,1.00000,0.00000,0.16636,243.08326,249.46415,0.00000,4339.00000,2124.00000,0.30565,249.46415
900.00000,0.07000,5.00000,1.00000,1.00000,0.00000,0.16636,243.08326,249.46415,0.00000,4339.00000,2128.00000,0.30565,249.46415
900.00000,0.07000,6.00000,1.00000,1.00000,0.00000,0.16636,243.08326,249.46415,0.00000,4339.00000,2111.00000,0.30565,249.46415
