"Omega","Tolerance","Step Size Rule","Iterations","Converged?","Gap LR","Gap Naive","Obj. Naive","Obj. LR","Gap","Time Naive","Time LR","Final Lambda","LB Heuristic"
100.00000,0.07000,1.00000,10.00000,0.00000,0.06267,0.00100,282.07630,299.98493,0.05970,1737.00000,701.00000,3.25742,281.18626
100.00000,0.07000,2.00000,10.00000,0.00000,0.05217,0.00100,282.07630,296.66444,0.04917,1737.00000,778.00000,2.73829,281.18626
100.00000,0.07000,3.00000,10.00000,0.00000,0.06110,0.00100,282.07630,299.48321,0.05812,1737.00000,764.00000,3.27459,281.18626
100.00000,0.07000,4.00000,10.00000,0.00000,0.05784,0.00100,282.07630,298.44726,0.05485,1737.00000,655.00000,3.13168,281.18626
100.00000,0.07000,5.00000,10.00000,0.00000,0.05253,0.00100,282.07630,296.77735,0.04954,1737.00000,177.00000,2.68916,281.18626
100.00000,0.07000,6.00000,10.00000,0.00000,0.05562,0.00100,282.07630,297.74835,0.05264,1737.00000,207.00000,1.85990,281.18626
