"Omega","Tolerance","Step Size Rule","Iterations","Converged?","Gap LR","Gap Naive","Obj. Naive","Obj. LR","Gap","Time Naive","Time LR","Final Lambda","LB Heuristic"
100.00000,0.07000,1.00000,10.00000,0.00000,0.06685,0.00000,282.07630,299.98493,0.05970,828.00000,335.00000,3.25742,281.18626
100.00000,0.07000,2.00000,10.00000,0.00000,0.05505,0.00000,282.07630,296.66444,0.04917,828.00000,315.00000,2.73829,281.18626
100.00000,0.07000,3.00000,10.00000,0.00000,0.06507,0.00000,282.07630,299.48321,0.05812,828.00000,260.00000,3.27459,281.18626
100.00000,0.07000,4.00000,10.00000,0.00000,0.06139,0.00000,282.07630,298.44726,0.05485,828.00000,256.00000,3.13168,281.18626
100.00000,0.07000,5.00000,10.00000,0.00000,0.05545,0.00000,282.07630,296.77735,0.04954,828.00000,112.00000,2.68916,281.18626
100.00000,0.07000,6.00000,10.00000,0.00000,0.05890,0.00000,282.07630,297.74835,0.05264,828.00000,70.00000,1.85990,281.18626
