"Omega","Tolerance","Step Size Rule","Iterations","Converged?","Gap LR","Gap Naive","Obj. Naive","Obj. LR","Gap","Time Naive","Time LR","Final Lambda"
900.00000,0.01000,1.00000,1.00000,0.00000,0.04013,0.09225,-237.77652,-247.49774,0.04088,2905.00000,2906.00000,0.76838
900.00000,0.01000,2.00000,1.00000,0.00000,0.04013,0.09225,-237.77652,-247.49774,0.04088,2905.00000,2908.00000,0.60838
900.00000,0.01000,3.00000,1.00000,0.00000,0.04013,0.09225,-237.77652,-247.49774,0.04088,2905.00000,2903.00000,0.81338
900.00000,0.01000,4.00000,1.00000,0.00000,0.04013,0.09225,-237.77652,-247.49774,0.04088,2905.00000,2909.00000,0.82838
900.00000,0.01000,5.00000,1.00000,0.00000,0.04013,0.09225,-237.77652,-247.49774,0.04088,2905.00000,2909.00000,0.00000
900.00000,0.01000,6.00000,1.00000,0.00000,0.04013,0.09225,-237.77652,-247.49774,0.04088,2905.00000,2875.00000,0.00000
