"Omega","Tolerance","Step Size Rule","Iterations","Converged?","Gap LR","Gap Naive","Obj. Naive","Obj. LR","Gap","Time Naive","Time LR","Final Lambda"
900.00000,0.01000,1.00000,2.00000,0.00000,0.02398,0.10551,-237.77652,-243.65334,0.02342,2944.00000,4480.00000,0.58838
900.00000,0.01000,2.00000,2.00000,0.00000,0.02632,0.10551,-237.77652,-244.21113,0.02565,2944.00000,4455.00000,0.00000
900.00000,0.01000,3.00000,2.00000,0.00000,0.02653,0.10551,-237.77652,-244.26084,0.02585,2944.00000,4486.00000,0.73688
900.00000,0.01000,4.00000,2.00000,0.00000,0.03298,0.10551,-237.77652,-245.79576,0.03193,2944.00000,4426.00000,0.81071
900.00000,0.01000,5.00000,2.00000,0.00000,0.03566,0.10551,-237.77652,-246.43194,0.03443,2944.00000,2388.00000,0.00337
900.00000,0.01000,6.00000,2.00000,0.00000,0.04013,0.10551,-237.77652,-247.49774,0.03859,2944.00000,2329.00000,0.58530
