"Omega","Tolerance","Step Size Rule","Iterations","Converged?","Gap LR","Gap Naive","Obj. Naive","Obj. LR","Gap","Time Naive","Time LR","Final Lambda","LB Heuristic"
900.00000,0.01000,1.00000,2.00000,0.00000,0.03616,0.05031,248.76082,246.55088,-0.00896,4265.00000,4209.00000,0.84338,237.94771
900.00000,0.01000,2.00000,2.00000,0.00000,0.03616,0.05031,248.76082,246.55088,-0.00896,4265.00000,4209.00000,0.90838,237.94771
900.00000,0.01000,3.00000,2.00000,0.00000,0.03616,0.05031,248.76082,246.55088,-0.00896,4265.00000,4208.00000,0.85988,237.94771
900.00000,0.01000,4.00000,2.00000,0.00000,0.03599,0.05031,248.76082,246.51204,-0.00912,4265.00000,4208.00000,0.87278,237.94771
900.00000,0.01000,5.00000,2.00000,0.00000,0.03616,0.05031,248.76082,246.55088,-0.00896,4265.00000,2637.00000,1.68338,237.94771
900.00000,0.01000,6.00000,4.00000,0.00000,0.03810,0.05031,248.76082,247.01405,-0.00707,4265.00000,4361.00000,1.07391,237.94771
