"Omega","Tolerance","Step Size Rule","Iterations","Converged?","Gap LR","Gap Naive","Obj. Naive","Obj. LR","Gap","Time Naive","Time LR","Final Lambda","LB Heuristic"
900.00000,0.01000,1.00000,2.00000,0.00000,0.02625,0.10551,237.77652,244.19332,0.02558,4360.00000,4228.00000,0.64838,237.94771
900.00000,0.01000,2.00000,2.00000,1.00000,0.00000,0.10551,237.77652,237.94771,0.00000,4360.00000,4222.00000,0.55838,237.94771
900.00000,0.01000,3.00000,2.00000,0.00000,0.03518,0.10551,237.77652,246.31943,0.03399,4360.00000,4222.00000,0.80288,237.94771
900.00000,0.01000,4.00000,2.00000,0.00000,0.03938,0.10551,237.77652,247.31772,0.03789,4360.00000,4217.00000,0.80717,237.94771
900.00000,0.01000,5.00000,4.00000,0.00000,0.04013,0.10551,237.77652,247.49772,0.03859,4360.00000,2474.00000,0.00730,237.94771
900.00000,0.01000,6.00000,3.00000,0.00000,0.04013,0.10551,237.77652,247.49772,0.03859,4360.00000,4300.00000,1.38267,237.94771
