"Omega","Tolerance","Step Size Rule","Iterations","Converged?","Gap LR","Gap Naive","Obj. Naive","Obj. LR","Gap","Time Naive","Time LR","Final Lambda"
900.00000,0.01000,1.00000,1.00000,1.00000,0.00000,0.10413,-237.77652,-237.94771,236.94771,4363.00000,2112.00000,0.85838
900.00000,0.01000,2.00000,1.00000,1.00000,0.00000,0.10413,-237.77652,-237.94771,236.94771,4363.00000,2111.00000,0.85838
900.00000,0.01000,3.00000,1.00000,1.00000,0.00000,0.10413,-237.77652,-237.94771,236.94771,4363.00000,2111.00000,0.85838
900.00000,0.01000,4.00000,2.00000,1.00000,0.00000,0.10413,-237.77652,-237.94771,236.94771,4363.00000,4223.00000,0.84338
900.00000,0.01000,5.00000,1.00000,1.00000,0.00000,0.10413,-237.77652,-237.94771,236.94771,4363.00000,2111.00000,0.85838
900.00000,0.01000,6.00000,3.00000,2.00000,0.00000,0.10413,-237.77652,-237.94771,236.94771,4363.00000,4426.00000,0.58530
