"Omega","Tolerance","Step Size Rule","Iterations","Converged?","Gap LR","Gap Naive","Obj. Naive","Obj. LR","Gap","Time Naive","Time LR","Final Lambda","LB Heuristic"
900.00000,0.01000,2.00000,2.00000,0.00000,0.02660,0.06162,245.80045,244.27794,-0.00623,4269.00000,4213.00000,0.23338,237.94771
900.00000,0.01000,3.00000,2.00000,0.00000,0.03900,0.06162,245.80045,247.22772,0.00577,4269.00000,4219.00000,0.77738,237.94771
900.00000,0.01000,4.00000,2.00000,0.00000,0.03938,0.06162,245.80045,247.31772,0.00613,4269.00000,4214.00000,0.80717,237.94771
900.00000,0.01000,5.00000,3.00000,0.00000,0.04013,0.06162,245.80045,247.49772,0.00686,4269.00000,2404.00000,0.00561,237.94771
900.00000,0.01000,6.00000,3.00000,0.00000,0.04013,0.06162,245.80045,247.49772,0.00686,4269.00000,4340.00000,1.38267,237.94771
