"Omega","Tolerance","Step Size Rule","Iterations","Converged?","Gap LR","Gap Naive","Obj. Naive","Obj. LR","Gap","Time Naive","Time LR","Final Lambda","LB Heuristic"
900.00000,0.01000,1.00000,1.00000,1.00000,0.00000,0.10413,237.77652,237.94771,0.00000,4360.00000,2112.00000,0.85838,237.94771
900.00000,0.01000,2.00000,1.00000,1.00000,0.00000,0.10413,237.77652,237.94771,0.00000,4360.00000,2111.00000,0.85838,237.94771
900.00000,0.01000,3.00000,2.00000,1.00000,0.00000,0.10413,237.77652,237.94771,0.00000,4360.00000,4222.00000,0.83588,237.94771
900.00000,0.01000,4.00000,1.00000,1.00000,0.00000,0.10413,237.77652,237.94771,0.00000,4360.00000,2112.00000,0.85838,237.94771
900.00000,0.01000,5.00000,1.00000,1.00000,0.00000,0.10413,237.77652,237.94771,0.00000,4360.00000,2113.00000,0.85838,237.94771
900.00000,0.01000,6.00000,3.00000,2.00000,0.00000,0.10413,237.77652,237.94771,0.00000,4360.00000,4435.00000,0.58530,237.94771
