"Omega","Tolerance","Step Size Rule","Iterations","Converged?","Gap LR","Gap Naive","Obj. Naive","Obj. LR","Gap","Time Naive","Time LR","Final Lambda"
900.00000,0.05000,1.00000,10.00000,0.00000,0.07874,0.07307,-279.17749,-299.66097,0.07337,2103.00000,618.00000,225.30572
900.00000,0.05000,2.00000,6.00000,0.00000,0.06975,0.07307,-279.17749,-297.16097,0.06442,2103.00000,2687.00000,0.30923
900.00000,0.05000,3.00000,10.00000,0.00000,0.07874,0.07307,-279.17749,-299.66097,0.07337,2103.00000,624.00000,179.85848
900.00000,0.05000,4.00000,10.00000,0.00000,0.07874,0.07307,-279.17749,-299.66097,0.07337,2103.00000,617.00000,337.33327
900.00000,0.05000,5.00000,5.00000,0.00000,0.07125,0.07307,-279.17749,-297.57764,0.06591,2103.00000,2265.00000,0.30839
900.00000,0.05000,6.00000,8.00000,0.00000,0.03963,0.07307,-279.17749,-288.79505,0.03445,2103.00000,2255.00000,0.01678
