"Omega","Tolerance","Step Size Rule","Iterations","Converged?","Gap LR","Gap Naive","Obj. Naive","Obj. LR","Gap","Time Naive","Time LR","Final Lambda"
900.00000,0.07000,1.00000,10.00000,0.00000,0.09950,0.09220,-279.01954,-305.73071,0.09573,2106.00000,1470.00000,135.31140
900.00000,0.07000,2.00000,2.00000,0.00000,0.09770,0.09220,-279.01954,-305.23071,0.09394,2106.00000,2881.00000,0.31259
900.00000,0.07000,3.00000,10.00000,0.00000,0.09950,0.09220,-279.01954,-305.73071,0.09573,2106.00000,1305.00000,161.68526
900.00000,0.07000,4.00000,10.00000,0.00000,0.09950,0.09220,-279.01954,-305.73071,0.09573,2106.00000,959.00000,292.14997
900.00000,0.07000,5.00000,4.00000,0.00000,0.09290,0.09220,-279.01954,-303.89737,0.08916,2106.00000,2375.00000,0.31389
900.00000,0.07000,6.00000,6.00000,0.00000,0.06255,0.09220,-279.01954,-295.45549,0.05891,2106.00000,2795.00000,0.01631
