"Omega","Tolerance","Step Size Rule","Iterations","Converged?","Gap LR","Gap Naive","Obj. Naive","Obj. LR","Gap","Time Naive","Time LR","Final Lambda"
900.00000,0.07000,1.00000,3.00000,0.00000,0.05604,0.14017,-264.60752,-293.64553,0.05306,2820.00000,2366.00000,11.61000
900.00000,0.07000,2.00000,2.00000,0.00000,0.05604,0.14017,-264.60752,-293.64553,0.05306,2820.00000,2371.00000,0.28541
900.00000,0.07000,3.00000,3.00000,0.00000,0.05604,0.14017,-264.60752,-293.64553,0.05306,2820.00000,2514.00000,4.71200
900.00000,0.07000,4.00000,2.00000,0.00000,0.07247,0.14017,-264.60752,-298.21558,0.06757,2820.00000,2447.00000,4.27720
900.00000,0.07000,5.00000,2.00000,0.00000,0.05761,0.14017,-264.60752,-294.08352,0.05447,2820.00000,4204.00000,0.26196
900.00000,0.07000,6.00000,2.00000,0.00000,0.06887,0.14017,-264.60752,-297.21545,0.06444,2820.00000,3441.00000,0.00000
