"Omega","Tolerance","Step Size Rule","Iterations","Converged?","Gap LR","Gap Naive","Obj. Naive","Obj. LR","Gap","Time Naive","Time LR","Final Lambda"
900.00000,0.07000,1.00000,3.00000,0.00000,0.05604,0.14526,-263.18652,-293.64553,0.11573,2124.00000,2336.00000,11.61000
900.00000,0.07000,2.00000,2.00000,0.00000,0.05604,0.14526,-263.18652,-293.64553,0.11573,2124.00000,2364.00000,0.28541
900.00000,0.07000,3.00000,3.00000,0.00000,0.05604,0.14526,-263.18652,-293.64553,0.11573,2124.00000,2530.00000,4.71200
900.00000,0.07000,4.00000,2.00000,0.00000,0.07247,0.14526,-263.18652,-298.21558,0.13310,2124.00000,2544.00000,4.27720
900.00000,0.07000,5.00000,2.00000,0.00000,0.05761,0.14526,-263.18652,-294.08352,0.11740,2124.00000,4204.00000,0.26196
900.00000,0.07000,6.00000,2.00000,0.00000,0.06887,0.14526,-263.18652,-297.21545,0.12930,2124.00000,2795.00000,0.00000
