"Omega","Tolerance","Step Size Rule","Iterations","Converged?","Gap LR","Gap Naive","Obj. Naive","Obj. LR","Gap","Time Naive","Time LR","Final Lambda"
900.00000,0.01000,1.00000,2.00000,1.00000,0.00000,0.09233,-239.80418,-244.00707,243.00707,4336.00000,4227.00000,0.70702
900.00000,0.01000,2.00000,2.00000,0.00000,0.01343,0.09233,-239.80418,-247.28398,246.29723,4336.00000,4223.00000,2.17535
900.00000,0.01000,3.00000,2.00000,0.00000,0.01126,0.09233,-239.80418,-246.75358,245.76471,4336.00000,4224.00000,0.72052
900.00000,0.01000,4.00000,2.00000,0.00000,0.02246,0.09233,-239.80418,-249.48728,248.50924,4336.00000,4225.00000,0.80080
900.00000,0.01000,5.00000,3.00000,0.00000,0.02246,0.09233,-239.80418,-249.48728,248.50924,4336.00000,2501.00000,0.00561
900.00000,0.01000,6.00000,3.00000,0.00000,0.02125,0.09233,-239.80418,-249.19270,248.21351,4336.00000,4332.00000,5.75856
