"Omega","Tolerance","Step Size Rule","Iterations","Converged?","Gap LR","Gap Naive","Obj. Naive","Obj. LR","Gap","Time Naive","Time LR","Final Lambda"
900.00000,0.01000,1.00000,2.00000,0.00000,0.00877,0.09373,-239.80418,-246.14608,0.00869,2937.00000,4463.00000,0.57202
900.00000,0.01000,2.00000,2.00000,1.00000,0.01287,0.09373,-239.80418,-247.14794,0.01271,2937.00000,4446.00000,0.67535
900.00000,0.01000,3.00000,2.00000,0.00000,0.01375,0.09373,-239.80418,-247.36108,0.01356,2937.00000,4449.00000,0.72652
900.00000,0.01000,4.00000,2.00000,0.00000,0.02290,0.09373,-239.80418,-249.59542,0.02239,2937.00000,4425.00000,0.79080
900.00000,0.01000,5.00000,2.00000,0.00000,0.02473,0.09373,-239.80418,-250.04250,0.02414,2937.00000,2405.00000,0.00337
900.00000,0.01000,6.00000,2.00000,0.00000,0.02473,0.09373,-239.80418,-250.04250,0.02414,2937.00000,2326.00000,0.57294
