"Omega","Tolerance","Step Size Rule","Iterations","Converged?","Gap LR","Gap Naive","Obj. Naive","Obj. LR","Gap","Time Naive","Time LR","Final Lambda","LB Heuristic"
900.00000,0.01000,1.00000,2.00000,1.00000,0.00000,0.09241,239.80418,244.00707,0.00000,4339.00000,4220.00000,0.70702,244.00707
900.00000,0.01000,2.00000,2.00000,0.00000,0.01343,0.09241,239.80418,247.28398,0.01325,4339.00000,4221.00000,2.17535,244.00707
900.00000,0.01000,3.00000,2.00000,0.00000,0.01126,0.09241,239.80418,246.75358,0.01113,4339.00000,4222.00000,0.72052,244.00707
900.00000,0.01000,4.00000,2.00000,0.00000,0.02246,0.09241,239.80418,249.48728,0.02197,4339.00000,4218.00000,0.80080,244.00707
900.00000,0.01000,5.00000,3.00000,0.00000,0.02246,0.09241,239.80418,249.48728,0.02197,4339.00000,2509.00000,0.00561,244.00707
900.00000,0.01000,6.00000,3.00000,0.00000,0.02125,0.09241,239.80418,249.19270,0.02081,4339.00000,4312.00000,5.75856,244.00707
