"Omega","Tolerance","Step Size Rule","Iterations","Converged?","Gap LR","Gap Naive","Obj. Naive","Obj. LR","Gap","Time Naive","Time LR","Final Lambda","LB Heuristic"
900.00000,0.01000,1.00000,2.00000,0.00000,0.02162,0.09241,239.80418,249.28288,0.02116,4349.00000,4225.00000,0.73702,244.00707
900.00000,0.01000,2.00000,2.00000,0.00000,0.01040,0.09241,239.80418,246.54531,0.01030,4349.00000,4221.00000,0.09202,244.00707
900.00000,0.01000,3.00000,2.00000,0.00000,0.02235,0.09241,239.80418,249.45996,0.02186,4349.00000,4221.00000,0.78202,244.00707
900.00000,0.01000,4.00000,2.00000,0.00000,0.02246,0.09241,239.80418,249.48728,0.02197,4349.00000,4220.00000,0.80080,244.00707
900.00000,0.01000,5.00000,4.00000,0.00000,0.02246,0.09241,239.80418,249.48728,0.02197,4349.00000,2543.00000,0.00730,244.00707
900.00000,0.01000,6.00000,3.00000,0.00000,0.01841,0.09241,239.80418,248.49839,0.01807,4349.00000,4264.00000,9.55557,244.00707
