"Omega","Tolerance","Step Size Rule","Iterations","Converged?","Gap LR","Gap Naive","Obj. Naive","Obj. LR","Gap","Time Naive","Time LR","Final Lambda"
900.00000,0.01000,1.00000,1.00000,0.00000,0.02473,0.06149,-247.72416,-250.04250,0.00936,2897.00000,2902.00000,0.75202
900.00000,0.01000,2.00000,1.00000,0.00000,0.02473,0.06149,-247.72416,-250.04250,0.00936,2897.00000,2903.00000,0.59202
900.00000,0.01000,3.00000,1.00000,0.00000,0.02473,0.06149,-247.72416,-250.04250,0.00936,2897.00000,2908.00000,0.79702
900.00000,0.01000,4.00000,1.00000,0.00000,0.02473,0.06149,-247.72416,-250.04250,0.00936,2897.00000,2907.00000,0.81202
900.00000,0.01000,5.00000,1.00000,0.00000,0.02473,0.06149,-247.72416,-250.04250,0.00936,2897.00000,2912.00000,0.00000
900.00000,0.01000,6.00000,1.00000,0.00000,0.02473,0.06149,-247.72416,-250.04250,0.00936,2897.00000,2850.00000,0.00000
