"Omega","Tolerance","Step Size Rule","Iterations","Converged?","Gap LR","Gap Naive","Obj. Naive","Obj. LR","Gap","Time Naive","Time LR","Final Lambda","LB Heuristic"
900.00000,0.01000,1.00000,2.00000,0.00000,0.01921,0.05488,248.34964,248.69382,0.00138,4254.00000,4206.00000,0.69202,244.00707
900.00000,0.01000,2.00000,2.00000,0.00000,0.01794,0.05488,248.34964,248.38474,0.00014,4254.00000,4207.00000,0.16702,244.00707
900.00000,0.01000,3.00000,2.00000,0.00000,0.02261,0.05488,248.34964,249.52340,0.00470,4254.00000,4206.00000,0.77452,244.00707
900.00000,0.01000,4.00000,2.00000,0.00000,0.02245,0.05488,248.34964,249.48496,0.00455,4254.00000,4206.00000,0.79934,244.00707
900.00000,0.01000,5.00000,8.00000,0.00000,0.02338,0.05488,248.34964,249.71090,0.00545,4254.00000,2415.00000,0.01157,244.00707
900.00000,0.01000,6.00000,3.00000,0.00000,0.01841,0.05488,248.34964,248.49839,0.00060,4254.00000,4256.00000,9.55557,244.00707
