"Omega","Tolerance","Step Size Rule","Iterations","Converged?","Gap LR","Gap Naive","Obj. Naive","Obj. LR","Gap","Time Naive","Time LR","Final Lambda","LB Heuristic"
900.00000,0.01000,1.00000,2.00000,1.00000,0.00000,0.09233,239.80418,244.00707,0.00000,4351.00000,4223.00000,0.70702,244.00707
900.00000,0.01000,2.00000,2.00000,0.00000,0.01343,0.09233,239.80418,247.28398,0.01325,4351.00000,4224.00000,2.17535,244.00707
900.00000,0.01000,3.00000,2.00000,0.00000,0.01126,0.09233,239.80418,246.75358,0.01113,4351.00000,4224.00000,0.72052,244.00707
900.00000,0.01000,4.00000,2.00000,0.00000,0.02246,0.09233,239.80418,249.48728,0.02197,4351.00000,4223.00000,0.80080,244.00707
900.00000,0.01000,5.00000,3.00000,0.00000,0.02246,0.09233,239.80418,249.48728,0.02197,4351.00000,2536.00000,0.00561,244.00707
900.00000,0.01000,6.00000,3.00000,0.00000,0.01841,0.09233,239.80418,248.49839,0.01807,4351.00000,4319.00000,9.55557,244.00707
