"Omega","Tolerance","Step Size Rule","Iterations","Converged?","Gap LR","Gap Naive","Obj. Naive","Obj. LR","Gap","Time Naive","Time LR","Final Lambda","LB Heuristic"
100.00000,0.05000,1.00000,10.00000,0.00000,0.02509,0.00010,280.49160,287.18466,0.02331,326.00000,793.00000,3.83731,279.97857
100.00000,0.05000,2.00000,10.00000,0.00000,0.01857,0.00010,280.49160,285.27729,0.01678,326.00000,1145.00000,2.17942,279.97857
100.00000,0.05000,3.00000,10.00000,0.00000,0.02217,0.00010,280.49160,286.32728,0.02038,326.00000,1002.00000,3.43400,279.97857
100.00000,0.05000,4.00000,10.00000,0.00000,0.02071,0.00010,280.49160,285.90057,0.01892,326.00000,1213.00000,3.22210,279.97857
100.00000,0.05000,5.00000,10.00000,0.00000,0.01850,0.00010,280.49160,285.25624,0.01670,326.00000,213.00000,2.20651,279.97857
100.00000,0.05000,6.00000,10.00000,0.00000,0.01887,0.00010,280.49160,285.36289,0.01707,326.00000,283.00000,2.45165,279.97857
