"Omega","Tolerance","Step Size Rule","Iterations","Converged?","Gap LR","Gap Naive","Obj. Naive","Obj. LR","Gap","Time Naive","Time LR","Final Lambda"
100.00000,0.03000,1.00000,10.00000,0.00000,0.02670,0.00000,-280.04689,-286.60973,0.02343,79.00000,246.00000,3.85222
100.00000,0.03000,2.00000,10.00000,0.00000,0.01808,0.00000,-280.04689,-284.20506,0.01485,79.00000,180.00000,2.19139
100.00000,0.03000,3.00000,10.00000,0.00000,0.02264,0.00000,-280.04689,-285.47582,0.01939,79.00000,240.00000,3.46391
100.00000,0.03000,4.00000,10.00000,0.00000,0.02107,0.00000,-280.04689,-285.03911,0.01783,79.00000,255.00000,3.24701
100.00000,0.03000,5.00000,10.00000,0.00000,0.01831,0.00000,-280.04689,-284.26691,0.01507,79.00000,92.00000,1.45246
100.00000,0.03000,6.00000,10.00000,0.00000,0.01842,0.00000,-280.04689,-284.29774,0.01518,79.00000,100.00000,2.39751
