"Omega","Tolerance","Step Size Rule","Iterations","Converged?","Gap LR","Gap Naive","Obj. Naive","Obj. LR","Gap","Time Naive","Time LR","Final Lambda","LB Heuristic"
100.00000,0.03000,1.00000,10.00000,0.00000,0.02600,0.00000,280.04689,286.60973,0.02290,328.00000,701.00000,3.85222,279.15668
100.00000,0.03000,2.00000,10.00000,0.00000,0.01776,0.00000,280.04689,284.20506,0.01463,328.00000,545.00000,2.19139,279.15668
100.00000,0.03000,3.00000,10.00000,0.00000,0.02214,0.00000,280.04689,285.47582,0.01902,328.00000,731.00000,3.46391,279.15668
100.00000,0.03000,4.00000,10.00000,0.00000,0.02064,0.00000,280.04689,285.03911,0.01751,328.00000,957.00000,3.24701,279.15668
100.00000,0.03000,5.00000,10.00000,0.00000,0.01798,0.00000,280.04689,284.26691,0.01485,328.00000,437.00000,1.45246,279.15668
100.00000,0.03000,6.00000,10.00000,0.00000,0.01808,0.00000,280.04689,284.29774,0.01495,328.00000,546.00000,2.39751,279.15668
