"Omega","Tolerance","Step Size Rule","Iterations","Converged?","Gap LR","Gap Naive","Obj. Naive","Obj. LR","Gap","Time Naive","Time LR","Final Lambda","LB Heuristic"
100.00000,0.03000,1.00000,10.00000,0.00000,0.02538,0.00000,282.49918,288.58465,0.02109,85.00000,440.00000,3.94241,281.44074
100.00000,0.03000,2.00000,10.00000,0.00000,0.01708,0.00000,282.49918,286.24743,0.01309,85.00000,368.00000,2.14658,281.44074
100.00000,0.03000,3.00000,10.00000,0.00000,0.02148,0.00000,282.49918,287.48727,0.01735,85.00000,350.00000,3.41910,281.44074
100.00000,0.03000,4.00000,10.00000,0.00000,0.01993,0.00000,282.49918,287.05056,0.01586,85.00000,426.00000,3.20220,281.44074
100.00000,0.03000,5.00000,10.00000,0.00000,0.01719,0.00000,282.49918,286.27836,0.01320,85.00000,174.00000,1.40765,281.44074
100.00000,0.03000,6.00000,10.00000,0.00000,0.01739,0.00000,282.49918,286.33628,0.01340,85.00000,175.00000,2.38927,281.44074
