"Omega","Tolerance","Step Size Rule","Iterations","Converged?","Gap LR","Gap Naive","Obj. Naive","Obj. LR","Gap","Time Naive","Time LR","Final Lambda","LB Heuristic"
100.00000,0.03000,1.00000,10.00000,0.00000,0.02475,0.00000,282.49918,288.58465,0.02109,253.00000,891.00000,3.94241,281.44074
100.00000,0.03000,2.00000,10.00000,0.00000,0.01679,0.00000,282.49918,286.24743,0.01309,253.00000,747.00000,2.14658,281.44074
100.00000,0.03000,3.00000,10.00000,0.00000,0.02103,0.00000,282.49918,287.48727,0.01735,253.00000,764.00000,3.41910,281.44074
100.00000,0.03000,4.00000,10.00000,0.00000,0.01954,0.00000,282.49918,287.05056,0.01586,253.00000,1099.00000,3.20220,281.44074
100.00000,0.03000,5.00000,10.00000,0.00000,0.01690,0.00000,282.49918,286.27836,0.01320,253.00000,546.00000,1.40765,281.44074
100.00000,0.03000,6.00000,10.00000,0.00000,0.01710,0.00000,282.49918,286.33628,0.01340,253.00000,327.00000,2.38927,281.44074
