"Omega","Tolerance","Step Size Rule","Iterations","Converged?","Gap LR","Gap Naive","Obj. Naive","Obj. LR","Gap","Time Naive","Time LR","Final Lambda"
300.00000,0.05000,1.00000,10.00000,0.00000,0.06192,0.00475,-283.79915,-300.87112,0.06016,2104.00000,427.00000,3.17176
300.00000,0.05000,2.00000,10.00000,0.00000,0.02794,0.00475,-283.79915,-291.24304,0.02623,2104.00000,1916.00000,0.86199
300.00000,0.05000,3.00000,10.00000,0.00000,0.06192,0.00475,-283.79915,-300.87112,0.06016,2104.00000,513.00000,2.57051
300.00000,0.05000,4.00000,10.00000,0.00000,0.06192,0.00475,-283.79915,-300.87112,0.06016,2104.00000,581.00000,2.06529
300.00000,0.05000,5.00000,10.00000,0.00000,0.02803,0.00475,-283.79915,-291.26760,0.02632,2104.00000,1267.00000,0.87102
300.00000,0.05000,6.00000,10.00000,0.00000,0.02916,0.00475,-283.79915,-291.58906,0.02745,2104.00000,1059.00000,0.68825
