"Omega","Tolerance","Step Size Rule","Iterations","Converged?","Gap LR","Gap Naive","Obj. Naive","Obj. LR","Gap","Time Naive","Time LR","Final Lambda","LB Heuristic"
300.00000,0.05000,1.00000,10.00000,0.00000,0.05831,0.00100,283.79915,300.87112,0.05674,2788.00000,607.00000,3.17176,283.32701
300.00000,0.05000,2.00000,10.00000,0.00000,0.02718,0.00100,283.79915,291.24304,0.02556,2788.00000,2387.00000,0.86199,283.32701
300.00000,0.05000,3.00000,10.00000,0.00000,0.05831,0.00100,283.79915,300.87112,0.05674,2788.00000,590.00000,2.57051,283.32701
300.00000,0.05000,4.00000,10.00000,0.00000,0.05831,0.00100,283.79915,300.87112,0.05674,2788.00000,574.00000,2.06529,283.32701
300.00000,0.05000,5.00000,10.00000,0.00000,0.02726,0.00100,283.79915,291.26760,0.02564,2788.00000,1274.00000,0.87102,283.32701
300.00000,0.05000,6.00000,10.00000,0.00000,0.02833,0.00100,283.79915,291.58906,0.02672,2788.00000,1335.00000,0.68825,283.32701
