"Omega","Tolerance","Step Size Rule","Iterations","Converged?","Gap LR","Gap Naive","Obj. Naive","Obj. LR","Gap","Time Naive","Time LR","Final Lambda"
100.00000,0.03000,1.00000,1.00000,1.00000,0.00000,0.00000,-280.65692,-280.65692,0.00000,2.00000,3.00000,2.95933
100.00000,0.03000,2.00000,1.00000,1.00000,0.00000,0.00000,-280.65692,-280.65692,0.00000,2.00000,3.00000,2.95933
100.00000,0.03000,3.00000,1.00000,1.00000,0.00000,0.00000,-280.65692,-280.65692,0.00000,2.00000,3.00000,2.95933
100.00000,0.03000,4.00000,1.00000,1.00000,0.00000,0.00000,-280.65692,-280.65692,0.00000,2.00000,3.00000,2.95933
100.00000,0.03000,5.00000,1.00000,1.00000,0.00000,0.00000,-280.65692,-280.65692,0.00000,2.00000,4.00000,2.95933
100.00000,0.03000,6.00000,1.00000,1.00000,0.00000,0.00000,-280.65692,-280.65692,0.00000,2.00000,3.00000,2.95933
