"Omega","Tolerance","Step Size Rule","Iterations","Converged?","Gap LR","Gap Naive","Obj. Naive","Obj. LR","Gap","Time Naive","Time LR","Final Lambda","LB Heuristic"
100.00000,0.05000,1.00000,10.00000,0.00000,0.02567,0.00000,283.78977,291.26794,0.02567,575.00000,664.00000,3.82419,283.78977
100.00000,0.05000,2.00000,10.00000,0.00000,0.01600,0.00000,283.78977,288.40452,0.01600,575.00000,1003.00000,2.44630,283.78977
100.00000,0.05000,3.00000,10.00000,0.00000,0.02120,0.00000,283.78977,289.93508,0.02120,575.00000,946.00000,3.41798,283.78977
100.00000,0.05000,4.00000,10.00000,0.00000,0.01915,0.00000,283.78977,289.33123,0.01915,575.00000,1085.00000,3.21888,283.78977
100.00000,0.05000,5.00000,10.00000,0.00000,0.01605,0.00000,283.78977,288.42031,0.01605,575.00000,354.00000,2.47339,283.78977
100.00000,0.05000,6.00000,10.00000,0.00000,0.01648,0.00000,283.78977,288.54392,0.01648,575.00000,203.00000,2.66405,283.78977
