"Omega","Tolerance","Step Size Rule","Iterations","Converged?","Gap LR","Gap Naive","Obj. Naive","Obj. LR","Gap","Time Naive","Time LR","Final Lambda","LB Heuristic"
100.00000,0.05000,1.00000,10.00000,0.00000,0.02635,0.00000,283.78977,291.26794,0.02567,233.00000,330.00000,3.82419,283.78977
100.00000,0.05000,2.00000,10.00000,0.00000,0.01626,0.00000,283.78977,288.40452,0.01600,233.00000,488.00000,2.44630,283.78977
100.00000,0.05000,3.00000,10.00000,0.00000,0.02165,0.00000,283.78977,289.93508,0.02120,233.00000,401.00000,3.41798,283.78977
100.00000,0.05000,4.00000,10.00000,0.00000,0.01953,0.00000,283.78977,289.33123,0.01915,233.00000,379.00000,3.21888,283.78977
100.00000,0.05000,5.00000,10.00000,0.00000,0.01632,0.00000,283.78977,288.42031,0.01605,233.00000,168.00000,2.47339,283.78977
100.00000,0.05000,6.00000,10.00000,0.00000,0.01675,0.00000,283.78977,288.54392,0.01648,233.00000,134.00000,2.66405,283.78977
