"Omega","Tolerance","Step Size Rule","Iterations","Converged?","Gap LR","Gap Naive","Obj. Naive","Obj. LR","Gap","Time Naive","Time LR","Final Lambda"
900.00000,0.05000,1.00000,2.00000,0.00000,0.04045,0.14392,-243.96997,-257.06432,0.03888,2930.00000,2596.00000,12.82500
900.00000,0.05000,2.00000,2.00000,0.00000,0.04045,0.14392,-243.96997,-257.06432,0.03888,2930.00000,3035.00000,0.26627
900.00000,0.05000,3.00000,2.00000,0.00000,0.04045,0.14392,-243.96997,-257.06432,0.03888,2930.00000,2598.00000,5.13000
900.00000,0.05000,4.00000,2.00000,0.00000,0.04045,0.14392,-243.96997,-257.06432,0.03888,2930.00000,2589.00000,3.09573
900.00000,0.05000,5.00000,2.00000,0.00000,0.04045,0.14392,-243.96997,-257.06432,0.03888,2930.00000,2785.00000,0.16803
900.00000,0.05000,6.00000,2.00000,0.00000,0.04045,0.14392,-243.96997,-257.06432,0.03888,2930.00000,2453.00000,0.66316
