"Omega","Tolerance","Step Size Rule","Iterations","Converged?","Gap LR","Gap Naive","Obj. Naive","Obj. LR","Gap","Time Naive","Time LR","Final Lambda"
900.00000,0.05000,1.00000,1.00000,1.00000,0.00000,0.14215,-243.96997,-247.07077,246.07077,4344.00000,2113.00000,0.29785
900.00000,0.05000,2.00000,1.00000,1.00000,0.00000,0.14215,-243.96997,-247.07077,246.07077,4344.00000,2112.00000,0.29785
900.00000,0.05000,3.00000,1.00000,1.00000,0.00000,0.14215,-243.96997,-247.07077,246.07077,4344.00000,2112.00000,0.29785
900.00000,0.05000,4.00000,1.00000,1.00000,0.00000,0.14215,-243.96997,-247.07077,246.07077,4344.00000,2111.00000,0.29785
900.00000,0.05000,5.00000,1.00000,1.00000,0.00000,0.14215,-243.96997,-247.07077,246.07077,4344.00000,2112.00000,0.29785
900.00000,0.05000,6.00000,1.00000,1.00000,0.00000,0.14215,-243.96997,-247.07077,246.07077,4344.00000,2112.00000,0.29785
