"Omega","Tolerance","Step Size Rule","Iterations","Converged?","Gap LR","Gap Naive","Obj. Naive","Obj. LR","Gap","Time Naive","Time LR","Final Lambda","LB Heuristic"
900.00000,0.05000,1.00000,3.00000,0.00000,0.05739,0.14103,243.96997,261.25011,0.05427,4266.00000,2422.00000,12.15000,247.07077
900.00000,0.05000,2.00000,4.00000,0.00000,0.05739,0.14103,243.96997,261.25011,0.05427,4266.00000,2631.00000,0.26026,247.07077
900.00000,0.05000,3.00000,3.00000,0.00000,0.05739,0.14103,243.96997,261.25011,0.05427,4266.00000,2758.00000,4.94035,247.07077
900.00000,0.05000,4.00000,3.00000,0.00000,0.05739,0.14103,243.96997,261.25011,0.05427,4266.00000,3063.00000,3.01583,247.07077
900.00000,0.05000,5.00000,3.00000,0.00000,0.05739,0.14103,243.96997,261.25011,0.05427,4266.00000,2450.00000,0.13227,247.07077
900.00000,0.05000,6.00000,3.00000,0.00000,0.05739,0.14103,243.96997,261.25011,0.05427,4266.00000,4307.00000,0.00000,247.07077
