"Omega","Tolerance","Step Size Rule","Iterations","Converged?","Gap LR","Gap Naive","Obj. Naive","Obj. LR","Gap","Time Naive","Time LR","Final Lambda"
900.00000,0.05000,1.00000,1.00000,0.00000,0.05739,0.14111,-243.96997,-261.25011,0.07083,2887.00000,2905.00000,0.00000
900.00000,0.05000,2.00000,1.00000,0.00000,0.05739,0.14111,-243.96997,-261.25011,0.07083,2887.00000,2909.00000,0.25499
900.00000,0.05000,3.00000,1.00000,0.00000,0.05739,0.14111,-243.96997,-261.25011,0.07083,2887.00000,2907.00000,0.03535
900.00000,0.05000,4.00000,1.00000,0.00000,0.05739,0.14111,-243.96997,-261.25011,0.07083,2887.00000,2908.00000,0.12285
900.00000,0.05000,5.00000,1.00000,0.00000,0.05739,0.14111,-243.96997,-261.25011,0.07083,2887.00000,2906.00000,0.12642
900.00000,0.05000,6.00000,1.00000,0.00000,0.05739,0.14111,-243.96997,-261.25011,0.07083,2887.00000,2905.00000,0.00000
