"Omega","Tolerance","Step Size Rule","Iterations","Converged?","Gap LR","Gap Naive","Obj. Naive","Obj. LR","Gap","Time Naive","Time LR","Final Lambda","LB Heuristic"
900.00000,0.05000,2.00000,2.00000,0.00000,0.04525,0.14103,243.96997,258.24958,0.04329,4270.00000,2407.00000,0.26211,247.07077
900.00000,0.05000,3.00000,3.00000,0.00000,0.04525,0.14103,243.96997,258.24958,0.04329,4270.00000,2782.00000,4.90500,247.07077
900.00000,0.05000,4.00000,3.00000,0.00000,0.04525,0.14103,243.96997,258.24958,0.04329,4270.00000,3601.00000,2.99083,247.07077
900.00000,0.05000,5.00000,3.00000,0.00000,0.04525,0.14103,243.96997,258.24958,0.04329,4270.00000,2478.00000,0.15370,247.07077
900.00000,0.05000,6.00000,3.00000,0.00000,0.04525,0.14103,243.96997,258.24958,0.04329,4270.00000,4344.00000,0.00000,247.07077
