"Omega","Tolerance","Step Size Rule","Iterations","Converged?","Gap LR","Gap Naive","Obj. Naive","Obj. LR","Gap","Time Naive","Time LR","Final Lambda"
900.00000,0.05000,1.00000,2.00000,0.00000,0.02961,0.15791,-239.78293,-253.37158,0.02876,2946.00000,2574.00000,12.82500
900.00000,0.05000,2.00000,1.00000,0.00000,0.02961,0.15791,-239.78293,-253.37158,0.02876,2946.00000,2252.00000,0.26864
900.00000,0.05000,3.00000,2.00000,0.00000,0.02961,0.15791,-239.78293,-253.37158,0.02876,2946.00000,2586.00000,5.13000
900.00000,0.05000,4.00000,1.00000,0.00000,0.02961,0.15791,-239.78293,-253.37158,0.02876,2946.00000,2283.00000,0.07697
900.00000,0.05000,5.00000,1.00000,0.00000,0.02961,0.15791,-239.78293,-253.37158,0.02876,2946.00000,2283.00000,0.16864
900.00000,0.05000,6.00000,2.00000,0.00000,0.02961,0.15791,-239.78293,-253.37158,0.02876,2946.00000,2478.00000,0.66777
