"Omega","Tolerance","Step Size Rule","Iterations","Converged?","Gap LR","Gap Naive","Obj. Naive","Obj. LR","Gap","Time Naive","Time LR","Final Lambda","LB Heuristic"
900.00000,0.05000,2.00000,2.00000,0.00000,0.04665,0.15499,239.78293,257.56584,0.04457,4271.00000,2505.00000,0.25685,246.08585
900.00000,0.05000,3.00000,3.00000,0.00000,0.05089,0.15499,239.78293,258.60944,0.04843,4271.00000,3177.00000,4.95947,246.08585
900.00000,0.05000,4.00000,2.00000,0.00000,0.04665,0.15499,239.78293,257.56584,0.04457,4271.00000,2492.00000,3.16485,246.08585
900.00000,0.05000,5.00000,2.00000,0.00000,0.04665,0.15499,239.78293,257.56584,0.04457,4271.00000,2428.00000,0.11798,246.08585
900.00000,0.05000,6.00000,3.00000,0.00000,0.05089,0.15499,239.78293,258.60944,0.04843,4271.00000,4328.00000,0.00000,246.08585
