"Omega","Tolerance","Step Size Rule","Iterations","Converged?","Gap LR","Gap Naive","Obj. Naive","Obj. LR","Gap","Time Naive","Time LR","Final Lambda"
900.00000,0.05000,1.00000,1.00000,0.00000,0.05107,0.15568,-239.78293,-258.65241,0.07869,2910.00000,2899.00000,0.00000
900.00000,0.05000,2.00000,1.00000,0.00000,0.05107,0.15568,-239.78293,-258.65241,0.07869,2910.00000,2897.00000,0.25785
900.00000,0.05000,3.00000,1.00000,0.00000,0.05107,0.15568,-239.78293,-258.65241,0.07869,2910.00000,2895.00000,0.04697
900.00000,0.05000,4.00000,1.00000,0.00000,0.05107,0.15568,-239.78293,-258.65241,0.07869,2910.00000,2903.00000,0.13197
900.00000,0.05000,5.00000,1.00000,0.00000,0.05107,0.15568,-239.78293,-258.65241,0.07869,2910.00000,2899.00000,0.12550
900.00000,0.05000,6.00000,1.00000,0.00000,0.05107,0.15568,-239.78293,-258.65241,0.07869,2910.00000,2848.00000,0.00000
