"Omega","Tolerance","Step Size Rule","Iterations","Converged?","Gap LR","Gap Naive","Obj. Naive","Obj. LR","Gap","Time Naive","Time LR","Final Lambda","LB Heuristic"
900.00000,0.05000,1.00000,4.00000,0.00000,0.05089,0.15345,240.15721,258.60944,0.04843,4238.00000,2539.00000,11.47500,246.08585
900.00000,0.05000,2.00000,3.00000,0.00000,0.05089,0.15345,240.15721,258.60944,0.04843,4238.00000,2613.00000,0.26002,246.08585
900.00000,0.05000,3.00000,3.00000,0.00000,0.05089,0.15345,240.15721,258.60944,0.04843,4238.00000,2959.00000,4.95947,246.08585
900.00000,0.05000,4.00000,3.00000,0.00000,0.05089,0.15345,240.15721,258.60944,0.04843,4238.00000,2998.00000,3.02995,246.08585
900.00000,0.05000,5.00000,3.00000,0.00000,0.05089,0.15345,240.15721,258.60944,0.04843,4238.00000,3179.00000,0.12600,246.08585
900.00000,0.05000,6.00000,3.00000,0.00000,0.05089,0.15345,240.15721,258.60944,0.04843,4238.00000,4363.00000,0.00000,246.08585
