"Omega","Tolerance","Step Size Rule","Iterations","Converged?","Gap LR","Gap Naive","Obj. Naive","Obj. LR","Gap","Time Naive","Time LR","Final Lambda","LB Heuristic"
900.00000,0.05000,1.00000,3.00000,0.00000,0.02961,0.15652,239.78293,253.37158,0.02876,4350.00000,2987.00000,12.15000,246.08585
900.00000,0.05000,2.00000,2.00000,0.00000,0.02961,0.15652,239.78293,253.37158,0.02876,4350.00000,3631.00000,0.27039,246.08585
900.00000,0.05000,3.00000,3.00000,0.00000,0.02961,0.15652,239.78293,253.37158,0.02876,4350.00000,3391.00000,4.90500,246.08585
900.00000,0.05000,4.00000,2.00000,0.00000,0.02961,0.15652,239.78293,253.37158,0.02876,4350.00000,2514.00000,3.09985,246.08585
900.00000,0.05000,5.00000,2.00000,0.00000,0.04665,0.15652,239.78293,257.56584,0.04457,4350.00000,2427.00000,0.11798,246.08585
900.00000,0.05000,6.00000,3.00000,0.00000,0.04665,0.15652,239.78293,257.56584,0.04457,4350.00000,4424.00000,0.00000,246.08585
