"Omega","Tolerance","Step Size Rule","Iterations","Converged?","Gap LR","Gap Naive","Obj. Naive","Obj. LR","Gap","Time Naive","Time LR","Final Lambda"
900.00000,0.03000,1.00000,2.00000,0.00000,0.03969,0.18424,-226.10668,-236.44182,-0.04134,2951.00000,2672.00000,13.09500
900.00000,0.03000,2.00000,1.00000,0.00000,0.03969,0.18424,-226.10668,-236.44182,-0.04134,2951.00000,2262.00000,0.32723
900.00000,0.03000,3.00000,1.00000,0.00000,0.03969,0.18424,-226.10668,-236.44182,-0.04134,2951.00000,2263.00000,0.18028
900.00000,0.03000,4.00000,1.00000,0.00000,0.03969,0.18424,-226.10668,-236.44182,-0.04134,2951.00000,2277.00000,0.24778
900.00000,0.03000,5.00000,1.00000,0.00000,0.03969,0.18424,-226.10668,-236.44182,-0.04134,2951.00000,2281.00000,0.16056
900.00000,0.03000,6.00000,1.00000,0.00000,0.03969,0.18424,-226.10668,-236.44182,-0.04134,2951.00000,2258.00000,1.10675
