"Omega","Tolerance","Step Size Rule","Iterations","Converged?","Gap LR","Gap Naive","Obj. Naive","Obj. LR","Gap","Time Naive","Time LR","Final Lambda","LB Heuristic"
900.00000,0.03000,1.00000,3.00000,0.00000,0.01668,0.11669,244.21892,250.32341,0.01641,4227.00000,2524.00000,12.70500,246.21531
900.00000,0.03000,2.00000,2.00000,0.00000,0.01558,0.11669,244.21892,250.05208,0.01534,4227.00000,4206.00000,0.25691,246.21531
900.00000,0.03000,3.00000,3.00000,0.00000,0.01668,0.11669,244.21892,250.32341,0.01641,4227.00000,2651.00000,5.29578,246.21531
900.00000,0.03000,4.00000,3.00000,0.00000,0.01668,0.11669,244.21892,250.32341,0.01641,4227.00000,2783.00000,3.26425,246.21531
900.00000,0.03000,5.00000,3.00000,0.00000,0.01668,0.11669,244.21892,250.32341,0.01641,4227.00000,2456.00000,0.15774,246.21531
900.00000,0.03000,6.00000,3.00000,0.00000,0.01668,0.11669,244.21892,250.32341,0.01641,4227.00000,4434.00000,0.00000,246.21531
