"Omega","Tolerance","Step Size Rule","Iterations","Converged?","Gap LR","Gap Naive","Obj. Naive","Obj. LR","Gap","Time Naive","Time LR","Final Lambda"
900.00000,0.03000,1.00000,2.00000,0.00000,0.03482,0.18626,-226.32260,-236.27473,-0.03608,2953.00000,2745.00000,13.09500
900.00000,0.03000,2.00000,1.00000,0.00000,0.03482,0.18626,-226.32260,-236.27473,-0.03608,2953.00000,2272.00000,0.31304
900.00000,0.03000,3.00000,1.00000,0.00000,0.03482,0.18626,-226.32260,-236.27473,-0.03608,2953.00000,2266.00000,0.16610
900.00000,0.03000,4.00000,1.00000,0.00000,0.03482,0.18626,-226.32260,-236.27473,-0.03608,2953.00000,2275.00000,0.23360
900.00000,0.03000,5.00000,1.00000,0.00000,0.03482,0.18626,-226.32260,-236.27473,-0.03608,2953.00000,2268.00000,0.14638
900.00000,0.03000,6.00000,2.00000,0.00000,0.03482,0.18626,-226.32260,-236.27473,-0.03608,2953.00000,4448.00000,0.00000
