"Omega","Tolerance","Step Size Rule","Iterations","Converged?","Gap LR","Gap Naive","Obj. Naive","Obj. LR","Gap","Time Naive","Time LR","Final Lambda"
900.00000,0.03000,1.00000,1.00000,0.00000,0.03341,0.18514,-226.32260,-252.97708,0.11777,2892.00000,2901.00000,0.03860
900.00000,0.03000,2.00000,1.00000,0.00000,0.03341,0.18514,-226.32260,-252.97708,0.11777,2892.00000,2905.00000,0.30042
900.00000,0.03000,3.00000,1.00000,0.00000,0.03341,0.18514,-226.32260,-252.97708,0.11777,2892.00000,2902.00000,0.20360
900.00000,0.03000,4.00000,1.00000,0.00000,0.03341,0.18514,-226.32260,-252.97708,0.11777,2892.00000,2899.00000,0.25860
900.00000,0.03000,5.00000,1.00000,0.00000,0.03341,0.18514,-226.32260,-252.97708,0.11777,2892.00000,2907.00000,0.09587
900.00000,0.03000,6.00000,1.00000,0.00000,0.03341,0.18514,-226.32260,-252.97708,0.11777,2892.00000,2886.00000,0.00000
