"Omega","Tolerance","Step Size Rule","Iterations","Converged?","Gap LR","Gap Naive","Obj. Naive","Obj. LR","Gap","Time Naive","Time LR","Final Lambda","LB Heuristic"
100.00000,0.07000,1.00000,10.00000,0.00000,0.05411,0.00000,283.99197,299.06329,0.05040,277.00000,356.00000,3.33075,283.71274
100.00000,0.07000,2.00000,10.00000,0.00000,0.04412,0.00000,283.99197,296.23071,0.04131,277.00000,488.00000,2.73091,283.71274
100.00000,0.07000,3.00000,10.00000,0.00000,0.05260,0.00000,283.99197,298.63682,0.04904,277.00000,358.00000,3.33583,283.71274
100.00000,0.07000,4.00000,10.00000,0.00000,0.04922,0.00000,283.99197,297.67643,0.04597,277.00000,353.00000,3.18012,283.71274
100.00000,0.07000,5.00000,10.00000,0.00000,0.04424,0.00000,283.99197,296.26297,0.04142,277.00000,178.00000,2.75859,283.71274
100.00000,0.07000,6.00000,10.00000,0.00000,0.04681,0.00000,283.99197,296.99343,0.04378,277.00000,114.00000,2.66076,283.71274
