"Omega","Tolerance","Step Size Rule","Iterations","Converged?","Gap LR","Gap Naive","Obj. Naive","Obj. LR","Gap","Time Naive","Time LR","Final Lambda","LB Heuristic"
100.00000,0.07000,1.00000,10.00000,0.00000,0.05133,0.00072,283.99197,299.06329,0.05040,656.00000,724.00000,3.33075,283.71274
100.00000,0.07000,2.00000,10.00000,0.00000,0.04226,0.00072,283.99197,296.23071,0.04131,656.00000,1002.00000,2.73091,283.71274
100.00000,0.07000,3.00000,10.00000,0.00000,0.04997,0.00072,283.99197,298.63682,0.04904,656.00000,851.00000,3.33583,283.71274
100.00000,0.07000,4.00000,10.00000,0.00000,0.04691,0.00072,283.99197,297.67643,0.04597,656.00000,1003.00000,3.18012,283.71274
100.00000,0.07000,5.00000,10.00000,0.00000,0.04236,0.00072,283.99197,296.26297,0.04142,656.00000,395.00000,2.75859,283.71274
100.00000,0.07000,6.00000,10.00000,0.00000,0.04472,0.00072,283.99197,296.99343,0.04378,656.00000,170.00000,2.66076,283.71274
