"Omega","Tolerance","Step Size Rule","Iterations","Converged?","Gap LR","Gap Naive","Obj. Naive","Obj. LR","Gap","Time Naive","Time LR","Final Lambda"
100.00000,0.01000,1.00000,10.00000,0.00000,0.01907,0.00000,-267.64940,-272.75216,0.01907,36.00000,203.00000,4.93686
100.00000,0.01000,2.00000,10.00000,0.00000,0.01588,0.00000,-267.64940,-271.90098,0.01588,36.00000,183.00000,4.78686
100.00000,0.01000,3.00000,10.00000,0.00000,0.01943,0.00000,-267.64940,-272.84907,0.01943,36.00000,167.00000,4.82727
100.00000,0.01000,4.00000,10.00000,0.00000,0.01948,0.00000,-267.64940,-272.86364,0.01948,36.00000,175.00000,4.81197
100.00000,0.01000,5.00000,10.00000,0.00000,0.01493,0.00000,-267.64940,-271.64669,0.01493,36.00000,136.00000,6.62734
100.00000,0.01000,6.00000,10.00000,0.00000,0.01493,0.00000,-267.64940,-271.64407,0.01493,36.00000,137.00000,5.81930
