"Omega","Tolerance","Step Size Rule","Iterations","Converged?","Gap LR","Gap Naive","Obj. Naive","Obj. LR","Gap","Time Naive","Time LR","Final Lambda"
900.00000,0.03000,1.00000,1.00000,0.00000,0.05431,0.11980,-243.84741,-257.91261,0.05768,2888.00000,2912.00000,0.08999
900.00000,0.03000,2.00000,1.00000,0.00000,0.05431,0.11980,-243.84741,-257.91261,0.05768,2888.00000,2911.00000,0.29604
900.00000,0.03000,3.00000,1.00000,0.00000,0.05431,0.11980,-243.84741,-257.91261,0.05768,2888.00000,2908.00000,0.23249
900.00000,0.03000,4.00000,1.00000,0.00000,0.05431,0.11980,-243.84741,-257.91261,0.05768,2888.00000,2906.00000,0.27999
900.00000,0.03000,5.00000,1.00000,0.00000,0.05431,0.11980,-243.84741,-257.91261,0.05768,2888.00000,2906.00000,0.05920
900.00000,0.03000,6.00000,1.00000,0.00000,0.05431,0.11980,-243.84741,-257.91261,0.05768,2888.00000,2899.00000,0.00000
