"Omega","Tolerance","Step Size Rule","Iterations","Converged?","Gap LR","Gap Naive","Obj. Naive","Obj. LR","Gap","Time Naive","Time LR","Final Lambda"
900.00000,0.03000,1.00000,2.00000,0.00000,0.03744,0.12046,-243.84741,-253.78576,0.03609,2937.00000,2743.00000,13.09500
900.00000,0.03000,2.00000,2.00000,0.00000,0.03131,0.12046,-243.84741,-252.28576,0.03036,2937.00000,4483.00000,0.26388
900.00000,0.03000,3.00000,2.00000,0.00000,0.03744,0.12046,-243.84741,-253.78576,0.03609,2937.00000,2985.00000,5.41049
900.00000,0.03000,4.00000,2.00000,0.00000,0.03744,0.12046,-243.84741,-253.78576,0.03609,2937.00000,2921.00000,3.32651
900.00000,0.03000,5.00000,2.00000,0.00000,0.03744,0.12046,-243.84741,-253.78576,0.03609,2937.00000,2619.00000,0.15621
900.00000,0.03000,6.00000,2.00000,0.00000,0.03744,0.12046,-243.84741,-253.78576,0.03609,2937.00000,2411.00000,0.63206
