"Omega","Tolerance","Step Size Rule","Iterations","Converged?","Gap LR","Gap Naive","Obj. Naive","Obj. LR","Gap","Time Naive","Time LR","Final Lambda","LB Heuristic"
900.00000,0.03000,1.00000,2.00000,0.00000,0.04352,0.11984,243.84741,255.27109,0.04170,4340.00000,2423.00000,13.10999,244.62578
900.00000,0.03000,2.00000,2.00000,1.00000,0.00000,0.11984,243.84741,244.62578,0.00000,4340.00000,4221.00000,0.31249,244.62578
900.00000,0.03000,3.00000,2.00000,0.00000,0.04352,0.11984,243.84741,255.27109,0.04170,4340.00000,3199.00000,5.43299,244.62578
900.00000,0.03000,4.00000,1.00000,1.00000,0.00000,0.11984,243.84741,244.62578,0.00000,4340.00000,2107.00000,0.37499,244.62578
900.00000,0.03000,5.00000,2.00000,0.00000,0.04352,0.11984,243.84741,255.27109,0.04170,4340.00000,2570.00000,0.12843,244.62578
900.00000,0.03000,6.00000,2.00000,0.00000,0.04352,0.11984,243.84741,255.27109,0.04170,4340.00000,2485.00000,0.63206,244.62578
