"Omega","Tolerance","Step Size Rule","Iterations","Converged?","Gap LR","Gap Naive","Obj. Naive","Obj. LR","Gap","Time Naive","Time LR","Final Lambda","LB Heuristic"
900.00000,0.03000,1.00000,4.00000,0.00000,0.05703,0.08873,252.10238,258.57759,0.02504,4261.00000,2524.00000,12.40499,244.62578
900.00000,0.03000,2.00000,2.00000,0.00000,0.03829,0.08873,252.10238,253.99210,0.00744,4261.00000,4206.00000,0.00000,244.62578
900.00000,0.03000,3.00000,3.00000,0.00000,0.05614,0.08873,252.10238,258.35898,0.02422,4261.00000,2583.00000,5.32799,244.62578
900.00000,0.03000,4.00000,2.00000,0.00000,0.03874,0.08873,252.10238,254.10151,0.00787,4261.00000,4207.00000,0.19721,244.62578
900.00000,0.03000,5.00000,4.00000,0.00000,0.05703,0.08873,252.10238,258.57759,0.02504,4261.00000,2410.00000,0.02950,244.62578
900.00000,0.03000,6.00000,3.00000,0.00000,0.05431,0.08873,252.10238,257.91261,0.02253,4261.00000,4293.00000,0.00000,244.62578
