"Omega","Tolerance","Step Size Rule","Iterations","Converged?","Gap LR","Gap Naive","Obj. Naive","Obj. LR","Gap","Time Naive","Time LR","Final Lambda","LB Heuristic"
900.00000,0.01000,1.00000,2.00000,0.00000,0.02012,0.10285,239.02627,251.28229,0.01972,4356.00000,4216.00000,0.72046,246.32688
900.00000,0.01000,2.00000,2.00000,1.00000,0.00000,0.10285,239.02627,246.32688,0.00000,4356.00000,4213.00000,0.32546,246.32688
900.00000,0.01000,3.00000,2.00000,0.00000,0.02416,0.10285,239.02627,252.27913,0.02359,4356.00000,4218.00000,0.78496,246.32688
900.00000,0.01000,4.00000,2.00000,0.00000,0.01164,0.10285,239.02627,249.19294,0.01150,4356.00000,4213.00000,0.79986,246.32688
900.00000,0.01000,5.00000,4.00000,0.00000,0.02416,0.10285,239.02627,252.27913,0.02359,4356.00000,2490.00000,0.00730,246.32688
900.00000,0.01000,6.00000,3.00000,0.00000,0.02094,0.10285,239.02627,251.48496,0.02051,4356.00000,4273.00000,0.00000,246.32688
