"Omega","Tolerance","Step Size Rule","Iterations","Converged?","Gap LR","Gap Naive","Obj. Naive","Obj. LR","Gap","Time Naive","Time LR","Final Lambda"
900.00000,0.01000,1.00000,1.00000,0.00000,0.02390,0.04805,-250.88394,-252.21352,0.00530,2900.00000,2909.00000,0.79546
900.00000,0.01000,2.00000,1.00000,0.00000,0.02390,0.04805,-250.88394,-252.21352,0.00530,2900.00000,2907.00000,0.07546
900.00000,0.01000,3.00000,1.00000,0.00000,0.02390,0.04805,-250.88394,-252.21352,0.00530,2900.00000,2909.00000,0.81046
900.00000,0.01000,4.00000,1.00000,0.00000,0.02390,0.04805,-250.88394,-252.21352,0.00530,2900.00000,2918.00000,0.81546
900.00000,0.01000,5.00000,1.00000,0.00000,0.02390,0.04805,-250.88394,-252.21352,0.00530,2900.00000,2915.00000,0.00000
900.00000,0.01000,6.00000,1.00000,0.00000,0.02390,0.04805,-250.88394,-252.21352,0.00530,2900.00000,2828.00000,0.00000
