"Omega","Tolerance","Step Size Rule","Iterations","Converged?","Gap LR","Gap Naive","Obj. Naive","Obj. LR","Gap","Time Naive","Time LR","Final Lambda","LB Heuristic"
900.00000,0.01000,1.00000,2.00000,0.00000,0.02346,0.03257,251.36120,252.10473,0.00295,4245.00000,4207.00000,0.75046,246.32688
900.00000,0.01000,2.00000,2.00000,0.00000,0.02053,0.03257,251.36120,251.38430,0.00009,4245.00000,4208.00000,0.42546,246.32688
900.00000,0.01000,3.00000,2.00000,0.00000,0.02416,0.03257,251.36120,252.27913,0.00364,4245.00000,4206.00000,0.78496,246.32688
900.00000,0.01000,4.00000,2.00000,0.00000,0.02370,0.03257,251.36120,252.16473,0.00319,4245.00000,4206.00000,0.80339,246.32688
900.00000,0.01000,5.00000,10.00000,0.00000,0.02416,0.03257,251.36120,252.27913,0.00364,4245.00000,2425.00000,0.01299,246.32688
900.00000,0.01000,6.00000,3.00000,0.00000,0.02094,0.03257,251.36120,251.48496,0.00049,4245.00000,4248.00000,0.00000,246.32688
