"Omega","Tolerance","Step Size Rule","Iterations","Converged?","Gap LR","Gap Naive","Obj. Naive","Obj. LR","Gap","Time Naive","Time LR","Final Lambda"
900.00000,0.01000,1.00000,1.00000,1.00000,0.00000,0.10285,-239.02627,-246.32688,245.32688,4335.00000,2113.00000,0.82546
900.00000,0.01000,2.00000,1.00000,1.00000,0.00000,0.10285,-239.02627,-246.32688,245.32688,4335.00000,2112.00000,0.82546
900.00000,0.01000,3.00000,1.00000,1.00000,0.00000,0.10285,-239.02627,-246.32688,245.32688,4335.00000,2113.00000,0.82546
900.00000,0.01000,4.00000,1.00000,1.00000,0.00000,0.10285,-239.02627,-246.32688,245.32688,4335.00000,2110.00000,0.82546
900.00000,0.01000,5.00000,1.00000,1.00000,0.00000,0.10285,-239.02627,-246.32688,245.32688,4335.00000,2110.00000,0.82546
900.00000,0.01000,6.00000,1.00000,1.00000,0.00000,0.10285,-239.02627,-246.32688,245.32688,4335.00000,2112.00000,0.82546
