"Omega","Tolerance","Step Size Rule","Iterations","Converged?","Gap LR","Gap Naive","Obj. Naive","Obj. LR","Gap","Time Naive","Time LR","Final Lambda","LB Heuristic"
900.00000,0.07000,2.00000,2.00000,0.00000,0.05889,0.16767,243.21920,263.47423,0.05561,4273.00000,2459.00000,0.28082,248.82191
900.00000,0.07000,3.00000,3.00000,0.00000,0.05889,0.16767,243.21920,263.47423,0.05561,4273.00000,3093.00000,4.70700,248.82191
900.00000,0.07000,4.00000,2.00000,0.00000,0.05889,0.16767,243.21920,263.47423,0.05561,4273.00000,2428.00000,2.97413,248.82191
900.00000,0.07000,5.00000,2.00000,0.00000,0.05889,0.16767,243.21920,263.47423,0.05561,4273.00000,2554.00000,0.20503,248.82191
900.00000,0.07000,6.00000,3.00000,0.00000,0.05889,0.16767,243.21920,263.47423,0.05561,4273.00000,4370.00000,0.00000,248.82191
