"Omega","Tolerance","Step Size Rule","Iterations","Converged?","Gap LR","Gap Naive","Obj. Naive","Obj. LR","Gap","Time Naive","Time LR","Final Lambda"
900.00000,0.07000,1.00000,1.00000,1.00000,0.00000,0.16830,-243.21920,-248.82191,247.82191,4341.00000,2112.00000,0.30489
900.00000,0.07000,2.00000,1.00000,1.00000,0.00000,0.16830,-243.21920,-248.82191,247.82191,4341.00000,2113.00000,0.30489
900.00000,0.07000,3.00000,1.00000,1.00000,0.00000,0.16830,-243.21920,-248.82191,247.82191,4341.00000,2111.00000,0.30489
900.00000,0.07000,4.00000,1.00000,1.00000,0.00000,0.16830,-243.21920,-248.82191,247.82191,4341.00000,2114.00000,0.30489
900.00000,0.07000,5.00000,1.00000,1.00000,0.00000,0.16830,-243.21920,-248.82191,247.82191,4341.00000,2112.00000,0.30489
900.00000,0.07000,6.00000,1.00000,1.00000,0.00000,0.16830,-243.21920,-248.82191,247.82191,4341.00000,2112.00000,0.30489
