"Omega","Tolerance","Step Size Rule","Iterations","Converged?","Gap LR","Gap Naive","Obj. Naive","Obj. LR","Gap","Time Naive","Time LR","Final Lambda"
900.00000,0.07000,1.00000,2.00000,0.00000,0.05314,0.17048,-243.21920,-262.04432,0.05046,2933.00000,2652.00000,12.55500
900.00000,0.07000,2.00000,1.00000,0.00000,0.05314,0.17048,-243.21920,-262.04432,0.05046,2933.00000,2254.00000,0.28108
900.00000,0.07000,3.00000,2.00000,0.00000,0.05314,0.17048,-243.21920,-262.04432,0.05046,2933.00000,2704.00000,5.02200
900.00000,0.07000,4.00000,1.00000,0.00000,0.05314,0.17048,-243.21920,-262.04432,0.05046,2933.00000,2257.00000,0.00000
900.00000,0.07000,5.00000,1.00000,0.00000,0.05314,0.17048,-243.21920,-262.04432,0.05046,2933.00000,2257.00000,0.20965
900.00000,0.07000,6.00000,2.00000,0.00000,0.05314,0.17048,-243.21920,-262.04432,0.05046,2933.00000,2529.00000,0.69688
