"Omega","Tolerance","Step Size Rule","Iterations","Converged?","Gap LR","Gap Naive","Obj. Naive","Obj. LR","Gap","Time Naive","Time LR","Final Lambda","LB Heuristic"
900.00000,0.07000,1.00000,4.00000,0.00000,0.05889,0.16722,243.21920,263.47423,0.05561,4245.00000,2566.00000,10.66500,248.82191
900.00000,0.07000,2.00000,2.00000,1.00000,0.00000,0.16722,243.21920,248.82191,0.00000,4245.00000,4207.00000,0.30668,248.82191
900.00000,0.07000,3.00000,3.00000,0.00000,0.06173,0.16722,243.21920,264.18098,0.05814,4245.00000,2580.00000,4.70700,248.82191
900.00000,0.07000,4.00000,3.00000,0.00000,0.06173,0.16722,243.21920,264.18098,0.05814,4245.00000,2907.00000,2.79727,248.82191
900.00000,0.07000,5.00000,2.00000,0.00000,0.06056,0.16722,243.21920,263.89000,0.05710,4245.00000,4207.00000,0.26034,248.82191
900.00000,0.07000,6.00000,2.00000,0.00000,0.10677,0.16722,243.21920,275.38878,0.09647,4245.00000,4205.00000,0.00000,248.82191
