"Omega","Tolerance","Step Size Rule","Iterations","Converged?","Gap LR","Gap Naive","Obj. Naive","Obj. LR","Gap","Time Naive","Time LR","Final Lambda"
900.00000,0.07000,1.00000,1.00000,0.00000,0.05314,0.16775,-243.21920,-262.04432,0.07740,2893.00000,2891.00000,0.00000
900.00000,0.07000,2.00000,1.00000,0.00000,0.05314,0.16775,-243.21920,-262.04432,0.07740,2893.00000,2896.00000,0.28108
900.00000,0.07000,3.00000,1.00000,0.00000,0.05314,0.16775,-243.21920,-262.04432,0.07740,2893.00000,2895.00000,0.00000
900.00000,0.07000,4.00000,1.00000,0.00000,0.05314,0.16775,-243.21920,-262.04432,0.07740,2893.00000,2897.00000,0.00000
900.00000,0.07000,5.00000,1.00000,0.00000,0.05314,0.16775,-243.21920,-262.04432,0.07740,2893.00000,2897.00000,0.20965
900.00000,0.07000,6.00000,1.00000,0.00000,0.05314,0.16775,-243.21920,-262.04432,0.07740,2893.00000,2877.00000,0.00000
