"Omega","Tolerance","Step Size Rule","Iterations","Converged?","Gap LR","Gap Naive","Obj. Naive","Obj. LR","Gap","Time Naive","Time LR","Final Lambda","LB Heuristic"
100.00000,0.07000,1.00000,10.00000,0.00000,0.06468,0.00100,283.33836,301.58948,0.06052,563.00000,636.00000,3.26760,282.08132
100.00000,0.07000,2.00000,10.00000,0.00000,0.05427,0.00100,283.33836,298.26899,0.05006,563.00000,679.00000,2.74847,282.08132
100.00000,0.07000,3.00000,10.00000,0.00000,0.06313,0.00100,283.33836,301.08776,0.05895,563.00000,690.00000,3.28477,282.08132
100.00000,0.07000,4.00000,10.00000,0.00000,0.05989,0.00100,283.33836,300.05181,0.05570,563.00000,743.00000,3.14186,282.08132
100.00000,0.07000,5.00000,10.00000,0.00000,0.05463,0.00100,283.33836,298.38189,0.05042,563.00000,461.00000,2.69934,282.08132
100.00000,0.07000,6.00000,10.00000,0.00000,0.05802,0.00100,283.33836,299.45633,0.05382,563.00000,515.00000,1.82679,282.08132
