"Omega","Tolerance","Step Size Rule","Iterations","Converged?","Gap LR","Gap Naive","Obj. Naive","Obj. LR","Gap","Time Naive","Time LR","Final Lambda"
450.00000,0.01000,1.00000,10.00000,0.00000,0.01019,0.00000,-278.93435,-279.21211,0.00100,58.00000,136.00000,209.16565
450.00000,0.01000,2.00000,10.00000,0.00000,0.01019,0.00000,-278.93435,-279.21211,0.00100,58.00000,140.00000,0.17462
450.00000,0.01000,3.00000,10.00000,0.00000,0.01004,0.00000,-278.93435,-279.17044,0.00085,58.00000,271.00000,36.55090
450.00000,0.01000,4.00000,10.00000,0.00000,0.01019,0.00000,-278.93435,-279.21211,0.00100,58.00000,152.00000,123.58813
450.00000,0.01000,5.00000,10.00000,0.00000,0.01200,0.00000,-278.93435,-279.71211,0.00279,58.00000,63.00000,0.16998
450.00000,0.01000,6.00000,10.00000,0.00000,0.00994,0.00000,-278.93435,-279.14122,0.00074,58.00000,294.00000,0.42749
