"Omega","Tolerance","Step Size Rule","Iterations","Converged?","Gap LR","Gap Naive","Obj. Naive","Obj. LR","Gap","Time Naive","Time LR","Final Lambda","LB Heuristic"
900.00000,0.03000,1.00000,3.00000,0.00000,0.03921,0.08973,250.52538,255.53277,0.01960,4275.00000,2457.00000,12.92029,245.89224
900.00000,0.03000,2.00000,3.00000,0.00000,0.03921,0.08973,250.52538,255.53277,0.01960,4275.00000,2501.00000,0.26236,245.89224
900.00000,0.03000,3.00000,2.00000,0.00000,0.02682,0.08973,250.52538,252.48663,0.00777,4275.00000,4207.00000,0.19879,245.89224
900.00000,0.03000,4.00000,2.00000,0.00000,0.03616,0.08973,250.52538,254.78284,0.01671,4275.00000,4207.00000,0.30493,245.89224
900.00000,0.03000,5.00000,4.00000,0.00000,0.03921,0.08973,250.52538,255.53277,0.01960,4275.00000,2408.00000,0.00745,245.89224
900.00000,0.03000,6.00000,3.00000,0.00000,0.03921,0.08973,250.52538,255.53277,0.01960,4275.00000,4288.00000,0.00000,245.89224
