"Omega","Tolerance","Step Size Rule","Iterations","Converged?","Gap LR","Gap Naive","Obj. Naive","Obj. LR","Gap","Time Naive","Time LR","Final Lambda"
900.00000,0.03000,1.00000,1.00000,0.00000,0.03878,0.15665,-233.10605,-255.42698,0.09575,2900.00000,2910.00000,0.15529
900.00000,0.03000,2.00000,1.00000,0.00000,0.03878,0.15665,-233.10605,-255.42698,0.09575,2900.00000,2920.00000,0.30154
900.00000,0.03000,3.00000,1.00000,0.00000,0.02890,0.15665,-233.10605,-252.99795,0.08533,2900.00000,2929.00000,0.36529
900.00000,0.03000,4.00000,1.00000,0.00000,0.03878,0.15665,-233.10605,-255.42698,0.09575,2900.00000,2915.00000,0.31529
900.00000,0.03000,5.00000,1.00000,0.00000,0.03878,0.15665,-233.10605,-255.42698,0.09575,2900.00000,2917.00000,0.02029
900.00000,0.03000,6.00000,1.00000,0.00000,0.03878,0.15665,-233.10605,-255.42698,0.09575,2900.00000,2908.00000,0.00000
