"Omega","Tolerance","Step Size Rule","Iterations","Converged?","Gap LR","Gap Naive","Obj. Naive","Obj. LR","Gap","Time Naive","Time LR","Final Lambda"
900.00000,0.03000,1.00000,1.00000,1.00000,0.00000,0.15666,-233.10605,-245.89224,244.89224,4343.00000,2111.00000,0.39529
900.00000,0.03000,2.00000,1.00000,1.00000,0.00000,0.15666,-233.10605,-245.89224,244.89224,4343.00000,2112.00000,0.39529
900.00000,0.03000,3.00000,1.00000,1.00000,0.00000,0.15666,-233.10605,-245.89224,244.89224,4343.00000,2113.00000,0.39529
900.00000,0.03000,4.00000,1.00000,1.00000,0.00000,0.15666,-233.10605,-245.89224,244.89224,4343.00000,2112.00000,0.39529
900.00000,0.03000,5.00000,1.00000,1.00000,0.00000,0.15666,-233.10605,-245.89224,244.89224,4343.00000,2114.00000,0.39529
900.00000,0.03000,6.00000,1.00000,1.00000,0.00000,0.15666,-233.10605,-245.89224,244.89224,4343.00000,2120.00000,0.39529
