"Omega","Tolerance","Step Size Rule","Iterations","Converged?","Gap LR","Gap Naive","Obj. Naive","Obj. LR","Gap","Time Naive","Time LR","Final Lambda"
900.00000,0.03000,1.00000,2.00000,0.00000,0.00859,0.15693,-233.10605,-243.77888,-0.00867,2946.00000,2688.00000,13.09500
900.00000,0.03000,2.00000,1.00000,0.00000,0.00859,0.15693,-233.10605,-243.77888,-0.00867,2946.00000,2259.00000,0.33973
900.00000,0.03000,3.00000,1.00000,0.00000,0.00859,0.15693,-233.10605,-243.77888,-0.00867,2946.00000,2256.00000,0.19279
900.00000,0.03000,4.00000,1.00000,0.00000,0.00859,0.15693,-233.10605,-243.77888,-0.00867,2946.00000,2283.00000,0.26029
900.00000,0.03000,5.00000,1.00000,0.00000,0.00859,0.15693,-233.10605,-243.77888,-0.00867,2946.00000,2270.00000,0.17307
900.00000,0.03000,6.00000,2.00000,0.00000,0.00859,0.15693,-233.10605,-243.77888,-0.00867,2946.00000,4458.00000,0.00000
