"Omega","Tolerance","Step Size Rule","Iterations","Converged?","Gap LR","Gap Naive","Obj. Naive","Obj. LR","Gap","Time Naive","Time LR","Final Lambda"
100.00000,0.01000,1.00000,10.00000,0.00000,0.01033,0.00000,-279.69051,-282.58064,0.01033,18.00000,163.00000,4.58434
100.00000,0.01000,2.00000,10.00000,0.00000,0.00545,0.00000,-279.69051,-281.21564,0.00545,18.00000,95.00000,1.85556
100.00000,0.01000,3.00000,10.00000,0.00000,0.01068,0.00000,-279.69051,-282.67755,0.01068,18.00000,136.00000,4.69394
100.00000,0.01000,4.00000,10.00000,0.00000,0.01073,0.00000,-279.69051,-282.69212,0.01073,18.00000,128.00000,4.70924
100.00000,0.01000,5.00000,10.00000,0.00000,0.01082,0.00000,-279.69051,-282.71564,0.01082,18.00000,57.00000,0.11691
100.00000,0.01000,6.00000,10.00000,0.00000,0.00333,0.00000,-279.69051,-280.62141,0.00333,18.00000,139.00000,2.50920
