"Omega","Tolerance","Step Size Rule","Iterations","Converged?","Gap LR","Gap Naive","Obj. Naive","Obj. LR","Gap","Time Naive","Time LR","Final Lambda","LB Heuristic"
100.00000,0.01000,1.00000,10.00000,0.00000,0.01033,0.00000,279.69051,282.58064,0.01023,26.00000,231.00000,4.58434,279.69051
100.00000,0.01000,2.00000,10.00000,0.00000,0.00545,0.00000,279.69051,281.21564,0.00542,26.00000,143.00000,1.85556,279.69051
100.00000,0.01000,3.00000,10.00000,0.00000,0.01068,0.00000,279.69051,282.67755,0.01057,26.00000,202.00000,4.69394,279.69051
100.00000,0.01000,4.00000,10.00000,0.00000,0.01073,0.00000,279.69051,282.69212,0.01062,26.00000,188.00000,4.70924,279.69051
100.00000,0.01000,5.00000,10.00000,0.00000,0.01082,0.00000,279.69051,282.71564,0.01070,26.00000,87.00000,0.11691,279.69051
100.00000,0.01000,6.00000,10.00000,0.00000,0.00333,0.00000,279.69051,280.62141,0.00332,26.00000,206.00000,2.50920,279.69051
