"Omega","Tolerance","Step Size Rule","Iterations","Converged?","Gap LR","Gap Naive","Obj. Naive","Obj. LR","Gap","Time Naive","Time LR","Final Lambda"
900.00000,0.01000,1.00000,2.00000,0.00000,0.01620,0.08659,-241.83092,-248.36488,0.01594,2970.00000,4468.00000,0.59581
900.00000,0.01000,2.00000,2.00000,0.00000,0.01503,0.08659,-241.83092,-248.07988,0.01481,2970.00000,4465.00000,0.53248
900.00000,0.01000,3.00000,2.00000,0.00000,0.01869,0.08659,-241.83092,-248.97238,0.01834,2970.00000,4482.00000,0.74431
900.00000,0.01000,4.00000,2.00000,0.00000,0.01951,0.08659,-241.83092,-249.17488,0.01914,2970.00000,4385.00000,0.78899
900.00000,0.01000,5.00000,2.00000,0.00000,0.03088,0.08659,-241.83092,-251.95290,0.02996,2970.00000,2508.00000,0.00337
900.00000,0.01000,6.00000,2.00000,0.00000,0.03088,0.08659,-241.83092,-251.95290,0.02996,2970.00000,2281.00000,0.57076
