"Omega","Tolerance","Step Size Rule","Iterations","Converged?","Gap LR","Gap Naive","Obj. Naive","Obj. LR","Gap","Time Naive","Time LR","Final Lambda","LB Heuristic"
900.00000,0.01000,1.00000,2.00000,0.00000,0.02830,0.05355,248.82004,251.32290,0.00996,4227.00000,4204.00000,0.67081,244.40563
900.00000,0.01000,2.00000,2.00000,0.00000,0.02557,0.05355,248.82004,250.65439,0.00732,4227.00000,4205.00000,0.40153,244.40563
900.00000,0.01000,3.00000,2.00000,0.00000,0.02959,0.05355,248.82004,251.63790,0.01120,4227.00000,4205.00000,0.77731,244.40563
900.00000,0.01000,4.00000,2.00000,0.00000,0.02896,0.05355,248.82004,251.48404,0.01059,4227.00000,4205.00000,0.81313,244.40563
900.00000,0.01000,5.00000,9.00000,0.00000,0.03023,0.05355,248.82004,251.79495,0.01181,4227.00000,2401.00000,0.02099,244.40563
900.00000,0.01000,6.00000,3.00000,0.00000,0.02358,0.05355,248.82004,250.16980,0.00540,4227.00000,4266.00000,0.00000,244.40563
