"Omega","Tolerance","Step Size Rule","Iterations","Converged?","Gap LR","Gap Naive","Obj. Naive","Obj. LR","Gap","Time Naive","Time LR","Final Lambda"
900.00000,0.01000,1.00000,1.00000,0.00000,0.03088,0.06159,-248.08639,-251.95290,0.01559,2914.00000,2898.00000,0.77581
900.00000,0.01000,2.00000,1.00000,0.00000,0.03088,0.06159,-248.08639,-251.95290,0.01559,2914.00000,2895.00000,0.61581
900.00000,0.01000,3.00000,1.00000,0.00000,0.03088,0.06159,-248.08639,-251.95290,0.01559,2914.00000,2898.00000,0.82081
900.00000,0.01000,4.00000,1.00000,0.00000,0.03088,0.06159,-248.08639,-251.95290,0.01559,2914.00000,2907.00000,0.83581
900.00000,0.01000,5.00000,1.00000,0.00000,0.03088,0.06159,-248.08639,-251.95290,0.01559,2914.00000,2901.00000,0.00000
900.00000,0.01000,6.00000,1.00000,0.00000,0.03088,0.06159,-248.08639,-251.95290,0.01559,2914.00000,2817.00000,0.00000
