"Omega","Tolerance","Step Size Rule","Iterations","Converged?","Gap LR","Gap Naive","Obj. Naive","Obj. LR","Gap","Time Naive","Time LR","Final Lambda","LB Heuristic"
900.00000,0.01000,2.00000,2.00000,0.00000,0.02117,0.06117,248.19832,249.57988,0.00554,4269.00000,4208.00000,0.44915,244.40563
900.00000,0.01000,3.00000,2.00000,0.00000,0.02211,0.06117,248.19832,249.80895,0.00645,4269.00000,4215.00000,0.77581,244.40563
900.00000,0.01000,4.00000,2.00000,0.00000,0.02117,0.06117,248.19832,249.57988,0.00554,4269.00000,4207.00000,0.79960,244.40563
900.00000,0.01000,5.00000,4.00000,0.00000,0.03023,0.06117,248.19832,251.79495,0.01428,4269.00000,2430.00000,0.01596,244.40563
900.00000,0.01000,6.00000,3.00000,0.00000,0.02358,0.06117,248.19832,250.16980,0.00788,4269.00000,4332.00000,0.00000,244.40563
