"Omega","Tolerance","Step Size Rule","Iterations","Converged?","Gap LR","Gap Naive","Obj. Naive","Obj. LR","Gap","Time Naive","Time LR","Final Lambda"
600.00000,0.03000,1.00000,1.00000,0.00000,0.03990,0.08333,-250.46214,-255.75371,0.02113,2842.00000,2848.00000,0.48895
600.00000,0.03000,2.00000,1.00000,0.00000,0.03990,0.08333,-250.46214,-255.75371,0.02113,2842.00000,2846.00000,0.37967
600.00000,0.03000,3.00000,1.00000,0.00000,0.03990,0.08333,-250.46214,-255.75371,0.02113,2842.00000,2851.00000,0.54145
600.00000,0.03000,4.00000,1.00000,0.00000,0.03990,0.08333,-250.46214,-255.75371,0.02113,2842.00000,2851.00000,0.55895
600.00000,0.03000,5.00000,1.00000,0.00000,0.03990,0.08333,-250.46214,-255.75371,0.02113,2842.00000,2849.00000,0.00000
600.00000,0.03000,6.00000,1.00000,0.00000,0.04007,0.08333,-250.46214,-255.79717,0.02130,2842.00000,2853.00000,0.00000
