"Omega","Tolerance","Step Size Rule","Iterations","Converged?","Gap LR","Gap Naive","Obj. Naive","Obj. LR","Gap","Time Naive","Time LR","Final Lambda","LB Heuristic"
600.00000,0.03000,1.00000,2.00000,0.00000,0.03691,0.08002,251.11939,255.01871,0.01529,4239.00000,4215.00000,0.38395,245.94151
600.00000,0.03000,2.00000,3.00000,0.00000,0.03990,0.08002,251.11939,255.75371,0.01812,4239.00000,2430.00000,0.38482,245.94151
600.00000,0.03000,3.00000,2.00000,0.00000,0.03840,0.08002,251.11939,255.38621,0.01671,4239.00000,4213.00000,0.49945,245.94151
600.00000,0.03000,4.00000,2.00000,0.00000,0.03990,0.08002,251.11939,255.75371,0.01812,4239.00000,4213.00000,0.53067,245.94151
600.00000,0.03000,5.00000,4.00000,0.00000,0.03990,0.08002,251.11939,255.75371,0.01812,4239.00000,2544.00000,0.01117,245.94151
600.00000,0.03000,6.00000,3.00000,0.00000,0.03990,0.08002,251.11939,255.75371,0.01812,4239.00000,4300.00000,0.00000,245.94151
