"Omega","Tolerance","Step Size Rule","Iterations","Converged?","Gap LR","Gap Naive","Obj. Naive","Obj. LR","Gap","Time Naive","Time LR","Final Lambda","LB Heuristic"
600.00000,0.03000,1.00000,2.00000,0.00000,0.03875,0.07308,251.85404,255.47172,0.01416,4239.00000,4209.00000,0.36895,245.94151
600.00000,0.03000,2.00000,4.00000,0.00000,0.03990,0.07308,251.85404,255.75371,0.01525,4239.00000,2633.00000,0.38740,245.94151
600.00000,0.03000,3.00000,2.00000,0.00000,0.03840,0.07308,251.85404,255.38621,0.01383,4239.00000,4204.00000,0.49945,245.94151
600.00000,0.03000,4.00000,2.00000,0.00000,0.03990,0.07308,251.85404,255.75371,0.01525,4239.00000,4204.00000,0.53067,245.94151
600.00000,0.03000,5.00000,9.00000,0.00000,0.03990,0.07308,251.85404,255.75371,0.01525,4239.00000,2423.00000,0.01886,245.94151
600.00000,0.03000,6.00000,3.00000,0.00000,0.04217,0.07308,251.85404,256.31172,0.01739,4239.00000,4027.00000,0.00000,245.94151
