"Omega","Tolerance","Step Size Rule","Iterations","Converged?","Gap LR","Gap Naive","Obj. Naive","Obj. LR","Gap","Time Naive","Time LR","Final Lambda","LB Heuristic"
600.00000,0.03000,1.00000,2.00000,0.00000,0.03691,0.17287,226.97521,255.01871,0.03559,4285.00000,4218.00000,0.38395,245.94151
600.00000,0.03000,2.00000,3.00000,0.00000,0.03990,0.17287,226.97521,255.75371,0.03837,4285.00000,2555.00000,0.38482,245.94151
600.00000,0.03000,3.00000,2.00000,0.00000,0.03392,0.17287,226.97521,254.28390,0.03281,4285.00000,4213.00000,0.47545,245.94151
600.00000,0.03000,4.00000,2.00000,0.00000,0.03990,0.17287,226.97521,255.75371,0.03837,4285.00000,4214.00000,0.53067,245.94151
600.00000,0.03000,5.00000,4.00000,0.00000,0.03990,0.17287,226.97521,255.75371,0.03837,4285.00000,2493.00000,0.01117,245.94151
600.00000,0.03000,6.00000,3.00000,0.00000,0.03990,0.17287,226.97521,255.75371,0.03837,4285.00000,4310.00000,0.00000,245.94151
