"Omega","Tolerance","Step Size Rule","Iterations","Converged?","Gap LR","Gap Naive","Obj. Naive","Obj. LR","Gap","Time Naive","Time LR","Final Lambda"
600.00000,0.03000,1.00000,2.00000,0.00000,0.01163,0.08213,-250.79084,-248.80247,-0.00799,2869.00000,4346.00000,0.20395
600.00000,0.03000,2.00000,2.00000,0.00000,0.03602,0.08213,-250.79084,-254.79916,0.01573,2869.00000,4333.00000,0.24330
600.00000,0.03000,3.00000,2.00000,0.00000,0.01425,0.08213,-250.79084,-249.44683,-0.00539,2869.00000,4355.00000,0.40945
600.00000,0.03000,4.00000,2.00000,0.00000,0.03990,0.08213,-250.79084,-255.75371,0.01940,2869.00000,4297.00000,0.53067
600.00000,0.03000,5.00000,3.00000,0.00000,0.03990,0.08213,-250.79084,-255.75371,0.01940,2869.00000,2364.00000,0.00859
600.00000,0.03000,6.00000,3.00000,0.00000,0.03990,0.08213,-250.79084,-255.75371,0.01940,2869.00000,4211.00000,0.00000
