"Omega","Tolerance","Step Size Rule","Iterations","Converged?","Gap LR","Gap Naive","Obj. Naive","Obj. LR","Gap","Time Naive","Time LR","Final Lambda","LB Heuristic"
600.00000,0.03000,1.00000,2.00000,0.00000,0.03691,0.07474,251.40460,255.01871,0.01417,4230.00000,4213.00000,0.38395,245.94151
600.00000,0.03000,2.00000,3.00000,0.00000,0.03990,0.07474,251.40460,255.75371,0.01701,4230.00000,2429.00000,0.38482,245.94151
600.00000,0.03000,3.00000,2.00000,0.00000,0.03840,0.07474,251.40460,255.38621,0.01559,4230.00000,4210.00000,0.49945,245.94151
600.00000,0.03000,4.00000,2.00000,0.00000,0.03990,0.07474,251.40460,255.75371,0.01701,4230.00000,4211.00000,0.53067,245.94151
600.00000,0.03000,5.00000,5.00000,0.00000,0.03990,0.07474,251.40460,255.75371,0.01701,4230.00000,2441.00000,0.01323,245.94151
600.00000,0.03000,6.00000,3.00000,0.00000,0.03990,0.07474,251.40460,255.75371,0.01701,4230.00000,4265.00000,0.00000,245.94151
