"Omega","Tolerance","Step Size Rule","Iterations","Converged?","Gap LR","Gap Naive","Obj. Naive","Obj. LR","Gap","Time Naive","Time LR","Final Lambda","LB Heuristic"
600.00000,0.03000,1.00000,2.00000,0.00000,0.03691,0.09617,248.02144,255.01871,0.02744,4270.00000,4217.00000,0.38395,245.94151
600.00000,0.03000,2.00000,3.00000,0.00000,0.03990,0.09617,248.02144,255.75371,0.03023,4270.00000,2509.00000,0.38482,245.94151
600.00000,0.03000,3.00000,2.00000,0.00000,0.03392,0.09617,248.02144,254.28390,0.02463,4270.00000,4215.00000,0.47545,245.94151
600.00000,0.03000,4.00000,2.00000,0.00000,0.03990,0.09617,248.02144,255.75371,0.03023,4270.00000,4212.00000,0.53067,245.94151
600.00000,0.03000,5.00000,4.00000,0.00000,0.03990,0.09617,248.02144,255.75371,0.03023,4270.00000,2512.00000,0.01117,245.94151
600.00000,0.03000,6.00000,3.00000,0.00000,0.03990,0.09617,248.02144,255.75371,0.03023,4270.00000,4292.00000,0.00000,245.94151
