"Omega","Tolerance","Step Size Rule","Iterations","Converged?","Gap LR","Gap Naive","Obj. Naive","Obj. LR","Gap","Time Naive","Time LR","Final Lambda","LB Heuristic"
100.00000,0.03000,1.00000,10.00000,0.00000,0.00810,0.00000,276.98006,279.22445,0.00804,166.00000,615.00000,4.27495,276.98006
100.00000,0.03000,2.00000,10.00000,0.00000,0.00848,0.00000,276.98006,279.32945,0.00841,166.00000,118.00000,1.60913,276.98006
100.00000,0.03000,3.00000,10.00000,0.00000,0.00834,0.00000,276.98006,279.29136,0.00828,166.00000,551.00000,2.92955,276.98006
100.00000,0.03000,4.00000,10.00000,0.00000,0.00840,0.00000,276.98006,279.30593,0.00833,166.00000,463.00000,2.94485,276.98006
100.00000,0.03000,5.00000,10.00000,0.00000,0.00848,0.00000,276.98006,279.32945,0.00841,166.00000,57.00000,0.11932,276.98006
100.00000,0.03000,6.00000,10.00000,0.00000,0.00815,0.00000,276.98006,279.23671,0.00808,166.00000,142.00000,2.31304,276.98006
