"Omega","Tolerance","Step Size Rule","Iterations","Converged?","Gap LR","Gap Naive","Obj. Naive","Obj. LR","Gap","Time Naive","Time LR","Final Lambda"
100.00000,0.03000,1.00000,10.00000,0.00000,0.00810,0.00000,-276.98006,-279.22445,0.00810,8.00000,34.00000,4.27495
100.00000,0.03000,2.00000,10.00000,0.00000,0.00848,0.00000,-276.98006,-279.32945,0.00848,8.00000,2.00000,1.60913
100.00000,0.03000,3.00000,10.00000,0.00000,0.00834,0.00000,-276.98006,-279.29136,0.00834,8.00000,35.00000,2.92955
100.00000,0.03000,4.00000,10.00000,0.00000,0.00840,0.00000,-276.98006,-279.30593,0.00840,8.00000,36.00000,2.94485
100.00000,0.03000,5.00000,10.00000,0.00000,0.00848,0.00000,-276.98006,-279.32945,0.00848,8.00000,2.00000,0.11932
100.00000,0.03000,6.00000,10.00000,0.00000,0.00815,0.00000,-276.98006,-279.23671,0.00815,8.00000,15.00000,2.31304
