"Omega","Tolerance","Step Size Rule","Iterations","Converged?","Gap LR","Gap Naive","Obj. Naive","Obj. LR","Gap","Time Naive","Time LR","Final Lambda"
600.00000,0.07000,1.00000,2.00000,0.00000,0.06415,0.17791,-238.97904,-267.04628,0.06028,2861.00000,2352.00000,8.37000
600.00000,0.07000,2.00000,2.00000,0.00000,0.06415,0.17791,-238.97904,-267.04628,0.06028,2861.00000,2468.00000,0.41444
600.00000,0.07000,3.00000,2.00000,0.00000,0.06415,0.17791,-238.97904,-267.04628,0.06028,2861.00000,2418.00000,3.56663
600.00000,0.07000,4.00000,2.00000,0.00000,0.06415,0.17791,-238.97904,-267.04628,0.06028,2861.00000,2490.00000,2.27146
600.00000,0.07000,5.00000,2.00000,0.00000,0.06415,0.17791,-238.97904,-267.04628,0.06028,2861.00000,2538.00000,0.27651
600.00000,0.07000,6.00000,2.00000,0.00000,0.06415,0.17791,-238.97904,-267.04628,0.06028,2861.00000,2373.00000,1.03354
