"Omega","Tolerance","Step Size Rule","Iterations","Converged?","Gap LR","Gap Naive","Obj. Naive","Obj. LR","Gap","Time Naive","Time LR","Final Lambda","LB Heuristic"
600.00000,0.07000,1.00000,3.00000,0.00000,0.12928,0.17715,238.97904,283.39178,0.11448,4226.00000,2471.00000,7.56863,250.94913
600.00000,0.07000,2.00000,2.00000,0.00000,0.12330,0.17715,238.97904,281.89178,0.10977,4226.00000,4207.00000,0.46401,250.94913
600.00000,0.07000,3.00000,2.00000,0.00000,0.12928,0.17715,238.97904,283.39178,0.11448,4226.00000,2473.00000,4.39163,250.94913
600.00000,0.07000,4.00000,2.00000,0.00000,0.12928,0.17715,238.97904,283.39178,0.11448,4226.00000,2575.00000,3.10014,250.94913
600.00000,0.07000,5.00000,2.00000,0.00000,0.06148,0.17715,238.97904,266.37768,0.05792,4226.00000,4206.00000,0.37847,250.94913
600.00000,0.07000,6.00000,3.00000,0.00000,0.06415,0.17715,238.97904,267.04628,0.06028,4226.00000,4251.00000,0.08359,250.94913
