"Omega","Tolerance","Step Size Rule","Iterations","Converged?","Gap LR","Gap Naive","Obj. Naive","Obj. LR","Gap","Time Naive","Time LR","Final Lambda","LB Heuristic"
600.00000,0.07000,1.00000,4.00000,0.00000,0.12928,0.11362,256.99052,283.39178,0.09316,4214.00000,2443.00000,6.93863,250.94913
600.00000,0.07000,2.00000,2.00000,0.00000,0.12330,0.11362,256.99052,281.89178,0.08834,4214.00000,4207.00000,0.46401,250.94913
600.00000,0.07000,3.00000,2.00000,0.00000,0.12928,0.11362,256.99052,283.39178,0.09316,4214.00000,2413.00000,4.39163,250.94913
600.00000,0.07000,4.00000,2.00000,0.00000,0.12928,0.11362,256.99052,283.39178,0.09316,4214.00000,2499.00000,3.10014,250.94913
600.00000,0.07000,5.00000,2.00000,0.00000,0.06148,0.11362,256.99052,266.37768,0.03524,4214.00000,4207.00000,0.37847,250.94913
600.00000,0.07000,6.00000,2.00000,0.00000,0.08006,0.11362,256.99052,271.03950,0.05183,4214.00000,3586.00000,0.00000,250.94913
