"Omega","Tolerance","Step Size Rule","Iterations","Converged?","Gap LR","Gap Naive","Obj. Naive","Obj. LR","Gap","Time Naive","Time LR","Final Lambda"
600.00000,0.07000,1.00000,3.00000,0.00000,0.06415,0.17758,-238.97904,-267.04628,266.10656,4267.00000,2825.00000,7.74000
600.00000,0.07000,2.00000,2.00000,0.00000,0.06415,0.17758,-238.97904,-267.04628,266.10656,4267.00000,2910.00000,0.41444
600.00000,0.07000,3.00000,3.00000,0.00000,0.06415,0.17758,-238.97904,-267.04628,266.10656,4267.00000,3476.00000,3.35663
600.00000,0.07000,4.00000,2.00000,0.00000,0.06415,0.17758,-238.97904,-267.04628,266.10656,4267.00000,2407.00000,2.27146
600.00000,0.07000,5.00000,3.00000,0.00000,0.06415,0.17758,-238.97904,-267.04628,266.10656,4267.00000,2439.00000,0.28009
600.00000,0.07000,6.00000,3.00000,0.00000,0.06415,0.17758,-238.97904,-267.04628,266.10656,4267.00000,4316.00000,0.02496
