"Omega","Tolerance","Step Size Rule","Iterations","Converged?","Gap LR","Gap Naive","Obj. Naive","Obj. LR","Gap","Time Naive","Time LR","Final Lambda","LB Heuristic"
600.00000,0.07000,1.00000,3.00000,0.00000,0.06415,0.17758,238.97904,267.04628,0.06028,4258.00000,2770.00000,7.74000,250.94913
600.00000,0.07000,2.00000,2.00000,0.00000,0.06415,0.17758,238.97904,267.04628,0.06028,4258.00000,2980.00000,0.41444,250.94913
600.00000,0.07000,3.00000,3.00000,0.00000,0.06415,0.17758,238.97904,267.04628,0.06028,4258.00000,3452.00000,3.35663,250.94913
600.00000,0.07000,4.00000,3.00000,0.00000,0.06415,0.17758,238.97904,267.04628,0.06028,4258.00000,4294.00000,2.15021,250.94913
600.00000,0.07000,5.00000,3.00000,0.00000,0.06415,0.17758,238.97904,267.04628,0.06028,4258.00000,2486.00000,0.28009,250.94913
600.00000,0.07000,6.00000,3.00000,0.00000,0.06415,0.17758,238.97904,267.04628,0.06028,4258.00000,4339.00000,0.02496,250.94913
