"Omega","Tolerance","Step Size Rule","Iterations","Converged?","Gap LR","Gap Naive","Obj. Naive","Obj. LR","Gap","Time Naive","Time LR","Final Lambda"
600.00000,0.07000,1.00000,1.00000,0.00000,0.12928,0.17758,-238.97904,-283.39178,0.18584,2837.00000,2870.00000,8.82863
600.00000,0.07000,2.00000,1.00000,0.00000,0.12928,0.17758,-238.97904,-283.39178,0.18584,2837.00000,2878.00000,0.46132
600.00000,0.07000,3.00000,1.00000,0.00000,0.12928,0.17758,-238.97904,-283.39178,0.18584,2837.00000,2887.00000,4.64363
600.00000,0.07000,4.00000,1.00000,0.00000,0.12928,0.17758,-238.97904,-283.39178,0.18584,2837.00000,2883.00000,3.24863
600.00000,0.07000,5.00000,1.00000,0.00000,0.12928,0.17758,-238.97904,-283.39178,0.18584,2837.00000,2866.00000,0.46938
600.00000,0.07000,6.00000,1.00000,0.00000,0.12928,0.17758,-238.97904,-283.39178,0.18584,2837.00000,2818.00000,0.57491
