"Omega","Tolerance","Step Size Rule","Iterations","Converged?","Gap LR","Gap Naive","Obj. Naive","Obj. LR","Gap","Time Naive","Time LR","Final Lambda","LB Heuristic"
900.00000,0.07000,2.00000,1.00000,1.00000,0.00000,0.17185,241.01601,249.52891,0.00000,4269.00000,2104.00000,0.30528,249.52891
900.00000,0.07000,3.00000,1.00000,1.00000,0.00000,0.17185,241.01601,249.52891,0.00000,4269.00000,2106.00000,0.30528,249.52891
900.00000,0.07000,4.00000,1.00000,1.00000,0.00000,0.17185,241.01601,249.52891,0.00000,4269.00000,2105.00000,0.30528,249.52891
900.00000,0.07000,5.00000,1.00000,1.00000,0.00000,0.17185,241.01601,249.52891,0.00000,4269.00000,2106.00000,0.30528,249.52891
900.00000,0.07000,6.00000,1.00000,1.00000,0.00000,0.17185,241.01601,249.52891,0.00000,4269.00000,2105.00000,0.30528,249.52891
