"Omega","Tolerance","Step Size Rule","Iterations","Converged?","Gap LR","Gap Naive","Obj. Naive","Obj. LR","Gap","Time Naive","Time LR","Final Lambda"
900.00000,0.07000,1.00000,1.00000,1.00000,0.00000,0.17231,-241.01601,-249.52891,248.52891,4313.00000,2105.00000,0.30528
900.00000,0.07000,2.00000,1.00000,1.00000,0.00000,0.17231,-241.01601,-249.52891,248.52891,4313.00000,2108.00000,0.30528
900.00000,0.07000,3.00000,1.00000,1.00000,0.00000,0.17231,-241.01601,-249.52891,248.52891,4313.00000,2108.00000,0.30528
900.00000,0.07000,4.00000,1.00000,1.00000,0.00000,0.17231,-241.01601,-249.52891,248.52891,4313.00000,2108.00000,0.30528
900.00000,0.07000,5.00000,1.00000,1.00000,0.00000,0.17231,-241.01601,-249.52891,248.52891,4313.00000,2107.00000,0.30528
900.00000,0.07000,6.00000,1.00000,1.00000,0.00000,0.17231,-241.01601,-249.52891,248.52891,4313.00000,2108.00000,0.30528
