"Omega","Tolerance","Step Size Rule","Iterations","Converged?","Gap LR","Gap Naive","Obj. Naive","Obj. LR","Gap","Time Naive","Time LR","Final Lambda","LB Heuristic"
900.00000,0.07000,1.00000,4.00000,0.00000,0.06512,0.17140,241.01601,265.77799,0.06114,4224.00000,2604.00000,10.66500,249.52891
900.00000,0.07000,2.00000,3.00000,0.00000,0.06512,0.17140,241.01601,265.77799,0.06114,4224.00000,2417.00000,0.28300,249.52891
900.00000,0.07000,3.00000,3.00000,0.00000,0.06512,0.17140,241.01601,265.77799,0.06114,4224.00000,2550.00000,4.70700,249.52891
900.00000,0.07000,4.00000,3.00000,0.00000,0.06512,0.17140,241.01601,265.77799,0.06114,4224.00000,2739.00000,2.79554,249.52891
900.00000,0.07000,5.00000,3.00000,0.00000,0.06512,0.17140,241.01601,265.77799,0.06114,4224.00000,2407.00000,0.20780,249.52891
900.00000,0.07000,6.00000,3.00000,0.00000,0.06512,0.17140,241.01601,265.77799,0.06114,4224.00000,4289.00000,0.00682,249.52891
