"Omega","Tolerance","Step Size Rule","Iterations","Converged?","Gap LR","Gap Naive","Obj. Naive","Obj. LR","Gap","Time Naive","Time LR","Final Lambda"
900.00000,0.07000,1.00000,1.00000,0.00000,0.06084,0.17193,-241.01601,-264.70909,0.09831,2904.00000,2889.00000,0.00000
900.00000,0.07000,2.00000,1.00000,0.00000,0.06084,0.17193,-241.01601,-264.70909,0.09831,2904.00000,2886.00000,0.27941
900.00000,0.07000,3.00000,1.00000,0.00000,0.06084,0.17193,-241.01601,-264.70909,0.09831,2904.00000,2886.00000,0.00000
900.00000,0.07000,4.00000,1.00000,0.00000,0.06084,0.17193,-241.01601,-264.70909,0.09831,2904.00000,2888.00000,0.01528
900.00000,0.07000,5.00000,1.00000,0.00000,0.06084,0.17193,-241.01601,-264.70909,0.09831,2904.00000,2889.00000,0.20183
900.00000,0.07000,6.00000,1.00000,0.00000,0.06084,0.17193,-241.01601,-264.70909,0.09831,2904.00000,2865.00000,0.00000
