"Omega","Tolerance","Step Size Rule","Iterations","Converged?","Gap LR","Gap Naive","Obj. Naive","Obj. LR","Gap","Time Naive","Time LR","Final Lambda"
900.00000,0.07000,1.00000,2.00000,0.00000,0.04117,0.17469,-241.01601,-259.80151,0.03954,2924.00000,2659.00000,12.55500
900.00000,0.07000,2.00000,1.00000,0.00000,0.04117,0.17469,-241.01601,-259.80151,0.03954,2924.00000,2255.00000,0.28147
900.00000,0.07000,3.00000,2.00000,0.00000,0.04117,0.17469,-241.01601,-259.80151,0.03954,2924.00000,2650.00000,5.02200
900.00000,0.07000,4.00000,2.00000,0.00000,0.04117,0.17469,-241.01601,-259.80151,0.03954,2924.00000,2653.00000,2.95924
900.00000,0.07000,5.00000,2.00000,0.00000,0.04117,0.17469,-241.01601,-259.80151,0.03954,2924.00000,2825.00000,0.21362
900.00000,0.07000,6.00000,2.00000,0.00000,0.04117,0.17469,-241.01601,-259.80151,0.03954,2924.00000,2501.00000,0.69235
