"Omega","Tolerance","Step Size Rule","Iterations","Converged?","Gap LR","Gap Naive","Obj. Naive","Obj. LR","Gap","Time Naive","Time LR","Final Lambda"
600.00000,0.07000,1.00000,1.00000,0.00000,0.05897,0.14636,-248.38715,-267.99979,0.07896,2850.00000,2842.00000,0.00000
600.00000,0.07000,2.00000,1.00000,0.00000,0.05897,0.14636,-248.38715,-267.99979,0.07896,2850.00000,2844.00000,0.41242
600.00000,0.07000,3.00000,1.00000,0.00000,0.05897,0.14636,-248.38715,-267.99979,0.07896,2850.00000,2848.00000,0.21930
600.00000,0.07000,4.00000,1.00000,0.00000,0.05897,0.14636,-248.38715,-267.99979,0.07896,2850.00000,2849.00000,0.29930
600.00000,0.07000,5.00000,1.00000,0.00000,0.05897,0.14636,-248.38715,-267.99979,0.07896,2850.00000,2850.00000,0.27180
600.00000,0.07000,6.00000,1.00000,0.00000,0.05897,0.14636,-248.38715,-267.99979,0.07896,2850.00000,2845.00000,0.00000
