"Omega","Tolerance","Step Size Rule","Iterations","Converged?","Gap LR","Gap Naive","Obj. Naive","Obj. LR","Gap","Time Naive","Time LR","Final Lambda","LB Heuristic"
600.00000,0.07000,1.00000,5.00000,0.00000,0.05589,0.14404,248.83413,267.22223,0.05293,4222.00000,2533.00000,6.52500,253.07704
600.00000,0.07000,2.00000,5.00000,0.00000,0.05589,0.14404,248.83413,267.22223,0.05293,4222.00000,2559.00000,0.42593,253.07704
600.00000,0.07000,3.00000,3.00000,0.00000,0.05615,0.14404,248.83413,267.28616,0.05316,4222.00000,2553.00000,3.33230,253.07704
600.00000,0.07000,4.00000,3.00000,0.00000,0.05615,0.14404,248.83413,267.28616,0.05316,4222.00000,3114.00000,2.13377,253.07704
600.00000,0.07000,5.00000,5.00000,0.00000,0.05589,0.14404,248.83413,267.22223,0.05293,4222.00000,2428.00000,0.29662,253.07704
600.00000,0.07000,6.00000,3.00000,0.00000,0.05762,0.14404,248.83413,267.66036,0.05448,4222.00000,4246.00000,0.00128,253.07704
