"Omega","Tolerance","Step Size Rule","Iterations","Converged?","Gap LR","Gap Naive","Obj. Naive","Obj. LR","Gap","Time Naive","Time LR","Final Lambda"
600.00000,0.07000,1.00000,2.00000,0.00000,0.04665,0.20193,-232.21745,-264.88329,0.04457,2887.00000,2383.00000,8.37000
600.00000,0.07000,2.00000,2.00000,0.00000,0.04665,0.20193,-232.21745,-264.88329,0.04457,2887.00000,2515.00000,0.42448
600.00000,0.07000,3.00000,2.00000,0.00000,0.04665,0.20193,-232.21745,-264.88329,0.04457,2887.00000,2417.00000,3.50730
600.00000,0.07000,4.00000,2.00000,0.00000,0.04665,0.20193,-232.21745,-264.88329,0.04457,2887.00000,2490.00000,2.23212
600.00000,0.07000,5.00000,2.00000,0.00000,0.04665,0.20193,-232.21745,-264.88329,0.04457,2887.00000,2588.00000,0.31467
600.00000,0.07000,6.00000,2.00000,0.00000,0.04665,0.20193,-232.21745,-264.88329,0.04457,2887.00000,2377.00000,1.02686
