"Omega","Tolerance","Step Size Rule","Iterations","Converged?","Gap LR","Gap Naive","Obj. Naive","Obj. LR","Gap","Time Naive","Time LR","Final Lambda","LB Heuristic"
600.00000,0.07000,1.00000,1.00000,1.00000,0.00000,0.20193,232.21745,253.07704,0.00000,4266.00000,2110.00000,0.45930,253.07704
600.00000,0.07000,2.00000,1.00000,1.00000,0.00000,0.20193,232.21745,253.07704,0.00000,4266.00000,2108.00000,0.45930,253.07704
600.00000,0.07000,3.00000,1.00000,1.00000,0.00000,0.20193,232.21745,253.07704,0.00000,4266.00000,2109.00000,0.45930,253.07704
600.00000,0.07000,4.00000,2.00000,0.00000,0.05589,0.20193,232.21745,267.22223,0.05293,4266.00000,2407.00000,2.26212,253.07704
600.00000,0.07000,5.00000,3.00000,0.00000,0.05589,0.20193,232.21745,267.22223,0.05293,4266.00000,2553.00000,0.29179,253.07704
600.00000,0.07000,6.00000,1.00000,1.00000,0.00000,0.20193,232.21745,253.07704,0.00000,4266.00000,2109.00000,0.45930,253.07704
