"Omega","Tolerance","Step Size Rule","Iterations","Converged?","Gap LR","Gap Naive","Obj. Naive","Obj. LR","Gap","Time Naive","Time LR","Final Lambda","LB Heuristic"
600.00000,0.07000,1.00000,4.00000,0.00000,0.05589,0.14558,248.38715,267.22223,0.05293,4230.00000,2549.00000,7.14000,253.07704
600.00000,0.07000,2.00000,5.00000,0.00000,0.05589,0.14558,248.38715,267.22223,0.05293,4230.00000,2690.00000,0.42593,253.07704
600.00000,0.07000,3.00000,3.00000,0.00000,0.05589,0.14558,248.38715,267.22223,0.05293,4230.00000,2598.00000,3.34730,253.07704
600.00000,0.07000,4.00000,3.00000,0.00000,0.05589,0.14558,248.38715,267.22223,0.05293,4230.00000,3428.00000,2.14377,253.07704
600.00000,0.07000,5.00000,4.00000,0.00000,0.05589,0.14558,248.38715,267.22223,0.05293,4230.00000,2490.00000,0.29447,253.07704
600.00000,0.07000,6.00000,3.00000,0.00000,0.05589,0.14558,248.38715,267.22223,0.05293,4230.00000,4284.00000,0.00128,253.07704
