"Omega","Tolerance","Step Size Rule","Iterations","Converged?","Gap LR","Gap Naive","Obj. Naive","Obj. LR","Gap","Time Naive","Time LR","Final Lambda","LB Heuristic"
600.00000,0.07000,1.00000,3.00000,0.00000,0.05589,0.20193,232.21745,267.22223,0.05293,4282.00000,2607.00000,7.75500,253.07704
600.00000,0.07000,2.00000,3.00000,0.00000,0.05589,0.20193,232.21745,267.22223,0.05293,4282.00000,2514.00000,0.42055,253.07704
600.00000,0.07000,3.00000,3.00000,0.00000,0.05589,0.20193,232.21745,267.22223,0.05293,4282.00000,2913.00000,3.34730,253.07704
600.00000,0.07000,4.00000,3.00000,0.00000,0.05589,0.20193,232.21745,267.22223,0.05293,4282.00000,3829.00000,2.14377,253.07704
600.00000,0.07000,5.00000,4.00000,0.00000,0.05589,0.20193,232.21745,267.22223,0.05293,4282.00000,2491.00000,0.29447,253.07704
600.00000,0.07000,6.00000,3.00000,0.00000,0.05589,0.20193,232.21745,267.22223,0.05293,4282.00000,4291.00000,0.00128,253.07704
