"Omega","Tolerance","Step Size Rule","Iterations","Converged?","Gap LR","Gap Naive","Obj. Naive","Obj. LR","Gap","Time Naive","Time LR","Final Lambda","LB Heuristic"
100.00000,0.01000,1.00000,10.00000,0.00000,0.00571,0.00000,274.24654,275.81173,0.00567,20.00000,272.00000,4.65963,274.24654
100.00000,0.01000,2.00000,10.00000,0.00000,0.00073,0.00000,274.24654,274.44673,0.00073,20.00000,157.00000,1.93084,274.24654
100.00000,0.01000,3.00000,10.00000,0.00000,0.00606,0.00000,274.24654,275.90864,0.00602,20.00000,232.00000,4.76923,274.24654
100.00000,0.01000,4.00000,10.00000,0.00000,0.00611,0.00000,274.24654,275.92321,0.00608,20.00000,208.00000,4.78453,274.24654
100.00000,0.01000,5.00000,10.00000,0.00000,0.00620,0.00000,274.24654,275.94673,0.00616,20.00000,88.00000,0.11691,274.24654
100.00000,0.01000,6.00000,10.00000,0.00000,0.00025,0.00000,274.24654,274.31596,0.00025,20.00000,285.00000,3.17885,274.24654
