"Omega","Tolerance","Step Size Rule","Iterations","Converged?","Gap LR","Gap Naive","Obj. Naive","Obj. LR","Gap","Time Naive","Time LR","Final Lambda"
100.00000,0.01000,1.00000,10.00000,0.00000,0.00571,0.00000,-274.24654,-275.81173,0.00571,15.00000,187.00000,4.65963
100.00000,0.01000,2.00000,10.00000,0.00000,0.00073,0.00000,-274.24654,-274.44673,0.00073,15.00000,109.00000,1.93084
100.00000,0.01000,3.00000,10.00000,0.00000,0.00606,0.00000,-274.24654,-275.90864,0.00606,15.00000,159.00000,4.76923
100.00000,0.01000,4.00000,10.00000,0.00000,0.00611,0.00000,-274.24654,-275.92321,0.00611,15.00000,141.00000,4.78453
100.00000,0.01000,5.00000,10.00000,0.00000,0.00620,0.00000,-274.24654,-275.94673,0.00620,15.00000,59.00000,0.11691
100.00000,0.01000,6.00000,10.00000,0.00000,0.00025,0.00000,-274.24654,-274.31596,0.00025,15.00000,196.00000,3.17885
