"Omega","Tolerance","Step Size Rule","Iterations","Converged?","Gap LR","Gap Naive","Obj. Naive","Obj. LR","Gap","Time Naive","Time LR","Final Lambda"
600.00000,0.03000,1.00000,1.00000,0.00000,0.02645,0.15976,-231.87456,-258.59152,0.11522,2845.00000,2849.00000,0.46735
600.00000,0.03000,2.00000,1.00000,0.00000,0.02645,0.15976,-231.87456,-258.59152,0.11522,2845.00000,2847.00000,0.35807
600.00000,0.03000,3.00000,1.00000,0.00000,0.02645,0.15976,-231.87456,-258.59152,0.11522,2845.00000,2850.00000,0.51985
600.00000,0.03000,4.00000,1.00000,0.00000,0.02645,0.15976,-231.87456,-258.59152,0.11522,2845.00000,2854.00000,0.53735
600.00000,0.03000,5.00000,1.00000,0.00000,0.02645,0.15976,-231.87456,-258.59152,0.11522,2845.00000,2847.00000,0.00000
600.00000,0.03000,6.00000,1.00000,0.00000,0.02687,0.15976,-231.87456,-258.69627,0.11567,2845.00000,2839.00000,7.34143
