"Omega","Tolerance","Step Size Rule","Iterations","Converged?","Gap LR","Gap Naive","Obj. Naive","Obj. LR","Gap","Time Naive","Time LR","Final Lambda","LB Heuristic"
600.00000,0.03000,1.00000,2.00000,1.00000,0.02404,0.07408,254.27241,258.13160,0.01495,4231.00000,4205.00000,0.51235,251.92719
600.00000,0.03000,2.00000,4.00000,0.00000,0.02812,0.07408,254.27241,259.21631,0.01907,4231.00000,2461.00000,0.00773,251.92719
600.00000,0.03000,3.00000,2.00000,0.00000,0.02404,0.07408,254.27241,258.13160,0.01495,4231.00000,4207.00000,0.56035,251.92719
600.00000,0.03000,4.00000,2.00000,0.00000,0.02279,0.07408,254.27241,257.80186,0.01369,4231.00000,4206.00000,0.57649,251.92719
600.00000,0.03000,5.00000,6.00000,0.00000,0.02812,0.07408,254.27241,259.21631,0.01907,4231.00000,2403.00000,0.01495,251.92719
600.00000,0.03000,6.00000,3.00000,0.00000,0.02812,0.07408,254.27241,259.21631,0.01907,4231.00000,4261.00000,0.03040,251.92719
