"Omega","Tolerance","Step Size Rule","Iterations","Converged?","Gap LR","Gap Naive","Obj. Naive","Obj. LR","Gap","Time Naive","Time LR","Final Lambda","LB Heuristic"
600.00000,0.03000,1.00000,3.00000,0.00000,0.01805,0.16128,231.87456,256.47360,0.01773,4275.00000,2885.00000,8.82235,251.92719
600.00000,0.03000,2.00000,2.00000,0.00000,0.01209,0.16128,231.87456,254.97360,0.01195,4275.00000,4223.00000,0.37235,251.92719
600.00000,0.03000,3.00000,2.00000,0.00000,0.01805,0.16128,231.87456,256.47360,0.01773,4275.00000,4221.00000,0.44185,251.92719
600.00000,0.03000,4.00000,2.00000,0.00000,0.01358,0.16128,231.87456,255.34860,0.01340,4275.00000,4215.00000,0.44432,251.92719
600.00000,0.03000,5.00000,3.00000,0.00000,0.01805,0.16128,231.87456,256.47360,0.01773,4275.00000,2484.00000,0.18094,251.92719
600.00000,0.03000,6.00000,3.00000,0.00000,0.02046,0.16128,231.87456,257.08161,0.02005,4275.00000,4292.00000,0.26926,251.92719
