"Omega","Tolerance","Step Size Rule","Iterations","Converged?","Gap LR","Gap Naive","Obj. Naive","Obj. LR","Gap","Time Naive","Time LR","Final Lambda","LB Heuristic"
600.00000,0.03000,1.00000,2.00000,1.00000,0.02404,0.07139,255.01291,258.13160,0.01208,4238.00000,4205.00000,0.51235,251.92719
600.00000,0.03000,2.00000,5.00000,0.00000,0.02812,0.07139,255.01291,259.21631,0.01622,4238.00000,2458.00000,0.01031,251.92719
600.00000,0.03000,3.00000,2.00000,0.00000,0.02634,0.07139,255.01291,258.74136,0.01441,4238.00000,4208.00000,0.52735,251.92719
600.00000,0.03000,4.00000,2.00000,0.00000,0.02279,0.07139,255.01291,257.80186,0.01082,4238.00000,4206.00000,0.57649,251.92719
600.00000,0.03000,5.00000,7.00000,0.00000,0.02812,0.07139,255.01291,259.21631,0.01622,4238.00000,2445.00000,0.01642,251.92719
600.00000,0.03000,6.00000,3.00000,0.00000,0.02812,0.07139,255.01291,259.21631,0.01622,4238.00000,4259.00000,0.03040,251.92719
