"Omega","Tolerance","Step Size Rule","Iterations","Converged?","Gap LR","Gap Naive","Obj. Naive","Obj. LR","Gap","Time Naive","Time LR","Final Lambda","LB Heuristic"
600.00000,0.03000,1.00000,2.00000,0.00000,0.02855,0.07139,255.01291,259.11900,0.01585,4225.00000,4203.00000,0.42235,251.92719
600.00000,0.03000,2.00000,4.00000,0.00000,0.02893,0.07139,255.01291,259.21631,0.01622,4225.00000,2428.00000,0.00773,251.92719
600.00000,0.03000,3.00000,2.00000,0.00000,0.02705,0.07139,255.01291,258.74136,0.01441,4225.00000,4208.00000,0.52735,251.92719
600.00000,0.03000,4.00000,2.00000,0.00000,0.02332,0.07139,255.01291,257.80186,0.01082,4225.00000,4206.00000,0.57649,251.92719
600.00000,0.03000,5.00000,6.00000,0.00000,0.02893,0.07139,255.01291,259.21631,0.01622,4225.00000,2433.00000,0.01495,251.92719
600.00000,0.03000,6.00000,3.00000,0.00000,0.02893,0.07139,255.01291,259.21631,0.01622,4225.00000,4271.00000,0.03040,251.92719
