"Omega","Tolerance","Step Size Rule","Iterations","Converged?","Gap LR","Gap Naive","Obj. Naive","Obj. LR","Gap","Time Naive","Time LR","Final Lambda","LB Heuristic"
600.00000,0.03000,1.00000,2.00000,1.00000,0.02463,0.07511,254.27241,258.13160,0.01495,4226.00000,4208.00000,0.51235,251.92719
600.00000,0.03000,2.00000,5.00000,0.00000,0.02893,0.07511,254.27241,259.21631,0.01907,4226.00000,2488.00000,0.01031,251.92719
600.00000,0.03000,3.00000,2.00000,0.00000,0.02463,0.07511,254.27241,258.13160,0.01495,4226.00000,4209.00000,0.56035,251.92719
600.00000,0.03000,4.00000,2.00000,0.00000,0.02332,0.07511,254.27241,257.80186,0.01369,4226.00000,4209.00000,0.57649,251.92719
600.00000,0.03000,5.00000,5.00000,0.00000,0.02893,0.07511,254.27241,259.21631,0.01907,4226.00000,2406.00000,0.01323,251.92719
600.00000,0.03000,6.00000,3.00000,0.00000,0.02893,0.07511,254.27241,259.21631,0.01907,4226.00000,4280.00000,0.03040,251.92719
