"Omega","Tolerance","Step Size Rule","Iterations","Converged?","Gap LR","Gap Naive","Obj. Naive","Obj. LR","Gap","Time Naive","Time LR","Final Lambda"
600.00000,0.03000,1.00000,2.00000,0.00000,0.01805,0.16277,-231.87456,-256.47360,0.01773,2874.00000,2453.00000,9.07735
600.00000,0.03000,2.00000,2.00000,0.00000,0.01209,0.16277,-231.87456,-254.97360,0.01195,2874.00000,4330.00000,0.37235
600.00000,0.03000,3.00000,2.00000,0.00000,0.00619,0.16277,-231.87456,-253.48577,0.00615,2874.00000,4319.00000,0.36985
600.00000,0.03000,4.00000,2.00000,0.00000,0.01026,0.16277,-231.87456,-254.51233,0.01016,2874.00000,4300.00000,0.44078
600.00000,0.03000,5.00000,3.00000,0.00000,0.02645,0.16277,-231.87456,-258.59152,0.02577,2874.00000,2355.00000,0.00859
600.00000,0.03000,6.00000,3.00000,0.00000,0.02645,0.16277,-231.87456,-258.59152,0.02577,2874.00000,4372.00000,0.11272
