"Omega","Tolerance","Step Size Rule","Iterations","Converged?","Gap LR","Gap Naive","Obj. Naive","Obj. LR","Gap","Time Naive","Time LR","Final Lambda","LB Heuristic"
600.00000,0.03000,1.00000,3.00000,0.00000,0.01805,0.16128,231.87456,256.47360,0.01773,4316.00000,2894.00000,8.82235,251.92719
600.00000,0.03000,2.00000,2.00000,1.00000,0.00000,0.16128,231.87456,251.92719,0.00000,4316.00000,4218.00000,0.47235,251.92719
600.00000,0.03000,3.00000,2.00000,0.00000,0.01805,0.16128,231.87456,256.47360,0.01773,4316.00000,4217.00000,0.44185,251.92719
600.00000,0.03000,4.00000,2.00000,0.00000,0.01358,0.16128,231.87456,255.34860,0.01340,4316.00000,4214.00000,0.44432,251.92719
600.00000,0.03000,5.00000,4.00000,0.00000,0.01943,0.16128,231.87456,256.82164,0.01906,4316.00000,2549.00000,0.03807,251.92719
600.00000,0.03000,6.00000,3.00000,0.00000,0.02046,0.16128,231.87456,257.08161,0.02005,4316.00000,4305.00000,0.26926,251.92719
