"Omega","Tolerance","Step Size Rule","Iterations","Converged?","Gap LR","Gap Naive","Obj. Naive","Obj. LR","Gap","Time Naive","Time LR","Final Lambda","LB Heuristic"
600.00000,0.03000,1.00000,2.00000,1.00000,0.02404,0.07139,255.01291,258.13160,0.01208,4232.00000,4206.00000,0.51235,251.92719
600.00000,0.03000,2.00000,4.00000,0.00000,0.02812,0.07139,255.01291,259.21631,0.01622,4232.00000,2408.00000,0.00773,251.92719
600.00000,0.03000,3.00000,2.00000,0.00000,0.02605,0.07139,255.01291,258.66551,0.01412,4232.00000,4208.00000,0.55135,251.92719
600.00000,0.03000,4.00000,2.00000,0.00000,0.02279,0.07139,255.01291,257.80186,0.01082,4232.00000,4206.00000,0.57649,251.92719
600.00000,0.03000,5.00000,5.00000,0.00000,0.02812,0.07139,255.01291,259.21631,0.01622,4232.00000,2436.00000,0.01323,251.92719
600.00000,0.03000,6.00000,3.00000,0.00000,0.02812,0.07139,255.01291,259.21631,0.01622,4232.00000,4280.00000,0.03040,251.92719
