"Omega","Tolerance","Step Size Rule","Iterations","Converged?","Gap LR","Gap Naive","Obj. Naive","Obj. LR","Gap","Time Naive","Time LR","Final Lambda"
600.00000,0.03000,1.00000,3.00000,0.00000,0.01805,0.16128,-231.87456,-256.47360,255.49133,4287.00000,2932.00000,8.82235
600.00000,0.03000,2.00000,2.00000,1.00000,0.00000,0.16128,-231.87456,-251.92719,250.92719,4287.00000,4221.00000,0.47235
600.00000,0.03000,3.00000,2.00000,0.00000,0.01805,0.16128,-231.87456,-256.47360,255.49133,4287.00000,4219.00000,0.44185
600.00000,0.03000,4.00000,2.00000,0.00000,0.01358,0.16128,-231.87456,-255.34860,254.36200,4287.00000,4216.00000,0.44432
600.00000,0.03000,5.00000,3.00000,0.00000,0.01805,0.16128,-231.87456,-256.47360,255.49133,4287.00000,2463.00000,0.18094
600.00000,0.03000,6.00000,3.00000,0.00000,0.02046,0.16128,-231.87456,-257.08161,256.10166,4287.00000,4311.00000,0.26926
