"Omega","Tolerance","Step Size Rule","Iterations","Converged?","Gap LR","Gap Naive","Obj. Naive","Obj. LR","Gap","Time Naive","Time LR","Final Lambda","LB Heuristic"
600.00000,0.03000,1.00000,2.00000,0.00000,0.02046,0.09425,249.00945,257.08161,0.02005,4246.00000,4215.00000,9.13735,251.92719
600.00000,0.03000,2.00000,2.00000,0.00000,0.02046,0.09425,249.00945,257.08161,0.02005,4246.00000,4212.00000,0.00000,251.92719
600.00000,0.03000,3.00000,2.00000,0.00000,0.01148,0.09425,249.00945,254.81810,0.01135,4246.00000,4212.00000,0.38785,251.92719
600.00000,0.03000,4.00000,2.00000,1.00000,0.00000,0.09425,249.00945,251.92719,0.00000,4246.00000,4213.00000,0.51735,251.92719
600.00000,0.03000,5.00000,5.00000,0.00000,0.02046,0.09425,249.00945,257.08161,0.02005,4246.00000,2475.00000,0.04013,251.92719
600.00000,0.03000,6.00000,3.00000,0.00000,0.02893,0.09425,249.00945,259.21631,0.02812,4246.00000,3706.00000,0.03040,251.92719
