"Omega","Tolerance","Step Size Rule","Iterations","Converged?","Gap LR","Gap Naive","Obj. Naive","Obj. LR","Gap","Time Naive","Time LR","Final Lambda","LB Heuristic"
600.00000,0.03000,1.00000,2.00000,0.00000,0.02591,0.07139,255.01291,258.62822,0.01398,4233.00000,4205.00000,0.43735,251.92719
600.00000,0.03000,2.00000,4.00000,0.00000,0.02812,0.07139,255.01291,259.21631,0.01622,4233.00000,2422.00000,0.00773,251.92719
600.00000,0.03000,3.00000,2.00000,0.00000,0.02622,0.07139,255.01291,258.70945,0.01429,4233.00000,4208.00000,0.51535,251.92719
600.00000,0.03000,4.00000,2.00000,0.00000,0.02279,0.07139,255.01291,257.80186,0.01082,4233.00000,4209.00000,0.57649,251.92719
600.00000,0.03000,5.00000,6.00000,0.00000,0.02812,0.07139,255.01291,259.21631,0.01622,4233.00000,2410.00000,0.01495,251.92719
600.00000,0.03000,6.00000,3.00000,0.00000,0.02812,0.07139,255.01291,259.21631,0.01622,4233.00000,4276.00000,0.03040,251.92719
