"Omega","Tolerance","Step Size Rule","Iterations","Converged?","Gap LR","Gap Naive","Obj. Naive","Obj. LR","Gap","Time Naive","Time LR","Final Lambda","LB Heuristic"
600.00000,0.03000,1.00000,2.00000,1.00000,0.02463,0.07891,253.22753,258.13160,0.01900,4228.00000,4208.00000,0.51235,251.92719
600.00000,0.03000,2.00000,3.00000,0.00000,0.02893,0.07891,253.22753,259.21631,0.02310,4228.00000,2403.00000,0.00515,251.92719
600.00000,0.03000,3.00000,2.00000,0.00000,0.02463,0.07891,253.22753,258.13160,0.01900,4228.00000,4210.00000,0.56035,251.92719
600.00000,0.03000,4.00000,2.00000,0.00000,0.02463,0.07891,253.22753,258.13160,0.01900,4228.00000,4209.00000,0.53114,251.92719
600.00000,0.03000,5.00000,4.00000,0.00000,0.02046,0.07891,253.22753,257.08161,0.01499,4228.00000,2454.00000,0.03807,251.92719
600.00000,0.03000,6.00000,3.00000,0.00000,0.02893,0.07891,253.22753,259.21631,0.02310,4228.00000,4305.00000,0.03040,251.92719
