"Omega","Tolerance","Step Size Rule","Iterations","Converged?","Gap LR","Gap Naive","Obj. Naive","Obj. LR","Gap","Time Naive","Time LR","Final Lambda","LB Heuristic"
600.00000,0.07000,1.00000,3.00000,0.00000,0.08670,0.16948,241.44066,270.88312,0.07978,4291.00000,2557.00000,7.76439,249.27205
600.00000,0.07000,2.00000,2.00000,0.00000,0.08670,0.16948,241.44066,270.88312,0.07978,4291.00000,2603.00000,0.41035,249.27205
600.00000,0.07000,3.00000,3.00000,0.00000,0.08670,0.16948,241.44066,270.88312,0.07978,4291.00000,3185.00000,3.37989,249.27205
600.00000,0.07000,4.00000,3.00000,0.00000,0.08670,0.16948,241.44066,270.88312,0.07978,4291.00000,3946.00000,2.16597,249.27205
600.00000,0.07000,5.00000,4.00000,0.00000,0.08670,0.16948,241.44066,270.88312,0.07978,4291.00000,2543.00000,0.26414,249.27205
600.00000,0.07000,6.00000,3.00000,0.00000,0.08670,0.16948,241.44066,270.88312,0.07978,4291.00000,4309.00000,0.00000,249.27205
