"Omega","Tolerance","Step Size Rule","Iterations","Converged?","Gap LR","Gap Naive","Obj. Naive","Obj. LR","Gap","Time Naive","Time LR","Final Lambda","LB Heuristic"
600.00000,0.07000,1.00000,6.00000,0.00000,0.08310,0.11655,256.09282,269.98559,0.05146,4216.00000,2496.00000,5.85000,249.27205
600.00000,0.07000,2.00000,5.00000,0.00000,0.08310,0.11655,256.09282,269.98559,0.05146,4216.00000,2414.00000,0.42175,249.27205
600.00000,0.07000,3.00000,3.00000,0.00000,0.08310,0.11655,256.09282,269.98559,0.05146,4216.00000,2487.00000,3.36489,249.27205
600.00000,0.07000,4.00000,3.00000,0.00000,0.08310,0.11655,256.09282,269.98559,0.05146,4216.00000,3133.00000,2.15597,249.27205
600.00000,0.07000,5.00000,4.00000,0.00000,0.08310,0.11655,256.09282,269.98559,0.05146,4216.00000,2453.00000,0.27749,249.27205
600.00000,0.07000,6.00000,3.00000,0.00000,0.08310,0.11655,256.09282,269.98559,0.05146,4216.00000,4248.00000,0.00000,249.27205
