"Omega","Tolerance","Step Size Rule","Iterations","Converged?","Gap LR","Gap Naive","Obj. Naive","Obj. LR","Gap","Time Naive","Time LR","Final Lambda","LB Heuristic"
600.00000,0.07000,1.00000,3.00000,0.00000,0.07891,0.16948,241.44066,268.94106,0.07314,4281.00000,2641.00000,7.74000,249.27205
600.00000,0.07000,2.00000,2.00000,0.00000,0.07891,0.16948,241.44066,268.94106,0.07314,4281.00000,2547.00000,0.41796,249.27205
600.00000,0.07000,3.00000,3.00000,0.00000,0.07891,0.16948,241.44066,268.94106,0.07314,4281.00000,3439.00000,3.34239,249.27205
600.00000,0.07000,4.00000,3.00000,0.00000,0.07891,0.16948,241.44066,268.94106,0.07314,4281.00000,4231.00000,2.14097,249.27205
600.00000,0.07000,5.00000,3.00000,0.00000,0.08310,0.16948,241.44066,269.98559,0.07672,4281.00000,2472.00000,0.27480,249.27205
600.00000,0.07000,6.00000,3.00000,0.00000,0.08310,0.16948,241.44066,269.98559,0.07672,4281.00000,4309.00000,0.00000,249.27205
