"Omega","Tolerance","Step Size Rule","Iterations","Converged?","Gap LR","Gap Naive","Obj. Naive","Obj. LR","Gap","Time Naive","Time LR","Final Lambda"
600.00000,0.07000,1.00000,3.00000,0.00000,0.07891,0.16948,-241.44066,-268.94106,268.01420,4273.00000,2647.00000,7.74000
600.00000,0.07000,2.00000,2.00000,0.00000,0.07891,0.16948,-241.44066,-268.94106,268.01420,4273.00000,2517.00000,0.41796
600.00000,0.07000,3.00000,3.00000,0.00000,0.07891,0.16948,-241.44066,-268.94106,268.01420,4273.00000,3400.00000,3.34239
600.00000,0.07000,4.00000,3.00000,0.00000,0.07891,0.16948,-241.44066,-268.94106,268.01420,4273.00000,4155.00000,2.14097
600.00000,0.07000,5.00000,3.00000,0.00000,0.08310,0.16948,-241.44066,-269.98559,269.06232,4273.00000,2512.00000,0.27480
600.00000,0.07000,6.00000,3.00000,0.00000,0.08310,0.16948,-241.44066,-269.98559,269.06232,4273.00000,4327.00000,0.00000
