"Omega","Tolerance","Step Size Rule","Iterations","Converged?","Gap LR","Gap Naive","Obj. Naive","Obj. LR","Gap","Time Naive","Time LR","Final Lambda","LB Heuristic"
600.00000,0.07000,1.00000,3.00000,0.00000,0.08670,0.16947,241.44066,270.88312,0.07978,4246.00000,2484.00000,7.76439,249.27205
600.00000,0.07000,2.00000,2.00000,0.00000,0.08670,0.16947,241.44066,270.88312,0.07978,4246.00000,2541.00000,0.41035,249.27205
600.00000,0.07000,3.00000,3.00000,0.00000,0.08670,0.16947,241.44066,270.88312,0.07978,4246.00000,3085.00000,3.37989,249.27205
600.00000,0.07000,4.00000,3.00000,0.00000,0.08670,0.16947,241.44066,270.88312,0.07978,4246.00000,3741.00000,2.16597,249.27205
600.00000,0.07000,5.00000,3.00000,0.00000,0.08670,0.16947,241.44066,270.88312,0.07978,4246.00000,2438.00000,0.26145,249.27205
600.00000,0.07000,6.00000,3.00000,0.00000,0.08670,0.16947,241.44066,270.88312,0.07978,4246.00000,4317.00000,0.00000,249.27205
