"Omega","Tolerance","Step Size Rule","Iterations","Converged?","Gap LR","Gap Naive","Obj. Naive","Obj. LR","Gap","Time Naive","Time LR","Final Lambda","LB Heuristic"
600.00000,0.07000,1.00000,4.00000,0.00000,0.08670,0.12193,254.65906,270.88312,0.05989,4244.00000,2425.00000,7.13439,249.27205
600.00000,0.07000,2.00000,3.00000,0.00000,0.08670,0.12193,254.65906,270.88312,0.05989,4244.00000,2498.00000,0.41304,249.27205
600.00000,0.07000,3.00000,3.00000,0.00000,0.08670,0.12193,254.65906,270.88312,0.05989,4244.00000,2778.00000,3.37989,249.27205
600.00000,0.07000,4.00000,3.00000,0.00000,0.08670,0.12193,254.65906,270.88312,0.05989,4244.00000,3409.00000,2.16597,249.27205
600.00000,0.07000,5.00000,4.00000,0.00000,0.08670,0.12193,254.65906,270.88312,0.05989,4244.00000,2525.00000,0.26414,249.27205
600.00000,0.07000,6.00000,3.00000,0.00000,0.08670,0.12193,254.65906,270.88312,0.05989,4244.00000,4301.00000,0.00000,249.27205
