"Omega","Tolerance","Step Size Rule","Iterations","Converged?","Gap LR","Gap Naive","Obj. Naive","Obj. LR","Gap","Time Naive","Time LR","Final Lambda"
600.00000,0.07000,1.00000,2.00000,0.00000,0.08310,0.16948,-241.44066,-269.98559,0.07672,2876.00000,2365.00000,8.37000
600.00000,0.07000,2.00000,2.00000,0.00000,0.08310,0.16948,-241.44066,-269.98559,0.07672,2876.00000,2474.00000,0.41369
600.00000,0.07000,3.00000,2.00000,0.00000,0.08310,0.16948,-241.44066,-269.98559,0.07672,2876.00000,2448.00000,3.57489
600.00000,0.07000,4.00000,2.00000,0.00000,0.08310,0.16948,-241.44066,-269.98559,0.07672,2876.00000,2464.00000,2.27722
600.00000,0.07000,5.00000,2.00000,0.00000,0.08310,0.16948,-241.44066,-269.98559,0.07672,2876.00000,2525.00000,0.27122
600.00000,0.07000,6.00000,2.00000,0.00000,0.08310,0.16948,-241.44066,-269.98559,0.07672,2876.00000,2374.00000,1.04158
