"Omega","Tolerance","Step Size Rule","Iterations","Converged?","Gap LR","Gap Naive","Obj. Naive","Obj. LR","Gap","Time Naive","Time LR","Final Lambda"
600.00000,0.07000,1.00000,1.00000,0.00000,0.08310,0.16947,-241.44066,-269.98559,0.11823,2847.00000,2849.00000,0.00000
600.00000,0.07000,2.00000,1.00000,0.00000,0.08310,0.16947,-241.44066,-269.98559,0.11823,2847.00000,2851.00000,0.41100
600.00000,0.07000,3.00000,1.00000,0.00000,0.08310,0.16947,-241.44066,-269.98559,0.11823,2847.00000,2859.00000,0.22689
600.00000,0.07000,4.00000,1.00000,0.00000,0.08310,0.16947,-241.44066,-269.98559,0.11823,2847.00000,2865.00000,0.30439
600.00000,0.07000,5.00000,1.00000,0.00000,0.13745,0.16947,-241.44066,-283.53332,0.17434,2847.00000,2880.00000,0.47014
600.00000,0.07000,6.00000,1.00000,0.00000,0.13745,0.16947,-241.44066,-283.53332,0.17434,2847.00000,2820.00000,0.58219
