"Omega","Tolerance","Step Size Rule","Iterations","Converged?","Gap LR","Gap Naive","Obj. Naive","Obj. LR","Gap","Time Naive","Time LR","Final Lambda","LB Heuristic"
900.00000,0.05000,1.00000,4.00000,0.00000,0.06342,0.15986,239.02627,262.44058,0.05964,4267.00000,2570.00000,11.47500,246.78907
900.00000,0.05000,2.00000,2.00000,0.00000,0.06342,0.15986,239.02627,262.44058,0.05964,4267.00000,3018.00000,0.24862,246.78907
900.00000,0.05000,3.00000,3.00000,0.00000,0.06342,0.15986,239.02627,262.44058,0.05964,4267.00000,3085.00000,4.99109,246.78907
900.00000,0.05000,4.00000,3.00000,0.00000,0.06342,0.15986,239.02627,262.44058,0.05964,4267.00000,3252.00000,3.04945,246.78907
900.00000,0.05000,5.00000,3.00000,0.00000,0.06342,0.15986,239.02627,262.44058,0.05964,4267.00000,2554.00000,0.09754,246.78907
900.00000,0.05000,6.00000,3.00000,0.00000,0.06342,0.15986,239.02627,262.44058,0.05964,4267.00000,4402.00000,0.00000,246.78907
