"Omega","Tolerance","Step Size Rule","Iterations","Converged?","Gap LR","Gap Naive","Obj. Naive","Obj. LR","Gap","Time Naive","Time LR","Final Lambda"
900.00000,0.05000,1.00000,1.00000,0.00000,0.02299,0.16549,-239.02627,-252.46284,0.05621,2891.00000,2897.00000,0.00000
900.00000,0.05000,2.00000,1.00000,0.00000,0.02299,0.16549,-239.02627,-252.46284,0.05621,2891.00000,2901.00000,0.26526
900.00000,0.05000,3.00000,1.00000,0.00000,0.02299,0.16549,-239.02627,-252.46284,0.05621,2891.00000,2900.00000,0.00000
900.00000,0.05000,4.00000,1.00000,0.00000,0.02299,0.16549,-239.02627,-252.46284,0.05621,2891.00000,2907.00000,0.07359
900.00000,0.05000,5.00000,1.00000,0.00000,0.02299,0.16549,-239.02627,-252.46284,0.05621,2891.00000,2902.00000,0.16526
900.00000,0.05000,6.00000,1.00000,0.00000,0.02299,0.16549,-239.02627,-252.46284,0.05621,2891.00000,2877.00000,0.04642
