"Omega","Tolerance","Step Size Rule","Iterations","Converged?","Gap LR","Gap Naive","Obj. Naive","Obj. LR","Gap","Time Naive","Time LR","Final Lambda","LB Heuristic"
100.00000,0.07000,1.00000,10.00000,0.00000,0.04807,0.00050,283.32538,297.63269,0.04807,406.00000,917.00000,3.25628,283.32538
100.00000,0.07000,2.00000,10.00000,0.00000,0.03807,0.00050,283.32538,294.53801,0.03807,406.00000,977.00000,2.73715,283.32538
100.00000,0.07000,3.00000,10.00000,0.00000,0.04646,0.00050,283.32538,297.13097,0.04646,406.00000,822.00000,3.27345,283.32538
100.00000,0.07000,4.00000,10.00000,0.00000,0.04313,0.00050,283.32538,296.09502,0.04313,406.00000,952.00000,3.13054,283.32538
100.00000,0.07000,5.00000,10.00000,0.00000,0.03819,0.00050,283.32538,294.57565,0.03819,406.00000,541.00000,2.76483,283.32538
100.00000,0.07000,6.00000,10.00000,0.00000,0.04073,0.00050,283.32538,295.35410,0.04073,406.00000,177.00000,2.71357,283.32538
