"Omega","Tolerance","Step Size Rule","Iterations","Converged?","Gap LR","Gap Naive","Obj. Naive","Obj. LR","Gap","Time Naive","Time LR","Final Lambda","LB Heuristic"
100.00000,0.07000,1.00000,10.00000,0.00000,0.03169,0.00000,284.15595,292.41431,0.02824,185.00000,578.00000,3.52524,283.43129
100.00000,0.07000,2.00000,10.00000,0.00000,0.02631,0.00000,284.15595,290.88726,0.02314,185.00000,666.00000,2.99653,283.43129
100.00000,0.07000,3.00000,10.00000,0.00000,0.03033,0.00000,284.15595,292.02644,0.02695,185.00000,455.00000,3.43403,283.43129
100.00000,0.07000,4.00000,10.00000,0.00000,0.02825,0.00000,284.15595,291.43760,0.02499,185.00000,303.00000,3.23992,283.43129
100.00000,0.07000,5.00000,10.00000,0.00000,0.02559,0.00000,284.15595,290.68350,0.02246,185.00000,111.00000,2.72927,283.43129
100.00000,0.07000,6.00000,10.00000,0.00000,0.02630,0.00000,284.15595,290.88531,0.02313,185.00000,24.00000,2.59469,283.43129
