"Omega","Tolerance","Step Size Rule","Iterations","Converged?","Gap LR","Gap Naive","Obj. Naive","Obj. LR","Gap","Time Naive","Time LR","Final Lambda"
900.00000,0.01000,1.00000,1.00000,0.00000,0.04237,0.06491,-246.88542,-249.55007,0.01079,2895.00000,2890.00000,0.79198
900.00000,0.01000,2.00000,1.00000,0.00000,0.04237,0.06491,-246.88542,-249.55007,0.01079,2895.00000,2892.00000,0.33698
900.00000,0.01000,3.00000,1.00000,0.00000,0.04237,0.06491,-246.88542,-249.55007,0.01079,2895.00000,2891.00000,0.81448
900.00000,0.01000,4.00000,1.00000,0.00000,0.04237,0.06491,-246.88542,-249.55007,0.01079,2895.00000,2886.00000,0.82198
900.00000,0.01000,5.00000,1.00000,0.00000,0.04237,0.06491,-246.88542,-249.55007,0.01079,2895.00000,2893.00000,0.00000
900.00000,0.01000,6.00000,1.00000,0.00000,0.04237,0.06491,-246.88542,-249.55007,0.01079,2895.00000,2893.00000,0.00000
