"Omega","Tolerance","Step Size Rule","Iterations","Converged?","Gap LR","Gap Naive","Obj. Naive","Obj. LR","Gap","Time Naive","Time LR","Final Lambda"
900.00000,0.01000,1.00000,2.00000,0.00000,0.02557,0.09300,-240.53009,-245.52814,0.02036,2946.00000,4453.00000,0.56698
900.00000,0.01000,2.00000,2.00000,0.00000,0.02438,0.09300,-240.53009,-245.24314,0.01922,2946.00000,4451.00000,0.50364
900.00000,0.01000,3.00000,2.00000,0.00000,0.03064,0.09300,-240.53009,-246.74314,0.02518,2946.00000,4452.00000,0.75148
900.00000,0.01000,4.00000,2.00000,0.00000,0.03877,0.09300,-240.53009,-248.68836,0.03281,2946.00000,4443.00000,0.78783
900.00000,0.01000,5.00000,2.00000,0.00000,0.03877,0.09300,-240.53009,-248.68836,0.03281,2946.00000,2462.00000,0.00337
900.00000,0.01000,6.00000,2.00000,0.00000,0.04237,0.09300,-240.53009,-249.55007,0.03614,2946.00000,2310.00000,0.57605
