"Omega","Tolerance","Step Size Rule","Iterations","Converged?","Gap LR","Gap Naive","Obj. Naive","Obj. LR","Gap","Time Naive","Time LR","Final Lambda","LB Heuristic"
900.00000,0.01000,1.00000,2.00000,0.00000,0.04249,0.04734,248.38827,249.58027,0.00478,4256.00000,4210.00000,0.73198,239.40735
900.00000,0.01000,2.00000,2.00000,0.00000,0.04298,0.04734,248.38827,249.69680,0.00524,4256.00000,4215.00000,0.83698,239.40735
900.00000,0.01000,3.00000,2.00000,0.00000,0.04370,0.04734,248.38827,249.87052,0.00593,4256.00000,4211.00000,0.80098,239.40735
900.00000,0.01000,4.00000,2.00000,0.00000,0.04370,0.04734,248.38827,249.87052,0.00593,4256.00000,4209.00000,0.80990,239.40735
900.00000,0.01000,5.00000,10.00000,0.00000,0.04370,0.04734,248.38827,249.87052,0.00593,4256.00000,2384.00000,0.01299,239.40735
900.00000,0.01000,6.00000,3.00000,0.00000,0.04107,0.04734,248.38827,249.23911,0.00341,4256.00000,4277.00000,20.23956,239.40735
