"Omega","Tolerance","Step Size Rule","Iterations","Converged?","Gap LR","Gap Naive","Obj. Naive","Obj. LR","Gap","Time Naive","Time LR","Final Lambda"
100.00000,0.03000,1.00000,10.00000,0.00000,0.00725,0.00000,-277.43300,-279.44505,0.00725,2.00000,3.00000,37.82864
100.00000,0.03000,2.00000,6.00000,2.00000,0.00000,0.00000,-277.43300,-277.43300,0.00000,2.00000,20.00000,2.85441
100.00000,0.03000,3.00000,10.00000,0.00000,0.00725,0.00000,-277.43300,-279.44505,0.00725,2.00000,3.00000,24.79882
100.00000,0.03000,4.00000,10.00000,0.00000,0.00725,0.00000,-277.43300,-279.44505,0.00725,2.00000,3.00000,45.29714
100.00000,0.03000,5.00000,5.00000,2.00000,0.00000,0.00000,-277.43300,-277.43300,0.00000,2.00000,16.00000,2.85012
100.00000,0.03000,6.00000,2.00000,1.00000,0.00000,0.00000,-277.43300,-277.43300,0.00000,2.00000,7.00000,2.87013
