"Omega","Tolerance","Step Size Rule","Iterations","Converged?","Gap LR","Gap Naive","Obj. Naive","Obj. LR","Gap","Time Naive","Time LR","Final Lambda","LB Heuristic"
900.00000,0.03000,1.00000,1.00000,1.00000,0.00000,0.13008,240.67548,246.16611,0.00000,4342.00000,2110.00000,0.38898,246.16611
900.00000,0.03000,2.00000,1.00000,1.00000,0.00000,0.13008,240.67548,246.16611,0.00000,4342.00000,2111.00000,0.38898,246.16611
900.00000,0.03000,3.00000,1.00000,1.00000,0.00000,0.13008,240.67548,246.16611,0.00000,4342.00000,2110.00000,0.38898,246.16611
900.00000,0.03000,4.00000,1.00000,1.00000,0.00000,0.13008,240.67548,246.16611,0.00000,4342.00000,2109.00000,0.38898,246.16611
900.00000,0.03000,5.00000,1.00000,1.00000,0.00000,0.13008,240.67548,246.16611,0.00000,4342.00000,2112.00000,0.38898,246.16611
900.00000,0.03000,6.00000,1.00000,1.00000,0.00000,0.13008,240.67548,246.16611,0.00000,4342.00000,2111.00000,0.38898,246.16611
