"Omega","Tolerance","Step Size Rule","Iterations","Converged?","Gap LR","Gap Naive","Obj. Naive","Obj. LR","Gap","Time Naive","Time LR","Final Lambda","LB Heuristic"
900.00000,0.03000,1.00000,3.00000,0.00000,0.02238,0.13008,240.67548,251.67597,0.02189,4358.00000,3192.00000,12.71898,246.16611
900.00000,0.03000,2.00000,2.00000,0.00000,0.01629,0.13008,240.67548,250.17597,0.01603,4358.00000,4215.00000,0.26398,246.16611
900.00000,0.03000,3.00000,2.00000,0.00000,0.02238,0.13008,240.67548,251.67597,0.02189,4358.00000,2483.00000,5.44698,246.16611
900.00000,0.03000,4.00000,2.00000,1.00000,0.00000,0.13008,240.67548,246.16611,0.00000,4358.00000,4216.00000,0.26898,246.16611
900.00000,0.03000,5.00000,2.00000,0.00000,0.02238,0.13008,240.67548,251.67597,0.02189,4358.00000,2514.00000,0.14242,246.16611
900.00000,0.03000,6.00000,3.00000,0.00000,0.02238,0.13008,240.67548,251.67597,0.02189,4358.00000,4403.00000,0.00000,246.16611
