"Omega","Tolerance","Step Size Rule","Iterations","Converged?","Gap LR","Gap Naive","Obj. Naive","Obj. LR","Gap","Time Naive","Time LR","Final Lambda"
900.00000,0.03000,1.00000,1.00000,0.00000,0.03486,0.13008,-240.67548,-254.74800,0.05847,2891.00000,2892.00000,0.13398
900.00000,0.03000,2.00000,1.00000,0.00000,0.03486,0.13008,-240.67548,-254.74800,0.05847,2891.00000,2898.00000,0.30075
900.00000,0.03000,3.00000,1.00000,0.00000,0.03486,0.13008,-240.67548,-254.74800,0.05847,2891.00000,2896.00000,0.26148
900.00000,0.03000,4.00000,1.00000,0.00000,0.03486,0.13008,-240.67548,-254.74800,0.05847,2891.00000,2899.00000,0.30398
900.00000,0.03000,5.00000,1.00000,0.00000,0.03486,0.13008,-240.67548,-254.74800,0.05847,2891.00000,2900.00000,0.03604
900.00000,0.03000,6.00000,1.00000,0.00000,0.03486,0.13008,-240.67548,-254.74800,0.05847,2891.00000,2881.00000,0.00000
