"Omega","Tolerance","Step Size Rule","Iterations","Converged?","Gap LR","Gap Naive","Obj. Naive","Obj. LR","Gap","Time Naive","Time LR","Final Lambda"
900.00000,0.03000,1.00000,2.00000,0.00000,0.02036,0.13039,-240.67548,-251.17803,0.01995,2934.00000,2650.00000,13.09500
900.00000,0.03000,2.00000,2.00000,0.00000,0.01427,0.13039,-240.67548,-249.67803,0.01407,2934.00000,4488.00000,0.27787
900.00000,0.03000,3.00000,1.00000,0.00000,0.02036,0.13039,-240.67548,-251.17803,0.01995,2934.00000,2255.00000,0.18648
900.00000,0.03000,4.00000,1.00000,0.00000,0.02036,0.13039,-240.67548,-251.17803,0.01995,2934.00000,2259.00000,0.25398
900.00000,0.03000,5.00000,2.00000,0.00000,0.02036,0.13039,-240.67548,-251.17803,0.01995,2934.00000,2876.00000,0.17020
900.00000,0.03000,6.00000,2.00000,0.00000,0.03486,0.13039,-240.67548,-254.74800,0.03369,2934.00000,2393.00000,0.62923
