"Omega","Tolerance","Step Size Rule","Iterations","Converged?","Gap LR","Gap Naive","Obj. Naive","Obj. LR","Gap","Time Naive","Time LR","Final Lambda"
100.00000,0.03000,1.00000,10.00000,0.00000,0.02563,0.00000,-278.14305,-284.98566,0.02460,4.00000,3.00000,37.76504
100.00000,0.03000,2.00000,10.00000,0.00000,0.00944,0.00000,-278.14305,-280.48566,0.00842,4.00000,31.00000,2.81659
100.00000,0.03000,3.00000,10.00000,0.00000,0.02563,0.00000,-278.14305,-284.98566,0.02460,4.00000,3.00000,24.73522
100.00000,0.03000,4.00000,10.00000,0.00000,0.02563,0.00000,-278.14305,-284.98566,0.02460,4.00000,3.00000,45.23354
100.00000,0.03000,5.00000,10.00000,0.00000,0.01545,0.00000,-278.14305,-282.15669,0.01443,4.00000,30.00000,2.79523
100.00000,0.03000,6.00000,10.00000,0.00000,0.00953,0.00000,-278.14305,-280.51249,0.00852,4.00000,12.00000,2.34171
