"Omega","Tolerance","Step Size Rule","Iterations","Converged?","Gap LR","Gap Naive","Obj. Naive","Obj. LR","Gap","Time Naive","Time LR","Final Lambda","LB Heuristic"
600.00000,0.01000,1.00000,2.00000,0.00000,0.01907,0.00000,250.36388,250.77047,0.00162,3620.00000,4219.00000,1.22786,246.07828
600.00000,0.01000,2.00000,2.00000,0.00000,0.01907,0.00000,250.36388,250.77047,0.00162,3620.00000,4219.00000,0.67286,246.07828
600.00000,0.01000,3.00000,2.00000,0.00000,0.01907,0.00000,250.36388,250.77047,0.00162,3620.00000,4217.00000,1.23386,246.07828
600.00000,0.01000,4.00000,2.00000,0.00000,0.02180,0.00000,250.36388,251.44330,0.00429,3620.00000,3853.00000,1.23871,246.07828
600.00000,0.01000,5.00000,4.00000,0.00000,0.02213,0.00000,250.36388,251.52330,0.00461,3620.00000,2417.00000,0.01094,246.07828
600.00000,0.01000,6.00000,3.00000,0.00000,0.01857,0.00000,250.36388,250.64689,0.00113,3620.00000,3980.00000,0.00000,246.07828
