"Omega","Tolerance","Step Size Rule","Iterations","Converged?","Gap LR","Gap Naive","Obj. Naive","Obj. LR","Gap","Time Naive","Time LR","Final Lambda","LB Heuristic"
600.00000,0.01000,1.00000,2.00000,0.00000,0.02071,0.00096,250.36388,251.28330,0.00366,1563.00000,3121.00000,1.15286,246.07828
600.00000,0.01000,2.00000,2.00000,0.00000,0.01558,0.00096,250.36388,249.97214,-0.00157,1563.00000,3592.00000,1.27286,246.07828
600.00000,0.01000,3.00000,2.00000,0.00000,0.02118,0.00096,250.36388,251.40330,0.00413,1563.00000,2936.00000,1.21886,246.07828
600.00000,0.01000,4.00000,2.00000,0.00000,0.02134,0.00096,250.36388,251.44330,0.00429,1563.00000,2637.00000,1.23871,246.07828
600.00000,0.01000,5.00000,10.00000,0.00000,0.02165,0.00096,250.36388,251.52330,0.00461,1563.00000,2202.00000,0.01948,246.07828
600.00000,0.01000,6.00000,3.00000,0.00000,0.01823,0.00096,250.36388,250.64689,0.00113,1563.00000,3636.00000,0.00000,246.07828
