"Omega","Tolerance","Step Size Rule","Iterations","Converged?","Gap LR","Gap Naive","Obj. Naive","Obj. LR","Gap","Time Naive","Time LR","Final Lambda","LB Heuristic"
600.00000,0.01000,1.00000,2.00000,0.00000,0.02071,0.00000,250.36388,251.28330,0.00366,1414.00000,3432.00000,1.15286,246.07828
600.00000,0.01000,2.00000,2.00000,1.00000,0.01712,0.00000,250.36388,250.36388,0.00000,1414.00000,3746.00000,0.89786,246.07828
600.00000,0.01000,3.00000,2.00000,0.00000,0.02118,0.00000,250.36388,251.40330,0.00413,1414.00000,3084.00000,1.21886,246.07828
600.00000,0.01000,4.00000,2.00000,0.00000,0.02134,0.00000,250.36388,251.44330,0.00429,1414.00000,2808.00000,1.23871,246.07828
600.00000,0.01000,5.00000,10.00000,0.00000,0.02165,0.00000,250.36388,251.52330,0.00461,1414.00000,2257.00000,0.01948,246.07828
600.00000,0.01000,6.00000,3.00000,0.00000,0.01823,0.00000,250.36388,250.64689,0.00113,1414.00000,3580.00000,0.00000,246.07828
