"Omega","Tolerance","Step Size Rule","Iterations","Converged?","Gap LR","Gap Naive","Obj. Naive","Obj. LR","Gap","Time Naive","Time LR","Final Lambda","LB Heuristic"
600.00000,0.01000,1.00000,2.00000,0.00000,0.02115,0.00096,250.36388,251.28330,0.00366,1480.00000,3244.00000,1.15286,246.07828
600.00000,0.01000,2.00000,2.00000,0.00000,0.01582,0.00096,250.36388,249.97214,-0.00157,1480.00000,3553.00000,1.27286,246.07828
600.00000,0.01000,3.00000,2.00000,0.00000,0.02164,0.00096,250.36388,251.40330,0.00413,1480.00000,3220.00000,1.21886,246.07828
600.00000,0.01000,4.00000,2.00000,0.00000,0.02180,0.00096,250.36388,251.44330,0.00429,1480.00000,2757.00000,1.23871,246.07828
600.00000,0.01000,5.00000,10.00000,0.00000,0.02213,0.00096,250.36388,251.52330,0.00461,1480.00000,2223.00000,0.01948,246.07828
600.00000,0.01000,6.00000,3.00000,0.00000,0.01857,0.00096,250.36388,250.64689,0.00113,1480.00000,3595.00000,0.00000,246.07828
