"Omega","Tolerance","Step Size Rule","Iterations","Converged?","Gap LR","Gap Naive","Obj. Naive","Obj. LR","Gap","Time Naive","Time LR","Final Lambda","LB Heuristic"
600.00000,0.01000,1.00000,2.00000,0.00000,0.02115,0.00000,250.36388,251.28330,0.00366,1240.00000,2843.00000,1.15286,246.07828
600.00000,0.01000,2.00000,2.00000,0.00000,0.01659,0.00000,250.36388,250.16166,-0.00081,1240.00000,3299.00000,1.64786,246.07828
600.00000,0.01000,3.00000,2.00000,0.00000,0.02164,0.00000,250.36388,251.40330,0.00413,1240.00000,2662.00000,1.21886,246.07828
600.00000,0.01000,4.00000,2.00000,0.00000,0.02180,0.00000,250.36388,251.44330,0.00429,1240.00000,2406.00000,1.23871,246.07828
600.00000,0.01000,5.00000,10.00000,0.00000,0.02213,0.00000,250.36388,251.52330,0.00461,1240.00000,1809.00000,0.01948,246.07828
600.00000,0.01000,6.00000,3.00000,0.00000,0.01857,0.00000,250.36388,250.64689,0.00113,1240.00000,3312.00000,0.00000,246.07828
