"Omega","Tolerance","Step Size Rule","Iterations","Converged?","Gap LR","Gap Naive","Obj. Naive","Obj. LR","Gap","Time Naive","Time LR","Final Lambda"
600.00000,0.01000,1.00000,3.00000,0.00000,0.02018,0.00000,-250.36388,-251.04330,0.00271,1049.00000,2449.00000,1.09286
600.00000,0.01000,2.00000,2.00000,0.00000,0.01875,0.00000,-250.36388,-250.69251,0.00131,1049.00000,2500.00000,0.00000
600.00000,0.01000,3.00000,3.00000,0.00000,0.02125,0.00000,-250.36388,-251.30730,0.00375,1049.00000,2830.00000,1.19886
600.00000,0.01000,4.00000,4.00000,0.00000,0.02138,0.00000,-250.36388,-251.34054,0.00389,1049.00000,3065.00000,1.21717
600.00000,0.01000,5.00000,10.00000,0.00000,0.02213,0.00000,-250.36388,-251.52330,0.00461,1049.00000,1113.00000,0.01948
600.00000,0.01000,6.00000,5.00000,0.00000,0.01857,0.00000,-250.36388,-250.64689,0.00113,1049.00000,3188.00000,0.00000
