"Omega","Tolerance","Step Size Rule","Iterations","Converged?","Gap LR","Gap Naive","Obj. Naive","Obj. LR","Gap","Time Naive","Time LR","Final Lambda","LB Heuristic"
600.00000,0.01000,1.00000,4.00000,0.00000,0.01954,0.00000,250.36388,250.88751,0.00209,906.00000,3362.00000,1.07786,246.07828
600.00000,0.01000,2.00000,3.00000,0.00000,0.01875,0.00000,250.36388,250.69251,0.00131,906.00000,2437.00000,0.00253,246.07828
600.00000,0.01000,3.00000,3.00000,0.00000,0.02125,0.00000,250.36388,251.30730,0.00375,906.00000,2735.00000,1.19886,246.07828
600.00000,0.01000,4.00000,4.00000,0.00000,0.02138,0.00000,250.36388,251.34054,0.00389,906.00000,2814.00000,1.21717,246.07828
600.00000,0.01000,5.00000,10.00000,0.00000,0.02213,0.00000,250.36388,251.52330,0.00461,906.00000,1123.00000,0.01948,246.07828
600.00000,0.01000,6.00000,5.00000,0.00000,0.01857,0.00000,250.36388,250.64689,0.00113,906.00000,3201.00000,0.00000,246.07828
