"Omega","Tolerance","Step Size Rule","Iterations","Converged?","Gap LR","Gap Naive","Obj. Naive","Obj. LR","Gap","Time Naive","Time LR","Final Lambda","LB Heuristic"
600.00000,0.01000,1.00000,2.00000,0.00000,0.02115,0.00096,250.36388,251.28330,0.00366,2118.00000,3961.00000,1.15286,246.07828
600.00000,0.01000,2.00000,2.00000,0.00000,0.01493,0.00096,250.36388,249.75180,-0.00245,2118.00000,3826.00000,1.08536,246.07828
600.00000,0.01000,3.00000,2.00000,0.00000,0.02164,0.00096,250.36388,251.40330,0.00413,2118.00000,3930.00000,1.21886,246.07828
600.00000,0.01000,4.00000,2.00000,0.00000,0.02180,0.00096,250.36388,251.44330,0.00429,2118.00000,3630.00000,1.23871,246.07828
600.00000,0.01000,5.00000,7.00000,0.00000,0.02213,0.00096,250.36388,251.52330,0.00461,2118.00000,2531.00000,0.01609,246.07828
600.00000,0.01000,6.00000,3.00000,0.00000,0.01857,0.00096,250.36388,250.64689,0.00113,2118.00000,4343.00000,0.00000,246.07828
