"Omega","Tolerance","Step Size Rule","Iterations","Converged?","Gap LR","Gap Naive","Obj. Naive","Obj. LR","Gap","Time Naive","Time LR","Final Lambda"
600.00000,0.01000,1.00000,2.00000,0.00000,0.01858,0.04343,-249.87672,-250.65047,0.00309,2882.00000,4341.00000,1.18286
600.00000,0.01000,2.00000,2.00000,0.00000,0.00494,0.04343,-249.87672,-247.29281,-0.01045,2882.00000,4344.00000,0.64786
600.00000,0.01000,3.00000,2.00000,0.00000,0.02164,0.04343,-249.87672,-251.40330,0.00607,2882.00000,4339.00000,1.21886
600.00000,0.01000,4.00000,2.00000,0.00000,0.02180,0.04343,-249.87672,-251.44330,0.00623,2882.00000,4282.00000,1.23871
600.00000,0.01000,5.00000,5.00000,0.00000,0.02213,0.04343,-249.87672,-251.52330,0.00655,2882.00000,2256.00000,0.01296
600.00000,0.01000,6.00000,3.00000,0.00000,0.01686,0.04343,-249.87672,-250.22692,0.00140,2882.00000,4070.00000,3.61801
