"Omega","Tolerance","Step Size Rule","Iterations","Converged?","Gap LR","Gap Naive","Obj. Naive","Obj. LR","Gap","Time Naive","Time LR","Final Lambda"
600.00000,0.01000,1.00000,2.00000,0.00000,0.02115,0.00000,-250.36388,-251.28330,0.00367,2172.00000,4714.00000,1.15286
600.00000,0.01000,2.00000,1.00000,0.00000,0.02213,0.00000,-250.36388,-251.52330,0.00463,2172.00000,2415.00000,0.89786
600.00000,0.01000,3.00000,1.00000,0.00000,0.02213,0.00000,-250.36388,-251.52330,0.00463,2172.00000,2449.00000,1.24286
600.00000,0.01000,4.00000,1.00000,0.00000,0.02213,0.00000,-250.36388,-251.52330,0.00463,2172.00000,2352.00000,1.25286
600.00000,0.01000,5.00000,2.00000,0.00000,0.02213,0.00000,-250.36388,-251.52330,0.00463,2172.00000,2360.00000,0.00505
600.00000,0.01000,6.00000,2.00000,0.00000,0.02213,0.00000,-250.36388,-251.52330,0.00463,2172.00000,2365.00000,0.85224
