"Omega","Tolerance","Step Size Rule","Iterations","Converged?","Gap LR","Gap Naive","Obj. Naive","Obj. LR","Gap","Time Naive","Time LR","Final Lambda"
900.00000,0.07000,1.00000,2.00000,0.00000,0.00569,0.22102,-227.43435,-246.35931,-0.00573,2930.00000,2642.00000,12.55500
900.00000,0.07000,2.00000,2.00000,0.00000,0.00569,0.22102,-227.43435,-246.35931,-0.00573,2930.00000,3087.00000,0.28441
900.00000,0.07000,3.00000,1.00000,0.00000,0.00569,0.22102,-227.43435,-246.35931,-0.00573,2930.00000,2275.00000,0.00000
900.00000,0.07000,4.00000,2.00000,0.00000,0.00569,0.22102,-227.43435,-246.35931,-0.00573,2930.00000,2596.00000,2.95924
900.00000,0.07000,5.00000,2.00000,0.00000,0.00569,0.22102,-227.43435,-246.35931,-0.00573,2930.00000,2715.00000,0.21477
900.00000,0.07000,6.00000,2.00000,0.00000,0.00569,0.22102,-227.43435,-246.35931,-0.00573,2930.00000,4398.00000,0.00000
