"Omega","Tolerance","Step Size Rule","Iterations","Converged?","Gap LR","Gap Naive","Obj. Naive","Obj. LR","Gap","Time Naive","Time LR","Final Lambda","LB Heuristic"
900.00000,0.07000,1.00000,3.00000,0.00000,0.06765,0.21853,227.43435,264.53156,0.06336,4238.00000,2470.00000,11.62500,247.77013
900.00000,0.07000,2.00000,3.00000,0.00000,0.08308,0.21853,227.43435,268.35532,0.07671,4238.00000,2806.00000,0.28059,247.77013
900.00000,0.07000,3.00000,3.00000,0.00000,0.06765,0.21853,227.43435,264.53156,0.06336,4238.00000,2651.00000,4.71200,247.77013
900.00000,0.07000,4.00000,3.00000,0.00000,0.06849,0.21853,227.43435,264.73881,0.06410,4238.00000,2983.00000,2.80169,247.77013
900.00000,0.07000,5.00000,3.00000,0.00000,0.08405,0.21853,227.43435,268.59514,0.07753,4238.00000,2467.00000,0.19701,247.77013
900.00000,0.07000,6.00000,3.00000,0.00000,0.06849,0.21853,227.43435,264.73881,0.06410,4238.00000,4311.00000,0.00000,247.77013
