"Omega","Tolerance","Step Size Rule","Iterations","Converged?","Gap LR","Gap Naive","Obj. Naive","Obj. LR","Gap","Time Naive","Time LR","Final Lambda","LB Heuristic"
900.00000,0.07000,1.00000,1.00000,1.00000,0.00000,0.21964,227.43435,247.77013,0.00000,4351.00000,2109.00000,0.30642,247.77013
900.00000,0.07000,2.00000,2.00000,0.00000,0.06765,0.21964,227.43435,264.53156,0.06336,4351.00000,3462.00000,0.28235,247.77013
900.00000,0.07000,3.00000,3.00000,0.00000,0.06765,0.21964,227.43435,264.53156,0.06336,4351.00000,3604.00000,4.71200,247.77013
900.00000,0.07000,4.00000,1.00000,1.00000,0.00000,0.21964,227.43435,247.77013,0.00000,4351.00000,2108.00000,0.30642,247.77013
900.00000,0.07000,5.00000,2.00000,0.00000,0.06765,0.21964,227.43435,264.53156,0.06336,4351.00000,2460.00000,0.20656,247.77013
900.00000,0.07000,6.00000,3.00000,0.00000,0.06765,0.21964,227.43435,264.53156,0.06336,4351.00000,4386.00000,0.00000,247.77013
