"Omega","Tolerance","Step Size Rule","Iterations","Converged?","Gap LR","Gap Naive","Obj. Naive","Obj. LR","Gap","Time Naive","Time LR","Final Lambda"
900.00000,0.07000,1.00000,1.00000,0.00000,0.06765,0.21921,-227.43435,-264.53156,0.16311,2901.00000,2888.00000,0.00000
900.00000,0.07000,2.00000,1.00000,0.00000,0.06765,0.21921,-227.43435,-264.53156,0.16311,2901.00000,2890.00000,0.28056
900.00000,0.07000,3.00000,1.00000,0.00000,0.06765,0.21921,-227.43435,-264.53156,0.16311,2901.00000,2885.00000,0.00000
900.00000,0.07000,4.00000,1.00000,0.00000,0.06765,0.21921,-227.43435,-264.53156,0.16311,2901.00000,2893.00000,0.01642
900.00000,0.07000,5.00000,1.00000,0.00000,0.06765,0.21921,-227.43435,-264.53156,0.16311,2901.00000,2895.00000,0.20297
900.00000,0.07000,6.00000,1.00000,0.00000,0.06765,0.21921,-227.43435,-264.53156,0.16311,2901.00000,2875.00000,0.00000
