"Omega","Tolerance","Step Size Rule","Iterations","Converged?","Gap LR","Gap Naive","Obj. Naive","Obj. LR","Gap","Time Naive","Time LR","Final Lambda","LB Heuristic"
100.00000,0.07000,1.00000,10.00000,0.00000,0.05963,0.00096,285.45291,301.71392,0.05390,524.00000,678.00000,3.42235,283.72366
100.00000,0.07000,2.00000,10.00000,0.00000,0.04838,0.00096,285.45291,298.14779,0.04258,524.00000,684.00000,2.73251,283.72366
100.00000,0.07000,3.00000,10.00000,0.00000,0.05660,0.00096,285.45291,300.74745,0.05086,524.00000,731.00000,3.33742,283.72366
100.00000,0.07000,4.00000,10.00000,0.00000,0.05358,0.00096,285.45291,299.78706,0.04781,524.00000,828.00000,3.18172,283.72366
100.00000,0.07000,5.00000,10.00000,0.00000,0.04869,0.00096,285.45291,298.24456,0.04289,524.00000,538.00000,2.67147,283.72366
100.00000,0.07000,6.00000,10.00000,0.00000,0.05132,0.00096,285.45291,299.07091,0.04553,524.00000,494.00000,2.59224,283.72366
