"Omega","Tolerance","Step Size Rule","Iterations","Converged?","Gap LR","Gap Naive","Obj. Naive","Obj. LR","Gap","Time Naive","Time LR","Final Lambda"
600.00000,0.03000,1.00000,2.00000,0.00000,0.04137,0.12614,-241.12092,-255.53195,254.57168,4280.00000,4217.00000,0.47462
600.00000,0.03000,2.00000,3.00000,0.00000,0.01122,0.12614,-241.12092,-248.13345,247.14454,4280.00000,4475.00000,0.29339
600.00000,0.03000,3.00000,2.00000,0.00000,0.03889,0.12614,-241.12092,-254.92445,253.96189,4280.00000,4212.00000,0.44312
600.00000,0.03000,4.00000,2.00000,0.00000,0.04137,0.12614,-241.12092,-255.53195,254.57168,4280.00000,4212.00000,0.49134
600.00000,0.03000,5.00000,4.00000,0.00000,0.04150,0.12614,-241.12092,-255.56411,254.60396,4280.00000,2507.00000,0.03033
600.00000,0.03000,6.00000,3.00000,0.00000,0.04689,0.12614,-241.12092,-256.88712,255.93191,4280.00000,4321.00000,0.00000
