"Omega","Tolerance","Step Size Rule","Iterations","Converged?","Gap LR","Gap Naive","Obj. Naive","Obj. LR","Gap","Time Naive","Time LR","Final Lambda","LB Heuristic"
600.00000,0.03000,1.00000,2.00000,0.00000,0.04137,0.09763,248.54789,255.53195,0.02733,4264.00000,4212.00000,0.50462,245.38062
600.00000,0.03000,2.00000,2.00000,0.00000,0.04150,0.09763,248.54789,255.56411,0.02745,4264.00000,4217.00000,0.26159,245.38062
600.00000,0.03000,3.00000,2.00000,0.00000,0.04013,0.09763,248.54789,255.22717,0.02617,4264.00000,4214.00000,0.42812,245.38062
600.00000,0.03000,4.00000,2.00000,0.00000,0.03935,0.09763,248.54789,255.03695,0.02544,4264.00000,4211.00000,0.47780,245.38062
600.00000,0.03000,5.00000,5.00000,0.00000,0.04137,0.09763,248.54789,255.53195,0.02733,4264.00000,2490.00000,0.01323,245.38062
600.00000,0.03000,6.00000,3.00000,0.00000,0.04689,0.09763,248.54789,256.88712,0.03246,4264.00000,3934.00000,0.00000,245.38062
