"Omega","Tolerance","Step Size Rule","Iterations","Converged?","Gap LR","Gap Naive","Obj. Naive","Obj. LR","Gap","Time Naive","Time LR","Final Lambda"
600.00000,0.03000,1.00000,2.00000,0.00000,0.04059,0.12755,-241.12092,-255.33988,0.03900,2870.00000,4343.00000,0.33962
600.00000,0.03000,2.00000,2.00000,0.00000,0.04137,0.12755,-241.12092,-255.53195,0.03973,2870.00000,2659.00000,0.40053
600.00000,0.03000,3.00000,2.00000,0.00000,0.03889,0.12755,-241.12092,-254.92445,0.03744,2870.00000,4315.00000,0.44312
600.00000,0.03000,4.00000,2.00000,0.00000,0.03972,0.12755,-241.12092,-255.12695,0.03820,2870.00000,4294.00000,0.48780
600.00000,0.03000,5.00000,3.00000,0.00000,0.04318,0.12755,-241.12092,-255.97659,0.04139,2870.00000,2348.00000,0.00859
600.00000,0.03000,6.00000,2.00000,0.00000,0.04295,0.12755,-241.12092,-255.92053,0.04118,2870.00000,2256.00000,0.94224
