"Omega","Tolerance","Step Size Rule","Iterations","Converged?","Gap LR","Gap Naive","Obj. Naive","Obj. LR","Gap","Time Naive","Time LR","Final Lambda","LB Heuristic"
600.00000,0.03000,1.00000,2.00000,0.00000,0.04689,0.08792,251.22114,256.88712,0.02206,4228.00000,4212.00000,0.51962,245.38062
600.00000,0.03000,2.00000,3.00000,0.00000,0.04689,0.08792,251.22114,256.88712,0.02206,4228.00000,2498.00000,0.38228,245.38062
600.00000,0.03000,3.00000,2.00000,0.00000,0.04689,0.08792,251.22114,256.88712,0.02206,4228.00000,4209.00000,0.45062,245.38062
600.00000,0.03000,4.00000,2.00000,0.00000,0.04169,0.08792,251.22114,255.60967,0.01717,4228.00000,4210.00000,0.49280,245.38062
600.00000,0.03000,5.00000,5.00000,0.00000,0.04689,0.08792,251.22114,256.88712,0.02206,4228.00000,2484.00000,0.01323,245.38062
600.00000,0.03000,6.00000,3.00000,0.00000,0.04689,0.08792,251.22114,256.88712,0.02206,4228.00000,4310.00000,0.00000,245.38062
