"Omega","Tolerance","Step Size Rule","Iterations","Converged?","Gap LR","Gap Naive","Obj. Naive","Obj. LR","Gap","Time Naive","Time LR","Final Lambda","LB Heuristic"
600.00000,0.03000,1.00000,2.00000,0.00000,0.04479,0.08158,252.96832,256.88712,0.01525,4227.00000,4208.00000,0.51962,245.38062
600.00000,0.03000,2.00000,4.00000,0.00000,0.04479,0.08158,252.96832,256.88712,0.01525,4227.00000,2697.00000,0.38485,245.38062
600.00000,0.03000,3.00000,2.00000,0.00000,0.04479,0.08158,252.96832,256.88712,0.01525,4227.00000,4207.00000,0.45062,245.38062
600.00000,0.03000,4.00000,2.00000,0.00000,0.04002,0.08158,252.96832,255.60967,0.01033,4227.00000,4208.00000,0.49280,245.38062
600.00000,0.03000,5.00000,2.00000,0.00000,0.04754,0.08158,252.96832,257.62707,0.01808,4227.00000,3108.00000,1.55034,245.38062
600.00000,0.03000,6.00000,3.00000,0.00000,0.04773,0.08158,252.96832,257.67870,0.01828,4227.00000,3702.00000,0.00000,245.38062
