"Omega","Tolerance","Step Size Rule","Iterations","Converged?","Gap LR","Gap Naive","Obj. Naive","Obj. LR","Gap","Time Naive","Time LR","Final Lambda","LB Heuristic"
600.00000,0.03000,1.00000,2.00000,0.00000,0.04137,0.12614,241.12092,255.53195,0.03973,4280.00000,4214.00000,0.47462,245.38062
600.00000,0.03000,2.00000,3.00000,0.00000,0.01122,0.12614,241.12092,248.13345,0.01109,4280.00000,4488.00000,0.29339,245.38062
600.00000,0.03000,3.00000,2.00000,0.00000,0.03889,0.12614,241.12092,254.92445,0.03744,4280.00000,4214.00000,0.44312,245.38062
600.00000,0.03000,4.00000,2.00000,0.00000,0.03935,0.12614,241.12092,255.03695,0.03786,4280.00000,4214.00000,0.47780,245.38062
600.00000,0.03000,5.00000,4.00000,0.00000,0.04150,0.12614,241.12092,255.56411,0.03985,4280.00000,2518.00000,0.03033,245.38062
600.00000,0.03000,6.00000,3.00000,0.00000,0.04689,0.12614,241.12092,256.88712,0.04479,4280.00000,4320.00000,0.00000,245.38062
