"Omega","Tolerance","Step Size Rule","Iterations","Converged?","Gap LR","Gap Naive","Obj. Naive","Obj. LR","Gap","Time Naive","Time LR","Final Lambda","LB Heuristic"
600.00000,0.03000,1.00000,2.00000,0.00000,0.04689,0.08158,252.96832,256.88712,0.01525,4222.00000,4205.00000,0.51962,245.38062
600.00000,0.03000,2.00000,3.00000,0.00000,0.04689,0.08158,252.96832,256.88712,0.01525,4222.00000,2424.00000,0.38228,245.38062
600.00000,0.03000,3.00000,2.00000,0.00000,0.04991,0.08158,252.96832,257.62707,0.01808,4222.00000,4207.00000,0.54812,245.38062
600.00000,0.03000,4.00000,2.00000,0.00000,0.04852,0.08158,252.96832,257.28606,0.01678,4222.00000,4207.00000,0.59669,245.38062
600.00000,0.03000,5.00000,7.00000,0.00000,0.04689,0.08158,252.96832,256.88712,0.01525,4222.00000,2440.00000,0.01642,245.38062
600.00000,0.03000,6.00000,3.00000,0.00000,0.05012,0.08158,252.96832,257.67870,0.01828,4222.00000,4263.00000,0.00000,245.38062
