"Omega","Tolerance","Step Size Rule","Iterations","Converged?","Gap LR","Gap Naive","Obj. Naive","Obj. LR","Gap","Time Naive","Time LR","Final Lambda"
600.00000,0.03000,1.00000,1.00000,0.00000,0.04295,0.11897,-243.09917,-255.92053,0.05274,2851.00000,2848.00000,0.45962
600.00000,0.03000,2.00000,1.00000,0.00000,0.04295,0.11897,-243.09917,-255.92053,0.05274,2851.00000,2849.00000,0.35034
600.00000,0.03000,3.00000,1.00000,0.00000,0.04295,0.11897,-243.09917,-255.92053,0.05274,2851.00000,2853.00000,0.51212
600.00000,0.03000,4.00000,1.00000,0.00000,0.04295,0.11897,-243.09917,-255.92053,0.05274,2851.00000,2853.00000,0.52962
600.00000,0.03000,5.00000,1.00000,0.00000,0.04295,0.11897,-243.09917,-255.92053,0.05274,2851.00000,2850.00000,0.00000
600.00000,0.03000,6.00000,1.00000,0.00000,0.04295,0.11897,-243.09917,-255.92053,0.05274,2851.00000,2837.00000,0.00000
