"Omega","Tolerance","Step Size Rule","Iterations","Converged?","Gap LR","Gap Naive","Obj. Naive","Obj. LR","Gap","Time Naive","Time LR","Final Lambda","LB Heuristic"
600.00000,0.03000,1.00000,2.00000,0.00000,0.04689,0.08686,251.51534,256.88712,0.02091,4227.00000,4207.00000,0.51962,245.38062
600.00000,0.03000,2.00000,4.00000,0.00000,0.04689,0.08686,251.51534,256.88712,0.02091,4227.00000,2682.00000,0.38485,245.38062
600.00000,0.03000,3.00000,2.00000,0.00000,0.04689,0.08686,251.51534,256.88712,0.02091,4227.00000,4206.00000,0.45062,245.38062
600.00000,0.03000,4.00000,2.00000,0.00000,0.04169,0.08686,251.51534,255.60967,0.01602,4227.00000,4207.00000,0.49280,245.38062
600.00000,0.03000,5.00000,2.00000,0.00000,0.04991,0.08686,251.51534,257.62707,0.02372,4227.00000,2948.00000,1.55034,245.38062
600.00000,0.03000,6.00000,3.00000,0.00000,0.05012,0.08686,251.51534,257.67870,0.02392,4227.00000,4015.00000,0.00000,245.38062
