"Omega","Tolerance","Step Size Rule","Iterations","Converged?","Gap LR","Gap Naive","Obj. Naive","Obj. LR","Gap","Time Naive","Time LR","Final Lambda","LB Heuristic"
600.00000,0.03000,1.00000,2.00000,0.00000,0.07147,0.07323,236.21210,259.52286,0.06670,4230.00000,4212.00000,0.47420,242.21200
600.00000,0.03000,2.00000,4.00000,0.00000,0.07182,0.07323,236.21210,259.60676,0.06700,4230.00000,2503.00000,0.00773,242.21200
600.00000,0.03000,3.00000,2.00000,0.00000,0.07147,0.07323,236.21210,259.52286,0.06670,4230.00000,4207.00000,0.51470,242.21200
600.00000,0.03000,4.00000,2.00000,0.00000,0.07135,0.07323,236.21210,259.49286,0.06659,4230.00000,4211.00000,0.52860,242.21200
600.00000,0.03000,5.00000,5.00000,0.00000,0.06429,0.07323,236.21210,257.78435,0.06041,4230.00000,2488.00000,0.01323,242.21200
600.00000,0.03000,6.00000,3.00000,0.00000,0.07182,0.07323,236.21210,259.60676,0.06700,4230.00000,4035.00000,0.00000,242.21200
