"Omega","Tolerance","Step Size Rule","Iterations","Converged?","Gap LR","Gap Naive","Obj. Naive","Obj. LR","Gap","Time Naive","Time LR","Final Lambda"
600.00000,0.03000,1.00000,1.00000,0.00000,0.06892,0.08583,-236.21210,-258.90538,0.09607,2852.00000,2851.00000,0.48920
600.00000,0.03000,2.00000,1.00000,0.00000,0.06787,0.08583,-236.21210,-258.65061,0.09499,2852.00000,2845.00000,0.00000
600.00000,0.03000,3.00000,1.00000,0.00000,0.06787,0.08583,-236.21210,-258.65061,0.09499,2852.00000,2847.00000,0.54170
600.00000,0.03000,4.00000,1.00000,0.00000,0.06787,0.08583,-236.21210,-258.65061,0.09499,2852.00000,2851.00000,0.54420
600.00000,0.03000,5.00000,1.00000,0.00000,0.06787,0.08583,-236.21210,-258.65061,0.09499,2852.00000,2850.00000,0.00000
600.00000,0.03000,6.00000,1.00000,0.00000,0.06787,0.08583,-236.21210,-258.65061,0.09499,2852.00000,2847.00000,0.00000
