"Omega","Tolerance","Step Size Rule","Iterations","Converged?","Gap LR","Gap Naive","Obj. Naive","Obj. LR","Gap","Time Naive","Time LR","Final Lambda","LB Heuristic"
600.00000,0.03000,1.00000,3.00000,0.00000,0.05403,0.07655,236.21210,255.29786,0.05126,4241.00000,2568.00000,8.82920,242.21200
600.00000,0.03000,2.00000,2.00000,0.00000,0.05403,0.07655,236.21210,255.29786,0.05126,4241.00000,4213.00000,0.59087,242.21200
600.00000,0.03000,3.00000,2.00000,0.00000,0.05089,0.07655,236.21210,254.53838,0.04843,4241.00000,4212.00000,0.45320,242.21200
600.00000,0.03000,4.00000,2.00000,1.00000,0.05403,0.07655,236.21210,255.29786,0.05126,4241.00000,4212.00000,0.48920,242.21200
600.00000,0.03000,5.00000,3.00000,0.00000,0.05403,0.07655,236.21210,255.29786,0.05126,4241.00000,2539.00000,0.05779,242.21200
600.00000,0.03000,6.00000,3.00000,0.00000,0.07147,0.07655,236.21210,259.52286,0.06670,4241.00000,4290.00000,0.00000,242.21200
