"Omega","Tolerance","Step Size Rule","Iterations","Converged?","Gap LR","Gap Naive","Obj. Naive","Obj. LR","Gap","Time Naive","Time LR","Final Lambda"
600.00000,0.03000,1.00000,2.00000,0.00000,0.00208,0.14206,-236.21210,-241.70910,-0.00208,2872.00000,4341.00000,0.12920
600.00000,0.03000,2.00000,2.00000,0.00000,0.00208,0.14206,-236.21210,-241.70910,-0.00208,2872.00000,4342.00000,0.31587
600.00000,0.03000,3.00000,2.00000,0.00000,0.03225,0.14206,-236.21210,-250.02227,0.03124,2872.00000,4339.00000,0.38420
600.00000,0.03000,4.00000,2.00000,0.00000,0.05482,0.14206,-236.21210,-255.48977,0.05197,2872.00000,4288.00000,0.50178
600.00000,0.03000,5.00000,3.00000,0.00000,0.06787,0.14206,-236.21210,-258.65061,0.06356,2872.00000,2351.00000,0.00859
600.00000,0.03000,6.00000,3.00000,0.00000,0.06787,0.14206,-236.21210,-258.65061,0.06356,2872.00000,4337.00000,0.00000
