"Omega","Tolerance","Step Size Rule","Iterations","Converged?","Gap LR","Gap Naive","Obj. Naive","Obj. LR","Gap","Time Naive","Time LR","Final Lambda","LB Heuristic"
600.00000,0.03000,1.00000,2.00000,0.00000,0.04460,0.14206,236.21210,253.01571,0.04270,4291.00000,4222.00000,0.51920,242.21200
600.00000,0.03000,2.00000,2.00000,0.00000,0.04460,0.14206,236.21210,253.01571,0.04270,4291.00000,4216.00000,0.73382,242.21200
600.00000,0.03000,3.00000,2.00000,0.00000,0.04357,0.14206,236.21210,252.76520,0.04175,4291.00000,4215.00000,0.61670,242.21200
600.00000,0.03000,4.00000,2.00000,1.00000,0.05403,0.14206,236.21210,255.29786,0.05126,4291.00000,4213.00000,0.48920,242.21200
600.00000,0.03000,5.00000,3.00000,0.00000,0.05403,0.14206,236.21210,255.29786,0.05126,4291.00000,2405.00000,0.05779,242.21200
600.00000,0.03000,6.00000,3.00000,0.00000,0.07147,0.14206,236.21210,259.52286,0.06670,4291.00000,4279.00000,0.00000,242.21200
