"Omega","Tolerance","Step Size Rule","Iterations","Converged?","Gap LR","Gap Naive","Obj. Naive","Obj. LR","Gap","Time Naive","Time LR","Final Lambda"
600.00000,0.03000,1.00000,2.00000,0.00000,0.04460,0.14206,-236.21210,-253.01571,252.05841,4287.00000,4222.00000,0.51920
600.00000,0.03000,2.00000,2.00000,0.00000,0.04460,0.14206,-236.21210,-253.01571,252.05841,4287.00000,4217.00000,0.73382
600.00000,0.03000,3.00000,2.00000,0.00000,0.04357,0.14206,-236.21210,-252.76520,251.80695,4287.00000,4217.00000,0.61670
600.00000,0.03000,4.00000,2.00000,0.00000,0.04818,0.14206,-236.21210,-253.88186,252.92783,4287.00000,4216.00000,0.51567
600.00000,0.03000,5.00000,3.00000,0.00000,0.05403,0.14206,-236.21210,-255.29786,254.34912,4287.00000,2435.00000,0.05779
600.00000,0.03000,6.00000,3.00000,0.00000,0.07147,0.14206,-236.21210,-259.52286,258.58956,4287.00000,4273.00000,0.00000
