"Omega","Tolerance","Step Size Rule","Iterations","Converged?","Gap LR","Gap Naive","Obj. Naive","Obj. LR","Gap","Time Naive","Time LR","Final Lambda","LB Heuristic"
600.00000,0.03000,1.00000,2.00000,0.00000,0.07157,0.00000,242.35654,259.54676,0.06623,3692.00000,4209.00000,0.48920,242.21200
600.00000,0.03000,2.00000,4.00000,0.00000,0.07182,0.00000,242.35654,259.60676,0.06645,3692.00000,2491.00000,0.00773,242.21200
600.00000,0.03000,3.00000,2.00000,0.00000,0.07169,0.00000,242.35654,259.57676,0.06634,3692.00000,4209.00000,0.52220,242.21200
600.00000,0.03000,4.00000,2.00000,0.00000,0.07135,0.00000,242.35654,259.49286,0.06604,3692.00000,4208.00000,0.52860,242.21200
600.00000,0.03000,5.00000,5.00000,0.00000,0.07182,0.00000,242.35654,259.60676,0.06645,3692.00000,2440.00000,0.01323,242.21200
600.00000,0.03000,6.00000,3.00000,0.00000,0.07215,0.00000,242.35654,259.68651,0.06673,3692.00000,3950.00000,0.00000,242.21200
