"Omega","Tolerance","Step Size Rule","Iterations","Converged?","Gap LR","Gap Naive","Obj. Naive","Obj. LR","Gap","Time Naive","Time LR","Final Lambda"
600.00000,0.03000,1.00000,5.00000,0.00000,0.03062,0.00000,-277.32679,-283.63153,0.02273,1975.00000,2322.00000,8.17754
600.00000,0.03000,2.00000,8.00000,0.00000,0.03062,0.00000,-277.32679,-283.63153,0.02273,1975.00000,2310.00000,0.37844
600.00000,0.03000,3.00000,6.00000,0.00000,0.03062,0.00000,-277.32679,-283.63153,0.02273,1975.00000,2365.00000,3.55990
600.00000,0.03000,4.00000,6.00000,0.00000,0.03062,0.00000,-277.32679,-283.63153,0.02273,1975.00000,2290.00000,2.29094
600.00000,0.03000,5.00000,10.00000,0.00000,0.03062,0.00000,-277.32679,-283.63153,0.02273,1975.00000,1572.00000,0.05886
600.00000,0.03000,6.00000,5.00000,0.00000,0.03062,0.00000,-277.32679,-283.63153,0.02273,1975.00000,2813.00000,0.17221
