"Omega","Tolerance","Step Size Rule","Iterations","Converged?","Gap LR","Gap Naive","Obj. Naive","Obj. LR","Gap","Time Naive","Time LR","Final Lambda"
600.00000,0.03000,1.00000,10.00000,0.00000,0.03062,0.00000,-277.32679,-283.63153,0.02273,162.00000,281.00000,219.00000
600.00000,0.03000,2.00000,10.00000,0.00000,0.03062,0.00000,-277.32679,-283.63153,0.02273,162.00000,408.00000,0.43956
600.00000,0.03000,3.00000,10.00000,0.00000,0.03062,0.00000,-277.32679,-283.63153,0.02273,162.00000,291.00000,86.32110
600.00000,0.03000,4.00000,10.00000,0.00000,0.03062,0.00000,-277.32679,-283.63153,0.02273,162.00000,282.00000,175.94305
600.00000,0.03000,5.00000,10.00000,0.00000,0.03062,0.00000,-277.32679,-283.63153,0.02273,162.00000,346.00000,0.39943
600.00000,0.03000,6.00000,10.00000,0.00000,0.03062,0.00000,-277.32679,-283.63153,0.02273,162.00000,538.00000,0.41281
