"Omega","Tolerance","Step Size Rule","Iterations","Converged?","Gap LR","Gap Naive","Obj. Naive","Obj. LR","Gap","Time Naive","Time LR","Final Lambda"
600.00000,0.03000,1.00000,4.00000,0.00000,0.03062,0.00000,-277.32679,-283.63153,0.02223,1694.00000,2288.00000,8.44754
600.00000,0.03000,2.00000,5.00000,0.00000,0.03062,0.00000,-277.32679,-283.63153,0.02223,1694.00000,2269.00000,0.37071
600.00000,0.03000,3.00000,3.00000,0.00000,0.03062,0.00000,-277.32679,-283.63153,0.02223,1694.00000,2260.00000,3.76454
600.00000,0.03000,4.00000,5.00000,0.00000,0.03062,0.00000,-277.32679,-283.63153,0.02223,1694.00000,2401.00000,2.32564
600.00000,0.03000,5.00000,10.00000,0.00000,0.03062,0.00000,-277.32679,-283.63153,0.02223,1694.00000,2056.00000,0.05886
600.00000,0.03000,6.00000,5.00000,0.00000,0.03062,0.00000,-277.32679,-283.63153,0.02223,1694.00000,3261.00000,0.17221
