"Omega","Tolerance","Step Size Rule","Iterations","Converged?","Gap LR","Gap Naive","Obj. Naive","Obj. LR","Gap","Time Naive","Time LR","Final Lambda","LB Heuristic"
100.00000,0.03000,1.00000,10.00000,0.00000,0.01273,0.00001,277.70031,281.27975,0.01273,339.00000,768.00000,4.00123,277.70031
100.00000,0.03000,2.00000,10.00000,0.00000,0.01273,0.00001,277.70031,281.27975,0.01273,339.00000,312.00000,2.20540,277.70031
100.00000,0.03000,3.00000,10.00000,0.00000,0.01273,0.00001,277.70031,281.27975,0.01273,339.00000,848.00000,3.32942,277.70031
100.00000,0.03000,4.00000,10.00000,0.00000,0.01273,0.00001,277.70031,281.27975,0.01273,339.00000,983.00000,3.11603,277.70031
100.00000,0.03000,5.00000,10.00000,0.00000,0.01273,0.00001,277.70031,281.27975,0.01273,339.00000,271.00000,0.11932,277.70031
100.00000,0.03000,6.00000,10.00000,0.00000,0.01273,0.00001,277.70031,281.27975,0.01273,339.00000,404.00000,2.65065,277.70031
