"Omega","Tolerance","Step Size Rule","Iterations","Converged?","Gap LR","Gap Naive","Obj. Naive","Obj. LR","Gap","Time Naive","Time LR","Final Lambda","LB Heuristic"
100.00000,0.03000,1.00000,10.00000,0.00000,0.01289,0.00000,277.70031,281.27975,0.01273,182.00000,376.00000,4.00123,277.70031
100.00000,0.03000,2.00000,10.00000,0.00000,0.01289,0.00000,277.70031,281.27975,0.01273,182.00000,149.00000,2.20540,277.70031
100.00000,0.03000,3.00000,10.00000,0.00000,0.01289,0.00000,277.70031,281.27975,0.01273,182.00000,416.00000,3.32942,277.70031
100.00000,0.03000,4.00000,10.00000,0.00000,0.01289,0.00000,277.70031,281.27975,0.01273,182.00000,419.00000,3.11603,277.70031
100.00000,0.03000,5.00000,10.00000,0.00000,0.01289,0.00000,277.70031,281.27975,0.01273,182.00000,97.00000,0.11932,277.70031
100.00000,0.03000,6.00000,10.00000,0.00000,0.01289,0.00000,277.70031,281.27975,0.01273,182.00000,140.00000,2.65065,277.70031
