"Omega","Tolerance","Step Size Rule","Iterations","Converged?","Gap LR","Gap Naive","Obj. Naive","Obj. LR","Gap","Time Naive","Time LR","Final Lambda"
100.00000,0.03000,1.00000,10.00000,0.00000,0.01289,0.00000,-277.70031,-281.27975,0.01289,8.00000,20.00000,4.00123
100.00000,0.03000,2.00000,10.00000,0.00000,0.01289,0.00000,-277.70031,-281.27975,0.01289,8.00000,4.00000,2.20540
100.00000,0.03000,3.00000,10.00000,0.00000,0.01289,0.00000,-277.70031,-281.27975,0.01289,8.00000,25.00000,3.32942
100.00000,0.03000,4.00000,10.00000,0.00000,0.01289,0.00000,-277.70031,-281.27975,0.01289,8.00000,29.00000,3.11603
100.00000,0.03000,5.00000,10.00000,0.00000,0.01289,0.00000,-277.70031,-281.27975,0.01289,8.00000,4.00000,0.11932
100.00000,0.03000,6.00000,10.00000,0.00000,0.01289,0.00000,-277.70031,-281.27975,0.01289,8.00000,8.00000,2.65065
