"Omega","Tolerance","Step Size Rule","Iterations","Converged?","Gap LR","Gap Naive","Obj. Naive","Obj. LR","Gap","Time Naive","Time LR","Final Lambda","LB Heuristic"
100.00000,0.05000,1.00000,10.00000,0.00000,0.02905,0.00000,279.60035,287.72262,0.02823,94.00000,487.00000,3.74271,279.60035
100.00000,0.05000,2.00000,10.00000,0.00000,0.01979,0.00000,279.60035,285.13394,0.01941,94.00000,591.00000,2.42481,279.60035
100.00000,0.05000,3.00000,10.00000,0.00000,0.02493,0.00000,279.60035,286.56976,0.02432,94.00000,382.00000,3.39650,279.60035
100.00000,0.05000,4.00000,10.00000,0.00000,0.02277,0.00000,279.60035,285.96591,0.02226,94.00000,368.00000,3.19739,279.60035
100.00000,0.05000,5.00000,10.00000,0.00000,0.01968,0.00000,279.60035,285.10236,0.01930,94.00000,207.00000,2.55506,279.60035
100.00000,0.05000,6.00000,10.00000,0.00000,0.02029,0.00000,279.60035,285.27284,0.01988,94.00000,91.00000,2.61658,279.60035
