"Omega","Tolerance","Step Size Rule","Iterations","Converged?","Gap LR","Gap Naive","Obj. Naive","Obj. LR","Gap","Time Naive","Time LR","Final Lambda"
100.00000,0.05000,1.00000,10.00000,0.00000,0.06949,0.00000,-280.98160,-299.91693,0.06739,9.00000,1.00000,27.77650
100.00000,0.05000,2.00000,10.00000,0.00000,0.05344,0.00000,-280.98160,-295.41693,0.05137,9.00000,24.00000,2.82913
100.00000,0.05000,3.00000,10.00000,0.00000,0.06949,0.00000,-280.98160,-299.91693,0.06739,9.00000,1.00000,22.72681
100.00000,0.05000,4.00000,10.00000,0.00000,0.06949,0.00000,-280.98160,-299.91693,0.06739,9.00000,1.00000,40.22400
100.00000,0.05000,5.00000,10.00000,0.00000,0.05940,0.00000,-280.98160,-297.08796,0.05732,9.00000,24.00000,2.80733
100.00000,0.05000,6.00000,10.00000,0.00000,0.03578,0.00000,-280.98160,-290.46523,0.03375,9.00000,8.00000,2.51125
