"Omega","Tolerance","Step Size Rule","Iterations","Converged?","Gap LR","Gap Naive","Obj. Naive","Obj. LR","Gap","Time Naive","Time LR","Final Lambda","LB Heuristic"
600.00000,0.07000,1.00000,4.00000,0.00000,0.11938,0.15277,245.11350,282.80077,0.10665,4220.00000,2511.00000,6.94026,252.64113
600.00000,0.07000,2.00000,2.00000,0.00000,0.11344,0.15277,245.11350,281.30077,0.10188,4220.00000,4206.00000,0.46563,252.64113
600.00000,0.07000,3.00000,2.00000,0.00000,0.11938,0.15277,245.11350,282.80077,0.10665,4220.00000,2419.00000,4.39926,252.64113
600.00000,0.07000,4.00000,2.00000,0.00000,0.11938,0.15277,245.11350,282.80077,0.10665,4220.00000,2631.00000,3.10884,252.64113
600.00000,0.07000,5.00000,2.00000,0.00000,0.06429,0.15277,245.11350,268.88246,0.06040,4220.00000,4211.00000,0.35101,252.64113
600.00000,0.07000,6.00000,2.00000,0.00000,0.07629,0.15277,245.11350,271.91634,0.07089,4220.00000,4208.00000,0.00000,252.64113
