"Omega","Tolerance","Step Size Rule","Iterations","Converged?","Gap LR","Gap Naive","Obj. Naive","Obj. LR","Gap","Time Naive","Time LR","Final Lambda"
600.00000,0.07000,1.00000,1.00000,0.00000,0.06469,0.18667,-235.58842,-268.98463,0.14176,2844.00000,2853.00000,0.07026
600.00000,0.07000,2.00000,1.00000,0.00000,0.06469,0.18667,-235.58842,-268.98463,0.14176,2844.00000,2851.00000,0.40257
600.00000,0.07000,3.00000,1.00000,0.00000,0.06469,0.18667,-235.58842,-268.98463,0.14176,2844.00000,2854.00000,0.26526
600.00000,0.07000,4.00000,1.00000,0.00000,0.06469,0.18667,-235.58842,-268.98463,0.14176,2844.00000,2855.00000,0.33026
600.00000,0.07000,5.00000,1.00000,0.00000,0.06469,0.18667,-235.58842,-268.98463,0.14176,2844.00000,2853.00000,0.22949
600.00000,0.07000,6.00000,1.00000,0.00000,0.06469,0.18667,-235.58842,-268.98463,0.14176,2844.00000,2828.00000,0.00000
