"Omega","Tolerance","Step Size Rule","Iterations","Converged?","Gap LR","Gap Naive","Obj. Naive","Obj. LR","Gap","Time Naive","Time LR","Final Lambda","LB Heuristic"
600.00000,0.07000,1.00000,3.00000,0.00000,0.06469,0.18667,235.58842,268.98463,0.06076,4242.00000,2446.00000,7.81026,252.64113
600.00000,0.07000,2.00000,3.00000,0.00000,0.06469,0.18667,235.58842,268.98463,0.06076,4242.00000,2545.00000,0.40794,252.64113
600.00000,0.07000,3.00000,3.00000,0.00000,0.06469,0.18667,235.58842,268.98463,0.06076,4242.00000,3055.00000,3.41326,252.64113
600.00000,0.07000,4.00000,3.00000,0.00000,0.06469,0.18667,235.58842,268.98463,0.06076,4242.00000,3851.00000,2.19050,252.64113
600.00000,0.07000,5.00000,3.00000,0.00000,0.06469,0.18667,235.58842,268.98463,0.06076,4242.00000,2414.00000,0.23845,252.64113
600.00000,0.07000,6.00000,3.00000,0.00000,0.06469,0.18667,235.58842,268.98463,0.06076,4242.00000,4306.00000,0.12551,252.64113
