"Omega","Tolerance","Step Size Rule","Iterations","Converged?","Gap LR","Gap Naive","Obj. Naive","Obj. LR","Gap","Time Naive","Time LR","Final Lambda","LB Heuristic"
600.00000,0.07000,1.00000,3.00000,0.00000,0.04336,0.18667,235.58842,263.59451,0.04155,4275.00000,2821.00000,7.96026,252.64113
600.00000,0.07000,2.00000,3.00000,0.00000,0.04336,0.18667,235.58842,263.59451,0.04155,4275.00000,2665.00000,0.37188,252.64113
600.00000,0.07000,3.00000,3.00000,0.00000,0.04336,0.18667,235.58842,263.59451,0.04155,4275.00000,3369.00000,3.48826,252.64113
600.00000,0.07000,4.00000,3.00000,0.00000,0.04336,0.18667,235.58842,263.59451,0.04155,4275.00000,3866.00000,2.24050,252.64113
600.00000,0.07000,5.00000,3.00000,0.00000,0.06469,0.18667,235.58842,268.98463,0.06076,4275.00000,2484.00000,0.23845,252.64113
600.00000,0.07000,6.00000,3.00000,0.00000,0.06469,0.18667,235.58842,268.98463,0.06076,4275.00000,4307.00000,0.12551,252.64113
