"Omega","Tolerance","Step Size Rule","Iterations","Converged?","Gap LR","Gap Naive","Obj. Naive","Obj. LR","Gap","Time Naive","Time LR","Final Lambda"
600.00000,0.07000,1.00000,3.00000,0.00000,0.04336,0.18667,-235.58842,-263.59451,262.63606,4269.00000,2854.00000,7.96026
600.00000,0.07000,2.00000,2.00000,0.00000,0.04336,0.18667,-235.58842,-263.59451,262.63606,4269.00000,2409.00000,0.36920
600.00000,0.07000,3.00000,3.00000,0.00000,0.04336,0.18667,-235.58842,-263.59451,262.63606,4269.00000,3366.00000,3.48826
600.00000,0.07000,4.00000,3.00000,0.00000,0.04336,0.18667,-235.58842,-263.59451,262.63606,4269.00000,3820.00000,2.24050
600.00000,0.07000,5.00000,3.00000,0.00000,0.06469,0.18667,-235.58842,-268.98463,268.04539,4269.00000,2467.00000,0.23845
600.00000,0.07000,6.00000,3.00000,0.00000,0.06469,0.18667,-235.58842,-268.98463,268.04539,4269.00000,4346.00000,0.12551
