"Omega","Tolerance","Step Size Rule","Iterations","Converged?","Gap LR","Gap Naive","Obj. Naive","Obj. LR","Gap","Time Naive","Time LR","Final Lambda"
600.00000,0.07000,1.00000,2.00000,0.00000,0.05034,0.18667,-235.58842,-265.35979,0.04793,2877.00000,2340.00000,8.37000
600.00000,0.07000,2.00000,2.00000,0.00000,0.05034,0.18667,-235.58842,-265.35979,0.04793,2877.00000,2827.00000,0.41883
600.00000,0.07000,3.00000,2.00000,0.00000,0.05034,0.18667,-235.58842,-265.35979,0.04793,2877.00000,2435.00000,3.55326
600.00000,0.07000,4.00000,2.00000,0.00000,0.06469,0.18667,-235.58842,-268.98463,0.06076,2877.00000,2512.00000,2.30309
600.00000,0.07000,5.00000,2.00000,0.00000,0.05034,0.18667,-235.58842,-265.35979,0.04793,2877.00000,2524.00000,0.28916
600.00000,0.07000,6.00000,2.00000,0.00000,0.06469,0.18667,-235.58842,-268.98463,0.06076,2877.00000,2325.00000,1.02862
