"Omega","Tolerance","Step Size Rule","Iterations","Converged?","Gap LR","Gap Naive","Obj. Naive","Obj. LR","Gap","Time Naive","Time LR","Final Lambda","LB Heuristic"
600.00000,0.07000,1.00000,3.00000,0.00000,0.06469,0.18667,235.58842,268.98463,0.06076,4289.00000,2555.00000,7.81026,252.64113
600.00000,0.07000,2.00000,3.00000,0.00000,0.06469,0.18667,235.58842,268.98463,0.06076,4289.00000,2580.00000,0.40794,252.64113
600.00000,0.07000,3.00000,3.00000,0.00000,0.06469,0.18667,235.58842,268.98463,0.06076,4289.00000,3113.00000,3.41326,252.64113
600.00000,0.07000,4.00000,3.00000,0.00000,0.06469,0.18667,235.58842,268.98463,0.06076,4289.00000,4065.00000,2.19050,252.64113
600.00000,0.07000,5.00000,2.00000,0.00000,0.06429,0.18667,235.58842,268.88246,0.06040,4289.00000,4211.00000,0.35101,252.64113
600.00000,0.07000,6.00000,3.00000,0.00000,0.06469,0.18667,235.58842,268.98463,0.06076,4289.00000,4273.00000,0.13360,252.64113
