"Omega","Tolerance","Step Size Rule","Iterations","Converged?","Gap LR","Gap Naive","Obj. Naive","Obj. LR","Gap","Time Naive","Time LR","Final Lambda"
600.00000,0.01000,1.00000,2.00000,0.00000,0.02967,0.05210,-248.35552,-249.13163,0.00312,2866.00000,4331.00000,1.20062
600.00000,0.01000,2.00000,2.00000,0.00000,0.02520,0.05210,-248.35552,-248.04933,-0.00123,2866.00000,4332.00000,0.76062
600.00000,0.01000,3.00000,2.00000,0.00000,0.03326,0.05210,-248.35552,-249.99974,0.00658,2866.00000,4343.00000,1.23362
600.00000,0.01000,4.00000,2.00000,1.00000,0.03338,0.05210,-248.35552,-250.02974,0.00670,2866.00000,4298.00000,1.25062
600.00000,0.01000,5.00000,3.00000,0.00000,0.03785,0.05210,-248.35552,-251.10982,0.01097,2866.00000,2352.00000,0.00842
600.00000,0.01000,6.00000,3.00000,0.00000,0.03785,0.05210,-248.35552,-251.10982,0.01097,2866.00000,4346.00000,5.56834
