"Omega","Tolerance","Step Size Rule","Iterations","Converged?","Gap LR","Gap Naive","Obj. Naive","Obj. LR","Gap","Time Naive","Time LR","Final Lambda","LB Heuristic"
600.00000,0.01000,1.00000,1.00000,1.00000,0.03658,0.00000,251.14026,251.14026,0.00000,2398.00000,2057.00000,1.26062,241.95267
600.00000,0.01000,2.00000,1.00000,1.00000,0.03658,0.00000,251.14026,251.14026,0.00000,2398.00000,2013.00000,1.26062,241.95267
600.00000,0.01000,3.00000,1.00000,1.00000,0.03658,0.00000,251.14026,251.14026,0.00000,2398.00000,1781.00000,1.26062,241.95267
600.00000,0.01000,4.00000,1.00000,1.00000,0.03658,0.00000,251.14026,251.14026,0.00000,2398.00000,1783.00000,1.26062,241.95267
600.00000,0.01000,5.00000,1.00000,1.00000,0.03658,0.00000,251.14026,251.14026,0.00000,2398.00000,1832.00000,1.26062,241.95267
600.00000,0.01000,6.00000,1.00000,1.00000,0.03658,0.00000,251.14026,251.14026,0.00000,2398.00000,2019.00000,1.26062,241.95267
