"Omega","Tolerance","Step Size Rule","Iterations","Converged?","Gap LR","Gap Naive","Obj. Naive","Obj. LR","Gap","Time Naive","Time LR","Final Lambda","LB Heuristic"
600.00000,0.01000,1.00000,1.00000,1.00000,0.03797,0.00000,251.14026,251.14026,0.00000,1390.00000,1042.00000,1.26062,241.95267
600.00000,0.01000,2.00000,1.00000,1.00000,0.03797,0.00000,251.14026,251.14026,0.00000,1390.00000,1096.00000,1.26062,241.95267
600.00000,0.01000,3.00000,1.00000,1.00000,0.03797,0.00000,251.14026,251.14026,0.00000,1390.00000,1114.00000,1.26062,241.95267
600.00000,0.01000,4.00000,1.00000,1.00000,0.03797,0.00000,251.14026,251.14026,0.00000,1390.00000,1142.00000,1.26062,241.95267
600.00000,0.01000,5.00000,1.00000,1.00000,0.03797,0.00000,251.14026,251.14026,0.00000,1390.00000,1197.00000,1.26062,241.95267
600.00000,0.01000,6.00000,1.00000,1.00000,0.03797,0.00000,251.14026,251.14026,0.00000,1390.00000,1206.00000,1.26062,241.95267
