"Omega","Tolerance","Step Size Rule","Iterations","Converged?","Gap LR","Gap Naive","Obj. Naive","Obj. LR","Gap","Time Naive","Time LR","Final Lambda"
600.00000,0.01000,1.00000,1.00000,0.00000,0.03785,0.00393,-251.14026,-251.10982,-0.00012,2842.00000,2840.00000,1.24562
600.00000,0.01000,2.00000,1.00000,0.00000,0.03785,0.00393,-251.14026,-251.10982,-0.00012,2842.00000,2845.00000,0.00000
600.00000,0.01000,3.00000,1.00000,0.00000,0.03785,0.00393,-251.14026,-251.10982,-0.00012,2842.00000,2848.00000,1.25312
600.00000,0.01000,4.00000,1.00000,0.00000,0.03785,0.00393,-251.14026,-251.10982,-0.00012,2842.00000,2848.00000,1.25562
600.00000,0.01000,5.00000,1.00000,0.00000,0.03785,0.00393,-251.14026,-251.10982,-0.00012,2842.00000,2847.00000,0.00000
600.00000,0.01000,6.00000,1.00000,0.00000,0.03785,0.00393,-251.14026,-251.10982,-0.00012,2842.00000,2844.00000,0.00000
