"Omega","Tolerance","Step Size Rule","Iterations","Converged?","Gap LR","Gap Naive","Obj. Naive","Obj. LR","Gap","Time Naive","Time LR","Final Lambda","LB Heuristic"
600.00000,0.01000,1.00000,1.00000,1.00000,0.03797,0.00082,251.14026,251.14026,0.00000,2456.00000,2104.00000,1.26062,241.95267
600.00000,0.01000,2.00000,1.00000,1.00000,0.03797,0.00082,251.14026,251.14026,0.00000,2456.00000,2102.00000,1.26062,241.95267
600.00000,0.01000,3.00000,1.00000,1.00000,0.03797,0.00082,251.14026,251.14026,0.00000,2456.00000,2032.00000,1.26062,241.95267
600.00000,0.01000,4.00000,1.00000,1.00000,0.03797,0.00082,251.14026,251.14026,0.00000,2456.00000,1844.00000,1.26062,241.95267
600.00000,0.01000,5.00000,1.00000,1.00000,0.03797,0.00082,251.14026,251.14026,0.00000,2456.00000,1795.00000,1.26062,241.95267
600.00000,0.01000,6.00000,1.00000,1.00000,0.03797,0.00082,251.14026,251.14026,0.00000,2456.00000,1941.00000,1.26062,241.95267
