"Omega","Tolerance","Step Size Rule","Iterations","Converged?","Gap LR","Gap Naive","Obj. Naive","Obj. LR","Gap","Time Naive","Time LR","Final Lambda","LB Heuristic"
600.00000,0.01000,1.00000,1.00000,1.00000,0.03797,0.00082,251.14026,251.14026,0.00000,3633.00000,2106.00000,1.26062,241.95267
600.00000,0.01000,2.00000,2.00000,0.00000,0.03646,0.00082,251.14026,250.77341,-0.00146,3633.00000,3616.00000,0.51062,241.95267
600.00000,0.01000,3.00000,1.00000,1.00000,0.03797,0.00082,251.14026,251.14026,0.00000,3633.00000,2104.00000,1.26062,241.95267
600.00000,0.01000,4.00000,2.00000,0.00000,0.03439,0.00082,251.14026,250.27238,-0.00347,3633.00000,4208.00000,1.27415,241.95267
600.00000,0.01000,5.00000,2.00000,0.00000,0.03646,0.00082,251.14026,250.77341,-0.00146,3633.00000,2714.00000,3.76062,241.95267
600.00000,0.01000,6.00000,2.00000,0.00000,0.03646,0.00082,251.14026,250.77341,-0.00146,3633.00000,2479.00000,0.00000,241.95267
