"Omega","Tolerance","Step Size Rule","Iterations","Converged?","Gap LR","Gap Naive","Obj. Naive","Obj. LR","Gap","Time Naive","Time LR","Final Lambda","LB Heuristic"
600.00000,0.01000,1.00000,2.00000,0.00000,0.02967,0.00393,251.14026,249.13163,-0.00806,4269.00000,4215.00000,1.20062,241.95267
600.00000,0.01000,2.00000,2.00000,0.00000,0.02982,0.00393,251.14026,249.16856,-0.00791,4269.00000,4221.00000,0.57880,241.95267
600.00000,0.01000,3.00000,2.00000,0.00000,0.03338,0.00393,251.14026,250.02974,-0.00444,4269.00000,4217.00000,1.25162,241.95267
600.00000,0.01000,4.00000,2.00000,0.00000,0.03342,0.00393,251.14026,250.03974,-0.00440,4269.00000,4216.00000,1.25855,241.95267
600.00000,0.01000,5.00000,2.00000,0.00000,0.03628,0.00393,251.14026,250.73104,-0.00163,4269.00000,2561.00000,6.76062,241.95267
600.00000,0.01000,6.00000,1.00000,1.00000,0.03797,0.00393,251.14026,251.14026,0.00000,4269.00000,2106.00000,1.26062,241.95267
