"Omega","Tolerance","Step Size Rule","Iterations","Converged?","Gap LR","Gap Naive","Obj. Naive","Obj. LR","Gap","Time Naive","Time LR","Final Lambda"
600.00000,0.01000,1.00000,1.00000,1.00000,0.03797,0.00000,-251.14026,-251.14026,0.00000,1549.00000,1132.00000,1.26062
600.00000,0.01000,2.00000,1.00000,1.00000,0.03797,0.00000,-251.14026,-251.14026,0.00000,1549.00000,1132.00000,1.26062
600.00000,0.01000,3.00000,1.00000,1.00000,0.03797,0.00000,-251.14026,-251.14026,0.00000,1549.00000,1160.00000,1.26062
600.00000,0.01000,4.00000,1.00000,1.00000,0.03797,0.00000,-251.14026,-251.14026,0.00000,1549.00000,1150.00000,1.26062
600.00000,0.01000,5.00000,1.00000,1.00000,0.03797,0.00000,-251.14026,-251.14026,0.00000,1549.00000,1245.00000,1.26062
600.00000,0.01000,6.00000,1.00000,1.00000,0.03797,0.00000,-251.14026,-251.14026,0.00000,1549.00000,1179.00000,1.26062
