"Omega","Tolerance","Step Size Rule","Iterations","Converged?","Gap LR","Gap Naive","Obj. Naive","Obj. LR","Gap","Time Naive","Time LR","Final Lambda"
600.00000,0.05000,1.00000,1.00000,0.00000,0.05275,0.15140,-241.06819,-259.96242,0.07838,2853.00000,2843.00000,0.13898
600.00000,0.05000,2.00000,1.00000,0.00000,0.05275,0.15140,-241.06819,-259.96242,0.07838,2853.00000,2845.00000,0.38255
600.00000,0.05000,3.00000,1.00000,0.00000,0.05275,0.15140,-241.06819,-259.96242,0.07838,2853.00000,2848.00000,0.29648
600.00000,0.05000,4.00000,1.00000,0.00000,0.05275,0.15140,-241.06819,-259.96242,0.07838,2853.00000,2851.00000,0.34898
600.00000,0.05000,5.00000,1.00000,0.00000,0.05275,0.15140,-241.06819,-259.96242,0.07838,2853.00000,2850.00000,0.16826
600.00000,0.05000,6.00000,1.00000,0.00000,0.05275,0.15140,-241.06819,-259.96242,0.07838,2853.00000,2838.00000,0.00000
