"Omega","Tolerance","Step Size Rule","Iterations","Converged?","Gap LR","Gap Naive","Obj. Naive","Obj. LR","Gap","Time Naive","Time LR","Final Lambda"
600.00000,0.05000,1.00000,2.00000,0.00000,0.04682,0.15141,-241.06819,-258.49854,0.04472,2885.00000,2404.00000,8.61398
600.00000,0.05000,2.00000,2.00000,0.00000,0.04682,0.15141,-241.06819,-258.49854,0.04472,2885.00000,2439.00000,0.39892
600.00000,0.05000,3.00000,2.00000,0.00000,0.04682,0.15141,-241.06819,-258.49854,0.04472,2885.00000,2428.00000,3.67898
600.00000,0.05000,4.00000,2.00000,0.00000,0.04682,0.15141,-241.06819,-258.49854,0.04472,2885.00000,2473.00000,2.33923
600.00000,0.05000,5.00000,2.00000,0.00000,0.04682,0.15141,-241.06819,-258.49854,0.04472,2885.00000,2475.00000,0.22847
600.00000,0.05000,6.00000,2.00000,0.00000,0.04682,0.15141,-241.06819,-258.49854,0.04472,2885.00000,2398.00000,0.99960
