"Omega","Tolerance","Step Size Rule","Iterations","Converged?","Gap LR","Gap Naive","Obj. Naive","Obj. LR","Gap","Time Naive","Time LR","Final Lambda"
600.00000,0.05000,1.00000,3.00000,0.00000,0.04682,0.15141,-241.06819,-258.49854,257.54326,4292.00000,2882.00000,8.16398
600.00000,0.05000,2.00000,2.00000,0.00000,0.04682,0.15141,-241.06819,-258.49854,257.54326,4292.00000,2436.00000,0.39892
600.00000,0.05000,3.00000,3.00000,0.00000,0.04682,0.15141,-241.06819,-258.49854,257.54326,4292.00000,3305.00000,3.52898
600.00000,0.05000,4.00000,3.00000,0.00000,0.04682,0.15141,-241.06819,-258.49854,257.54326,4292.00000,4178.00000,2.25263
600.00000,0.05000,5.00000,3.00000,0.00000,0.05494,0.15141,-241.06819,-260.50337,259.55545,4292.00000,2432.00000,0.10981
600.00000,0.05000,6.00000,3.00000,0.00000,0.05494,0.15141,-241.06819,-260.50337,259.55545,4292.00000,4344.00000,0.00000
