"Omega","Tolerance","Step Size Rule","Iterations","Converged?","Gap LR","Gap Naive","Obj. Naive","Obj. LR","Gap","Time Naive","Time LR","Final Lambda","LB Heuristic"
600.00000,0.05000,1.00000,3.00000,0.00000,0.04682,0.15140,241.06819,258.49854,0.04472,4303.00000,2788.00000,8.16398,246.93740
600.00000,0.05000,2.00000,2.00000,0.00000,0.04682,0.15140,241.06819,258.49854,0.04472,4303.00000,2441.00000,0.39892,246.93740
600.00000,0.05000,3.00000,3.00000,0.00000,0.04682,0.15140,241.06819,258.49854,0.04472,4303.00000,3403.00000,3.52898,246.93740
600.00000,0.05000,4.00000,3.00000,0.00000,0.04682,0.15140,241.06819,258.49854,0.04472,4303.00000,4178.00000,2.25263,246.93740
600.00000,0.05000,5.00000,3.00000,0.00000,0.05494,0.15140,241.06819,260.50337,0.05208,4303.00000,2434.00000,0.10981,246.93740
600.00000,0.05000,6.00000,3.00000,0.00000,0.05494,0.15140,241.06819,260.50337,0.05208,4303.00000,4337.00000,0.00000,246.93740
