"Omega","Tolerance","Step Size Rule","Iterations","Converged?","Gap LR","Gap Naive","Obj. Naive","Obj. LR","Gap","Time Naive","Time LR","Final Lambda","LB Heuristic"
600.00000,0.05000,1.00000,3.00000,0.00000,0.05494,0.15141,241.06819,260.50337,0.05208,4306.00000,2755.00000,8.29898,246.93740
600.00000,0.05000,2.00000,3.00000,0.00000,0.05494,0.15141,241.06819,260.50337,0.05208,4306.00000,2570.00000,0.37101,246.93740
600.00000,0.05000,3.00000,3.00000,0.00000,0.05494,0.15141,241.06819,260.50337,0.05208,4306.00000,2881.00000,3.59648,246.93740
600.00000,0.05000,4.00000,3.00000,0.00000,0.05494,0.15141,241.06819,260.50337,0.05208,4306.00000,3758.00000,2.29763,246.93740
600.00000,0.05000,5.00000,2.00000,0.00000,0.05566,0.15141,241.06819,260.68232,0.05273,4306.00000,4209.00000,0.28803,246.93740
600.00000,0.05000,6.00000,3.00000,0.00000,0.05494,0.15141,241.06819,260.50337,0.05208,4306.00000,4301.00000,0.00000,246.93740
