"Omega","Tolerance","Step Size Rule","Iterations","Converged?","Gap LR","Gap Naive","Obj. Naive","Obj. LR","Gap","Time Naive","Time LR","Final Lambda","LB Heuristic"
600.00000,0.05000,1.00000,3.00000,0.00000,0.05494,0.15140,241.06819,260.50337,0.05208,4265.00000,2549.00000,8.29898,246.93740
600.00000,0.05000,2.00000,3.00000,0.00000,0.05494,0.15140,241.06819,260.50337,0.05208,4265.00000,2553.00000,0.37101,246.93740
600.00000,0.05000,3.00000,3.00000,0.00000,0.05494,0.15140,241.06819,260.50337,0.05208,4265.00000,2868.00000,3.59648,246.93740
600.00000,0.05000,4.00000,3.00000,0.00000,0.05494,0.15140,241.06819,260.50337,0.05208,4265.00000,3694.00000,2.29763,246.93740
600.00000,0.05000,5.00000,4.00000,0.00000,0.05494,0.15140,241.06819,260.50337,0.05208,4265.00000,2478.00000,0.11244,246.93740
600.00000,0.05000,6.00000,3.00000,0.00000,0.05494,0.15140,241.06819,260.50337,0.05208,4265.00000,4326.00000,0.00000,246.93740
