"Omega","Tolerance","Step Size Rule","Iterations","Converged?","Gap LR","Gap Naive","Obj. Naive","Obj. LR","Gap","Time Naive","Time LR","Final Lambda","LB Heuristic"
600.00000,0.05000,1.00000,3.00000,0.00000,0.10577,0.09701,255.56284,273.05684,0.06407,4225.00000,2530.00000,8.10398,246.93740
600.00000,0.05000,2.00000,2.00000,0.00000,0.05942,0.09701,255.56284,261.61024,0.02312,4225.00000,4207.00000,0.38843,246.93740
600.00000,0.05000,3.00000,2.00000,0.00000,0.10577,0.09701,255.56284,273.05684,0.06407,4225.00000,2511.00000,4.54898,246.93740
600.00000,0.05000,4.00000,2.00000,0.00000,0.10577,0.09701,255.56284,273.05684,0.06407,4225.00000,2520.00000,3.19791,246.93740
600.00000,0.05000,5.00000,2.00000,0.00000,0.05916,0.09701,255.56284,261.54606,0.02288,4225.00000,4207.00000,0.27700,246.93740
600.00000,0.05000,6.00000,2.00000,0.00000,0.06890,0.09701,255.56284,263.95164,0.03178,4225.00000,4203.00000,0.00000,246.93740
