"Omega","Tolerance","Step Size Rule","Iterations","Converged?","Gap LR","Gap Naive","Obj. Naive","Obj. LR","Gap","Time Naive","Time LR","Final Lambda","LB Heuristic"
600.00000,0.05000,1.00000,3.00000,0.00000,0.10577,0.09989,255.56284,273.05684,0.06407,4230.00000,2522.00000,8.10398,246.93740
600.00000,0.05000,2.00000,2.00000,0.00000,0.05297,0.09989,255.56284,260.01768,0.01713,4230.00000,4207.00000,0.38518,246.93740
600.00000,0.05000,3.00000,2.00000,0.00000,0.10577,0.09989,255.56284,273.05684,0.06407,4230.00000,2426.00000,4.54898,246.93740
600.00000,0.05000,4.00000,2.00000,0.00000,0.10577,0.09989,255.56284,273.05684,0.06407,4230.00000,2588.00000,3.19791,246.93740
600.00000,0.05000,5.00000,2.00000,0.00000,0.05916,0.09989,255.56284,261.54606,0.02288,4230.00000,4208.00000,0.27700,246.93740
600.00000,0.05000,6.00000,2.00000,0.00000,0.06735,0.09989,255.56284,263.56858,0.03037,4230.00000,4207.00000,0.00000,246.93740
