"Omega","Tolerance","Step Size Rule","Iterations","Converged?","Gap LR","Gap Naive","Obj. Naive","Obj. LR","Gap","Time Naive","Time LR","Final Lambda"
100.00000,0.03000,1.00000,10.00000,0.00000,0.02792,0.00000,-281.43983,-287.80288,0.02261,3.00000,3.00000,37.75776
100.00000,0.03000,2.00000,10.00000,0.00000,0.02256,0.00000,-281.43983,-286.30288,0.01728,3.00000,14.00000,2.63748
100.00000,0.03000,3.00000,10.00000,0.00000,0.02792,0.00000,-281.43983,-287.80288,0.02261,3.00000,4.00000,24.72794
100.00000,0.03000,4.00000,10.00000,0.00000,0.02792,0.00000,-281.43983,-287.80288,0.02261,3.00000,3.00000,45.22626
100.00000,0.03000,5.00000,10.00000,0.00000,0.02256,0.00000,-281.43983,-286.30288,0.01728,3.00000,21.00000,2.70204
100.00000,0.03000,6.00000,10.00000,0.00000,0.02325,0.00000,-281.43983,-286.49634,0.01797,3.00000,8.00000,2.43143
