"Omega","Tolerance","Step Size Rule","Iterations","Converged?","Gap LR","Gap Naive","Obj. Naive","Obj. LR","Gap","Time Naive","Time LR","Final Lambda","LB Heuristic"
600.00000,0.07000,1.00000,3.00000,0.00000,0.06693,0.15310,246.52113,271.30039,0.06273,4329.00000,2765.00000,7.80807,254.28117
600.00000,0.07000,2.00000,3.00000,0.00000,0.06357,0.15310,246.52113,270.44660,0.05977,4329.00000,2494.00000,0.40095,254.28117
600.00000,0.07000,3.00000,3.00000,0.00000,0.06357,0.15310,246.52113,270.44660,0.05977,4329.00000,2908.00000,3.41607,254.28117
600.00000,0.07000,4.00000,3.00000,0.00000,0.06357,0.15310,246.52113,270.44660,0.05977,4329.00000,3333.00000,2.18966,254.28117
600.00000,0.07000,5.00000,4.00000,0.00000,0.06357,0.15310,246.52113,270.44660,0.05977,4329.00000,2493.00000,0.21972,254.28117
600.00000,0.07000,6.00000,3.00000,0.00000,0.06357,0.15310,246.52113,270.44660,0.05977,4329.00000,4291.00000,0.00000,254.28117
