"Omega","Tolerance","Step Size Rule","Iterations","Converged?","Gap LR","Gap Naive","Obj. Naive","Obj. LR","Gap","Time Naive","Time LR","Final Lambda","LB Heuristic"
600.00000,0.07000,1.00000,5.00000,0.00000,0.06359,0.12214,254.87711,270.45187,0.05759,4213.00000,2528.00000,6.51807,254.28117
600.00000,0.07000,2.00000,5.00000,0.00000,0.06359,0.12214,254.87711,270.45187,0.05759,4213.00000,2431.00000,0.41525,254.28117
600.00000,0.07000,3.00000,3.00000,0.00000,0.06359,0.12214,254.87711,270.45187,0.05759,4213.00000,2509.00000,3.38607,254.28117
600.00000,0.07000,4.00000,3.00000,0.00000,0.06359,0.12214,254.87711,270.45187,0.05759,4213.00000,2813.00000,2.16966,254.28117
600.00000,0.07000,5.00000,3.00000,0.00000,0.06359,0.12214,254.87711,270.45187,0.05759,4213.00000,2408.00000,0.25275,254.28117
600.00000,0.07000,6.00000,3.00000,0.00000,0.06359,0.12214,254.87711,270.45187,0.05759,4213.00000,4314.00000,0.00000,254.28117
