"Omega","Tolerance","Step Size Rule","Iterations","Converged?","Gap LR","Gap Naive","Obj. Naive","Obj. LR","Gap","Time Naive","Time LR","Final Lambda"
600.00000,0.07000,1.00000,2.00000,0.00000,0.04514,0.15310,-246.52113,-265.76019,0.04319,2874.00000,2368.00000,8.37000
600.00000,0.07000,2.00000,2.00000,0.00000,0.04514,0.15310,-246.52113,-265.76019,0.04319,2874.00000,2508.00000,0.42505
600.00000,0.07000,3.00000,2.00000,0.00000,0.04514,0.15310,-246.52113,-265.76019,0.04319,2874.00000,2492.00000,3.49107
600.00000,0.07000,4.00000,2.00000,0.00000,0.04514,0.15310,-246.52113,-265.76019,0.04319,2874.00000,2566.00000,2.22090
600.00000,0.07000,5.00000,2.00000,0.00000,0.04514,0.15310,-246.52113,-265.76019,0.04319,2874.00000,2539.00000,0.32059
600.00000,0.07000,6.00000,2.00000,0.00000,0.04514,0.15310,-246.52113,-265.76019,0.04319,2874.00000,2367.00000,1.02377
