"Omega","Tolerance","Step Size Rule","Iterations","Converged?","Gap LR","Gap Naive","Obj. Naive","Obj. LR","Gap","Time Naive","Time LR","Final Lambda","LB Heuristic"
600.00000,0.07000,1.00000,3.00000,0.00000,0.06357,0.15266,246.52113,270.44660,0.05977,4246.00000,2578.00000,7.83807,254.28117
600.00000,0.07000,2.00000,3.00000,0.00000,0.06357,0.15266,246.52113,270.44660,0.05977,4246.00000,2478.00000,0.40095,254.28117
600.00000,0.07000,3.00000,3.00000,0.00000,0.06357,0.15266,246.52113,270.44660,0.05977,4246.00000,2877.00000,3.41607,254.28117
600.00000,0.07000,4.00000,3.00000,0.00000,0.06357,0.15266,246.52113,270.44660,0.05977,4246.00000,3268.00000,2.18966,254.28117
600.00000,0.07000,5.00000,3.00000,0.00000,0.06357,0.15266,246.52113,270.44660,0.05977,4246.00000,2446.00000,0.21703,254.28117
600.00000,0.07000,6.00000,3.00000,0.00000,0.06357,0.15266,246.52113,270.44660,0.05977,4246.00000,4320.00000,0.09098,254.28117
