"Omega","Tolerance","Step Size Rule","Iterations","Converged?","Gap LR","Gap Naive","Obj. Naive","Obj. LR","Gap","Time Naive","Time LR","Final Lambda","LB Heuristic"
600.00000,0.07000,1.00000,3.00000,0.00000,0.04022,0.15310,246.52113,264.50918,0.03867,4365.00000,2918.00000,7.74000,254.28117
600.00000,0.07000,2.00000,2.00000,0.00000,0.04022,0.15310,246.52113,264.50918,0.03867,4365.00000,2945.00000,0.42129,254.28117
600.00000,0.07000,3.00000,2.00000,0.00000,0.04022,0.15310,246.52113,264.50918,0.03867,4365.00000,2403.00000,3.52107,254.28117
600.00000,0.07000,4.00000,3.00000,0.00000,0.04022,0.15310,246.52113,264.50918,0.03867,4365.00000,3746.00000,2.11966,254.28117
600.00000,0.07000,5.00000,3.00000,0.00000,0.04022,0.15310,246.52113,264.50918,0.03867,4365.00000,2461.00000,0.30914,254.28117
600.00000,0.07000,6.00000,3.00000,0.00000,0.06357,0.15310,246.52113,270.44660,0.05977,4365.00000,4341.00000,0.03263,254.28117
