"Omega","Tolerance","Step Size Rule","Iterations","Converged?","Gap LR","Gap Naive","Obj. Naive","Obj. LR","Gap","Time Naive","Time LR","Final Lambda"
600.00000,0.07000,1.00000,1.00000,0.00000,0.06357,0.15310,-246.52113,-270.44660,0.09705,2863.00000,2860.00000,0.09807
600.00000,0.07000,2.00000,1.00000,0.00000,0.06357,0.15310,-246.52113,-270.44660,0.09705,2863.00000,2860.00000,0.39557
600.00000,0.07000,3.00000,1.00000,0.00000,0.06357,0.15310,-246.52113,-270.44660,0.09705,2863.00000,2858.00000,0.27807
600.00000,0.07000,4.00000,1.00000,0.00000,0.06357,0.15310,-246.52113,-270.44660,0.09705,2863.00000,2864.00000,0.33807
600.00000,0.07000,5.00000,1.00000,0.00000,0.06357,0.15310,-246.52113,-270.44660,0.09705,2863.00000,2856.00000,0.20807
600.00000,0.07000,6.00000,1.00000,0.00000,0.06357,0.15310,-246.52113,-270.44660,0.09705,2863.00000,2818.00000,0.00000
