"Omega","Tolerance","Step Size Rule","Iterations","Converged?","Gap LR","Gap Naive","Obj. Naive","Obj. LR","Gap","Time Naive","Time LR","Final Lambda"
600.00000,0.07000,1.00000,3.00000,0.00000,0.04022,0.15310,-246.52113,-264.50918,263.54785,4310.00000,2921.00000,7.74000
600.00000,0.07000,2.00000,2.00000,0.00000,0.04022,0.15310,-246.52113,-264.50918,263.54785,4310.00000,2909.00000,0.42129
600.00000,0.07000,3.00000,3.00000,0.00000,0.04022,0.15310,-246.52113,-264.50918,263.54785,4310.00000,3502.00000,3.31107
600.00000,0.07000,4.00000,2.00000,0.00000,0.04022,0.15310,-246.52113,-264.50918,263.54785,4310.00000,2425.00000,2.24090
600.00000,0.07000,5.00000,3.00000,0.00000,0.04022,0.15310,-246.52113,-264.50918,263.54785,4310.00000,2435.00000,0.30914
600.00000,0.07000,6.00000,3.00000,0.00000,0.06357,0.15310,-246.52113,-270.44660,269.50637,4310.00000,4333.00000,0.09098
