"Omega","Tolerance","Step Size Rule","Iterations","Converged?","Gap LR","Gap Naive","Obj. Naive","Obj. LR","Gap","Time Naive","Time LR","Final Lambda","LB Heuristic"
600.00000,0.07000,1.00000,4.00000,0.00000,0.06357,0.12671,253.79793,270.44660,0.05977,4233.00000,2556.00000,7.20807,254.28117
600.00000,0.07000,2.00000,5.00000,0.00000,0.06357,0.12671,253.79793,270.44660,0.05977,4233.00000,2509.00000,0.40633,254.28117
600.00000,0.07000,3.00000,3.00000,0.00000,0.06357,0.12671,253.79793,270.44660,0.05977,4233.00000,2612.00000,3.41607,254.28117
600.00000,0.07000,4.00000,3.00000,0.00000,0.06357,0.12671,253.79793,270.44660,0.05977,4233.00000,2970.00000,2.18966,254.28117
600.00000,0.07000,5.00000,3.00000,0.00000,0.06357,0.12671,253.79793,270.44660,0.05977,4233.00000,2411.00000,0.21703,254.28117
600.00000,0.07000,6.00000,3.00000,0.00000,0.06357,0.12671,253.79793,270.44660,0.05977,4233.00000,4285.00000,0.00000,254.28117
