"Omega","Tolerance","Step Size Rule","Iterations","Converged?","Gap LR","Gap Naive","Obj. Naive","Obj. LR","Gap","Time Naive","Time LR","Final Lambda","LB Heuristic"
900.00000,0.05000,2.00000,2.00000,0.00000,0.08630,0.18549,231.14592,261.50083,0.07944,4271.00000,2404.00000,0.25654,240.72645
900.00000,0.05000,3.00000,3.00000,0.00000,0.08671,0.18549,231.14592,261.60060,0.07979,4271.00000,2988.00000,4.96416,240.72645
900.00000,0.05000,4.00000,2.00000,0.00000,0.08630,0.18549,231.14592,261.50083,0.07944,4271.00000,2477.00000,3.16454,240.72645
900.00000,0.05000,5.00000,2.00000,0.00000,0.08630,0.18549,231.14592,261.50083,0.07944,4271.00000,2486.00000,0.11767,240.72645
900.00000,0.05000,6.00000,3.00000,0.00000,0.08671,0.18549,231.14592,261.60060,0.07979,4271.00000,4393.00000,0.00000,240.72645
