"Omega","Tolerance","Step Size Rule","Iterations","Converged?","Gap LR","Gap Naive","Obj. Naive","Obj. LR","Gap","Time Naive","Time LR","Final Lambda"
900.00000,0.05000,1.00000,1.00000,1.00000,0.00000,0.18598,-231.14592,-240.72645,239.72645,4351.00000,2113.00000,0.30166
900.00000,0.05000,2.00000,1.00000,1.00000,0.00000,0.18598,-231.14592,-240.72645,239.72645,4351.00000,2113.00000,0.30166
900.00000,0.05000,3.00000,1.00000,1.00000,0.00000,0.18598,-231.14592,-240.72645,239.72645,4351.00000,2111.00000,0.30166
900.00000,0.05000,4.00000,1.00000,1.00000,0.00000,0.18598,-231.14592,-240.72645,239.72645,4351.00000,2109.00000,0.30166
900.00000,0.05000,5.00000,1.00000,1.00000,0.00000,0.18598,-231.14592,-240.72645,239.72645,4351.00000,2112.00000,0.30166
900.00000,0.05000,6.00000,1.00000,1.00000,0.00000,0.18598,-231.14592,-240.72645,239.72645,4351.00000,2111.00000,0.30166
