"Omega","Tolerance","Step Size Rule","Iterations","Converged?","Gap LR","Gap Naive","Obj. Naive","Obj. LR","Gap","Time Naive","Time LR","Final Lambda"
900.00000,0.05000,1.00000,1.00000,0.00000,0.08671,0.18560,-231.14592,-261.60060,0.13176,2890.00000,2891.00000,0.00000
900.00000,0.05000,2.00000,1.00000,0.00000,0.08671,0.18560,-231.14592,-261.60060,0.13176,2890.00000,2899.00000,0.25620
900.00000,0.05000,3.00000,1.00000,0.00000,0.08671,0.18560,-231.14592,-261.60060,0.13176,2890.00000,2905.00000,0.05416
900.00000,0.05000,4.00000,1.00000,0.00000,0.08671,0.18560,-231.14592,-261.60060,0.13176,2890.00000,2898.00000,0.13666
900.00000,0.05000,5.00000,1.00000,0.00000,0.08671,0.18560,-231.14592,-261.60060,0.13176,2890.00000,2898.00000,0.11984
900.00000,0.05000,6.00000,1.00000,0.00000,0.08671,0.18560,-231.14592,-261.60060,0.13176,2890.00000,2870.00000,0.00000
