"Omega","Tolerance","Step Size Rule","Iterations","Converged?","Gap LR","Gap Naive","Obj. Naive","Obj. LR","Gap","Time Naive","Time LR","Final Lambda"
900.00000,0.05000,1.00000,2.00000,0.00000,0.01590,0.18806,-231.14592,-244.55430,0.01565,2937.00000,2690.00000,12.82500
900.00000,0.05000,2.00000,2.00000,0.00000,0.01590,0.18806,-231.14592,-244.55430,0.01565,2937.00000,3071.00000,0.27008
900.00000,0.05000,3.00000,2.00000,0.00000,0.01590,0.18806,-231.14592,-244.55430,0.01565,2937.00000,2662.00000,5.13000
900.00000,0.05000,4.00000,2.00000,0.00000,0.01590,0.18806,-231.14592,-244.55430,0.01565,2937.00000,2718.00000,3.09954
900.00000,0.05000,5.00000,2.00000,0.00000,0.01590,0.18806,-231.14592,-244.55430,0.01565,2937.00000,2948.00000,0.17183
900.00000,0.05000,6.00000,2.00000,0.00000,0.01590,0.18806,-231.14592,-244.55430,0.01565,2937.00000,2581.00000,0.54616
