"Omega","Tolerance","Step Size Rule","Iterations","Converged?","Gap LR","Gap Naive","Obj. Naive","Obj. LR","Gap","Time Naive","Time LR","Final Lambda","LB Heuristic"
900.00000,0.05000,1.00000,1.00000,1.00000,0.00000,0.18598,231.14592,240.72645,0.00000,4348.00000,2109.00000,0.30166,240.72645
900.00000,0.05000,2.00000,2.00000,0.00000,0.01883,0.18598,231.14592,245.25948,0.01848,4348.00000,2552.00000,0.26683,240.72645
900.00000,0.05000,3.00000,3.00000,0.00000,0.01883,0.18598,231.14592,245.25948,0.01848,4348.00000,3666.00000,4.91000,240.72645
900.00000,0.05000,4.00000,2.00000,0.00000,0.01883,0.18598,231.14592,245.25948,0.01848,4348.00000,2566.00000,3.11954,240.72645
900.00000,0.05000,5.00000,2.00000,0.00000,0.01883,0.18598,231.14592,245.25948,0.01848,4348.00000,3143.00000,0.15882,240.72645
900.00000,0.05000,6.00000,3.00000,0.00000,0.08630,0.18598,231.14592,261.50083,0.07944,4348.00000,4439.00000,0.00000,240.72645
