"Omega","Tolerance","Step Size Rule","Iterations","Converged?","Gap LR","Gap Naive","Obj. Naive","Obj. LR","Gap","Time Naive","Time LR","Final Lambda","LB Heuristic"
900.00000,0.05000,1.00000,3.00000,0.00000,0.08671,0.18549,231.14592,261.60060,0.07979,4253.00000,2527.00000,12.15000,240.72645
900.00000,0.05000,2.00000,2.00000,0.00000,0.08671,0.18549,231.14592,261.60060,0.07979,4253.00000,2803.00000,0.25796,240.72645
900.00000,0.05000,3.00000,3.00000,0.00000,0.08671,0.18549,231.14592,261.60060,0.07979,4253.00000,2912.00000,4.96416,240.72645
900.00000,0.05000,4.00000,3.00000,0.00000,0.08671,0.18549,231.14592,261.60060,0.07979,4253.00000,2989.00000,3.03541,240.72645
900.00000,0.05000,5.00000,3.00000,0.00000,0.08671,0.18549,231.14592,261.60060,0.07979,4253.00000,2548.00000,0.12569,240.72645
900.00000,0.05000,6.00000,3.00000,0.00000,0.08671,0.18549,231.14592,261.60060,0.07979,4253.00000,4374.00000,0.00000,240.72645
