"Omega","Tolerance","Step Size Rule","Iterations","Converged?","Gap LR","Gap Naive","Obj. Naive","Obj. LR","Gap","Time Naive","Time LR","Final Lambda"
900.00000,0.03000,1.00000,2.00000,0.00000,0.03891,0.18202,-227.05469,-237.38105,-0.04048,2939.00000,2748.00000,13.09500
900.00000,0.03000,2.00000,1.00000,0.00000,0.03891,0.18202,-227.05469,-237.38105,-0.04048,2939.00000,2258.00000,0.32690
900.00000,0.03000,3.00000,1.00000,0.00000,0.03891,0.18202,-227.05469,-237.38105,-0.04048,2939.00000,2252.00000,0.17996
900.00000,0.03000,4.00000,1.00000,0.00000,0.03891,0.18202,-227.05469,-237.38105,-0.04048,2939.00000,2275.00000,0.24746
900.00000,0.03000,5.00000,1.00000,0.00000,0.03891,0.18202,-227.05469,-237.38105,-0.04048,2939.00000,2261.00000,0.16024
900.00000,0.03000,6.00000,1.00000,0.00000,0.03891,0.18202,-227.05469,-237.38105,-0.04048,2939.00000,2251.00000,1.09425
