"Omega","Tolerance","Step Size Rule","Iterations","Converged?","Gap LR","Gap Naive","Obj. Naive","Obj. LR","Gap","Time Naive","Time LR","Final Lambda","LB Heuristic"
900.00000,0.03000,2.00000,2.00000,1.00000,0.00000,0.17930,227.08850,246.99027,0.00000,4270.00000,4214.00000,0.28871,246.99027
900.00000,0.03000,3.00000,2.00000,0.00000,0.04377,0.17930,227.08850,257.80191,0.04194,4270.00000,2729.00000,5.50046,246.99027
900.00000,0.03000,4.00000,2.00000,0.00000,0.03601,0.17930,227.08850,255.88401,0.03476,4270.00000,4210.00000,0.23175,246.99027
900.00000,0.03000,5.00000,4.00000,0.00000,0.04377,0.17930,227.08850,257.80191,0.04194,4270.00000,2526.00000,0.01490,246.99027
900.00000,0.03000,6.00000,3.00000,0.00000,0.04377,0.17930,227.08850,257.80191,0.04194,4270.00000,4330.00000,0.00000,246.99027
