"Omega","Tolerance","Step Size Rule","Iterations","Converged?","Gap LR","Gap Naive","Obj. Naive","Obj. LR","Gap","Time Naive","Time LR","Final Lambda","LB Heuristic"
900.00000,0.03000,1.00000,3.00000,0.00000,0.04520,0.07904,254.58422,258.15496,0.01383,4255.00000,2557.00000,12.78746,246.99027
900.00000,0.03000,2.00000,2.00000,0.00000,0.03353,0.07904,254.58422,255.27197,0.00269,4255.00000,4205.00000,0.22851,246.99027
900.00000,0.03000,3.00000,2.00000,0.00000,0.04520,0.07904,254.58422,258.15496,0.01383,4255.00000,2600.00000,5.47046,246.99027
900.00000,0.03000,4.00000,2.00000,0.00000,0.02538,0.07904,254.58422,253.25973,-0.00523,4255.00000,4207.00000,0.20468,246.99027
900.00000,0.03000,5.00000,4.00000,0.00000,0.04520,0.07904,254.58422,258.15496,0.01383,4255.00000,2555.00000,0.08990,246.99027
900.00000,0.03000,6.00000,3.00000,0.00000,0.04520,0.07904,254.58422,258.15496,0.01383,4255.00000,4318.00000,0.00000,246.99027
