"Omega","Tolerance","Step Size Rule","Iterations","Converged?","Gap LR","Gap Naive","Obj. Naive","Obj. LR","Gap","Time Naive","Time LR","Final Lambda"
900.00000,0.03000,1.00000,1.00000,0.00000,0.04377,0.17988,-227.05469,-257.80191,0.13542,2897.00000,2903.00000,0.14246
900.00000,0.03000,2.00000,1.00000,0.00000,0.04377,0.17988,-227.05469,-257.80191,0.13542,2897.00000,2900.00000,0.28871
900.00000,0.03000,3.00000,1.00000,0.00000,0.04377,0.17988,-227.05469,-257.80191,0.13542,2897.00000,2893.00000,0.26246
900.00000,0.03000,4.00000,1.00000,0.00000,0.04377,0.17988,-227.05469,-257.80191,0.13542,2897.00000,2885.00000,0.30246
900.00000,0.03000,5.00000,1.00000,0.00000,0.04377,0.17988,-227.05469,-257.80191,0.13542,2897.00000,2892.00000,0.00746
900.00000,0.03000,6.00000,1.00000,0.00000,0.04377,0.17988,-227.05469,-257.80191,0.13542,2897.00000,2882.00000,0.00000
