"Omega","Tolerance","Step Size Rule","Iterations","Converged?","Gap LR","Gap Naive","Obj. Naive","Obj. LR","Gap","Time Naive","Time LR","Final Lambda"
900.00000,0.03000,1.00000,1.00000,1.00000,0.00000,0.18007,-227.05469,-246.99027,245.99027,4356.00000,2117.00000,0.38246
900.00000,0.03000,2.00000,1.00000,1.00000,0.00000,0.18007,-227.05469,-246.99027,245.99027,4356.00000,2112.00000,0.38246
900.00000,0.03000,3.00000,1.00000,1.00000,0.00000,0.18007,-227.05469,-246.99027,245.99027,4356.00000,2112.00000,0.38246
900.00000,0.03000,4.00000,1.00000,1.00000,0.00000,0.18007,-227.05469,-246.99027,245.99027,4356.00000,2111.00000,0.38246
900.00000,0.03000,5.00000,1.00000,1.00000,0.00000,0.18007,-227.05469,-246.99027,245.99027,4356.00000,2110.00000,0.38246
900.00000,0.03000,6.00000,1.00000,1.00000,0.00000,0.18007,-227.05469,-246.99027,245.99027,4356.00000,2110.00000,0.38246
