"Omega","Tolerance","Step Size Rule","Iterations","Converged?","Gap LR","Gap Naive","Obj. Naive","Obj. LR","Gap","Time Naive","Time LR","Final Lambda","LB Heuristic"
900.00000,0.03000,1.00000,2.00000,0.00000,0.04212,0.18007,227.05469,257.39392,0.04042,4342.00000,2483.00000,13.17746,246.99027
900.00000,0.03000,2.00000,2.00000,0.00000,0.02876,0.18007,227.05469,254.09462,0.02796,4342.00000,4219.00000,0.24224,246.99027
900.00000,0.03000,3.00000,2.00000,0.00000,0.04377,0.18007,227.05469,257.80191,0.04194,4342.00000,2948.00000,5.50046,246.99027
900.00000,0.03000,4.00000,2.00000,1.00000,0.00000,0.18007,227.05469,246.99027,0.00000,4342.00000,4214.00000,0.28246,246.99027
900.00000,0.03000,5.00000,3.00000,0.00000,0.04377,0.18007,227.05469,257.80191,0.04194,4342.00000,2588.00000,0.01318,246.99027
900.00000,0.03000,6.00000,3.00000,0.00000,0.04377,0.18007,227.05469,257.80191,0.04194,4342.00000,4380.00000,0.00000,246.99027
