"Omega","Tolerance","Step Size Rule","Iterations","Converged?","Gap LR","Gap Naive","Obj. Naive","Obj. LR","Gap","Time Naive","Time LR","Final Lambda"
600.00000,0.05000,1.00000,1.00000,1.00000,0.00000,0.18299,-232.12811,-252.47711,251.47711,4265.00000,2107.00000,0.45227
600.00000,0.05000,2.00000,1.00000,1.00000,0.00000,0.18299,-232.12811,-252.47711,251.47711,4265.00000,2106.00000,0.45227
600.00000,0.05000,3.00000,1.00000,1.00000,0.00000,0.18299,-232.12811,-252.47711,251.47711,4265.00000,2106.00000,0.45227
600.00000,0.05000,4.00000,1.00000,1.00000,0.00000,0.18299,-232.12811,-252.47711,251.47711,4265.00000,2106.00000,0.45227
600.00000,0.05000,5.00000,1.00000,1.00000,0.00000,0.18299,-232.12811,-252.47711,251.47711,4265.00000,2107.00000,0.45227
600.00000,0.05000,6.00000,1.00000,1.00000,0.00000,0.18299,-232.12811,-252.47711,251.47711,4265.00000,2106.00000,0.45227
