"Omega","Tolerance","Step Size Rule","Iterations","Converged?","Gap LR","Gap Naive","Obj. Naive","Obj. LR","Gap","Time Naive","Time LR","Final Lambda","LB Heuristic"
600.00000,0.05000,1.00000,3.00000,0.00000,0.03019,0.12076,249.13257,260.09950,0.02931,4229.00000,2427.00000,8.16227,252.47711
600.00000,0.05000,2.00000,2.00000,0.00000,0.03019,0.12076,249.13257,260.09950,0.02931,4229.00000,2428.00000,0.39934,252.47711
600.00000,0.05000,3.00000,3.00000,0.00000,0.03019,0.12076,249.13257,260.09950,0.02931,4229.00000,2724.00000,3.52477,252.47711
600.00000,0.05000,4.00000,3.00000,0.00000,0.03019,0.12076,249.13257,260.09950,0.02931,4229.00000,2949.00000,2.24880,252.47711
600.00000,0.05000,5.00000,3.00000,0.00000,0.03019,0.12076,249.13257,260.09950,0.02931,4229.00000,2451.00000,0.23882,252.47711
600.00000,0.05000,6.00000,3.00000,0.00000,0.03019,0.12076,249.13257,260.09950,0.02931,4229.00000,4301.00000,0.20643,252.47711
