"Omega","Tolerance","Step Size Rule","Iterations","Converged?","Gap LR","Gap Naive","Obj. Naive","Obj. LR","Gap","Time Naive","Time LR","Final Lambda"
600.00000,0.05000,1.00000,1.00000,0.00000,0.02670,0.18297,-232.12811,-259.21814,0.11670,2845.00000,2850.00000,0.03227
600.00000,0.05000,2.00000,1.00000,0.00000,0.02670,0.18297,-232.12811,-259.21814,0.11670,2845.00000,2850.00000,0.39869
600.00000,0.05000,3.00000,1.00000,0.00000,0.02670,0.18297,-232.12811,-259.21814,0.11670,2845.00000,2846.00000,0.24227
600.00000,0.05000,4.00000,1.00000,0.00000,0.02670,0.18297,-232.12811,-259.21814,0.11670,2845.00000,2853.00000,0.31227
600.00000,0.05000,5.00000,1.00000,0.00000,0.02670,0.18297,-232.12811,-259.21814,0.11670,2845.00000,2847.00000,0.23798
600.00000,0.05000,6.00000,1.00000,0.00000,0.02670,0.18297,-232.12811,-259.21814,0.11670,2845.00000,2835.00000,0.00000
