"Omega","Tolerance","Step Size Rule","Iterations","Converged?","Gap LR","Gap Naive","Obj. Naive","Obj. LR","Gap","Time Naive","Time LR","Final Lambda"
600.00000,0.05000,1.00000,2.00000,0.00000,0.02446,0.18299,-232.12811,-246.30156,-0.02507,2870.00000,2412.00000,8.65727
600.00000,0.05000,2.00000,2.00000,0.00000,0.02446,0.18299,-232.12811,-246.30156,-0.02507,2870.00000,2454.00000,0.38968
600.00000,0.05000,3.00000,2.00000,0.00000,0.02446,0.18299,-232.12811,-246.30156,-0.02507,2870.00000,2902.00000,3.69977
600.00000,0.05000,4.00000,2.00000,0.00000,0.02446,0.18299,-232.12811,-246.30156,-0.02507,2870.00000,2546.00000,2.35252
600.00000,0.05000,5.00000,2.00000,0.00000,0.02446,0.18299,-232.12811,-246.30156,-0.02507,2870.00000,2541.00000,0.19666
600.00000,0.05000,6.00000,2.00000,0.00000,0.02670,0.18299,-232.12811,-259.21814,0.02601,2870.00000,2295.00000,0.97800
