"Omega","Tolerance","Step Size Rule","Iterations","Converged?","Gap LR","Gap Naive","Obj. Naive","Obj. LR","Gap","Time Naive","Time LR","Final Lambda","LB Heuristic"
600.00000,0.05000,1.00000,3.00000,0.00000,0.08294,0.11136,251.79859,273.41678,0.07659,4222.00000,2502.00000,8.13227,252.47711
600.00000,0.05000,2.00000,2.00000,0.00000,0.03047,0.11136,251.79859,260.17056,0.02957,4222.00000,4211.00000,0.39934,252.47711
600.00000,0.05000,3.00000,2.00000,0.00000,0.08294,0.11136,251.79859,273.41678,0.07659,4222.00000,2596.00000,4.55327,252.47711
600.00000,0.05000,4.00000,2.00000,0.00000,0.08294,0.11136,251.79859,273.41678,0.07659,4222.00000,2477.00000,3.19974,252.47711
600.00000,0.05000,5.00000,2.00000,0.00000,0.05917,0.11136,251.79859,267.41678,0.05587,4222.00000,4207.00000,0.46806,252.47711
600.00000,0.05000,6.00000,2.00000,0.00000,0.05181,0.11136,251.79859,265.55802,0.04926,4222.00000,4203.00000,0.00000,252.47711
