"Omega","Tolerance","Step Size Rule","Iterations","Converged?","Gap LR","Gap Naive","Obj. Naive","Obj. LR","Gap","Time Naive","Time LR","Final Lambda","LB Heuristic"
600.00000,0.05000,1.00000,3.00000,0.00000,0.03019,0.18299,232.12811,260.09950,0.02931,4294.00000,2732.00000,8.16227,252.47711
600.00000,0.05000,2.00000,2.00000,0.00000,0.03019,0.18299,232.12811,260.09950,0.02931,4294.00000,2664.00000,0.39934,252.47711
600.00000,0.05000,3.00000,3.00000,0.00000,0.03019,0.18299,232.12811,260.09950,0.02931,4294.00000,3084.00000,3.52477,252.47711
600.00000,0.05000,4.00000,3.00000,0.00000,0.03019,0.18299,232.12811,260.09950,0.02931,4294.00000,3457.00000,2.24880,252.47711
600.00000,0.05000,5.00000,4.00000,0.00000,0.03019,0.18299,232.12811,260.09950,0.02931,4294.00000,2553.00000,0.24145,252.47711
600.00000,0.05000,6.00000,3.00000,0.00000,0.03019,0.18299,232.12811,260.09950,0.02931,4294.00000,4290.00000,0.20643,252.47711
