"Omega","Tolerance","Step Size Rule","Iterations","Converged?","Gap LR","Gap Naive","Obj. Naive","Obj. LR","Gap","Time Naive","Time LR","Final Lambda"
100.00000,0.05000,1.00000,10.00000,0.00000,0.04536,0.00000,-284.07028,-295.59562,0.04057,125.00000,282.00000,3.67895
100.00000,0.05000,2.00000,10.00000,0.00000,0.03311,0.00000,-284.07028,-292.13141,0.02838,125.00000,244.00000,2.56105
100.00000,0.05000,3.00000,10.00000,0.00000,0.04034,0.00000,-284.07028,-294.17608,0.03557,125.00000,271.00000,3.37483
100.00000,0.05000,4.00000,10.00000,0.00000,0.03767,0.00000,-284.07028,-293.41924,0.03291,125.00000,221.00000,3.18853
100.00000,0.05000,5.00000,10.00000,0.00000,0.03333,0.00000,-284.07028,-292.19457,0.02860,125.00000,99.00000,2.45788
100.00000,0.05000,6.00000,10.00000,0.00000,0.03445,0.00000,-284.07028,-292.51008,0.02971,125.00000,78.00000,2.51093
