"Omega","Tolerance","Step Size Rule","Iterations","Converged?","Gap LR","Gap Naive","Obj. Naive","Obj. LR","Gap","Time Naive","Time LR","Final Lambda","LB Heuristic"
100.00000,0.05000,1.00000,10.00000,0.00000,0.04536,0.00000,284.07028,295.59562,0.03899,169.00000,413.00000,3.67895,282.76862
100.00000,0.05000,2.00000,10.00000,0.00000,0.03311,0.00000,284.07028,292.13141,0.02759,169.00000,359.00000,2.56105,282.76862
100.00000,0.05000,3.00000,10.00000,0.00000,0.04034,0.00000,284.07028,294.17608,0.03435,169.00000,405.00000,3.37483,282.76862
100.00000,0.05000,4.00000,10.00000,0.00000,0.03767,0.00000,284.07028,293.41924,0.03186,169.00000,359.00000,3.18853,282.76862
100.00000,0.05000,5.00000,10.00000,0.00000,0.03333,0.00000,284.07028,292.19457,0.02780,169.00000,169.00000,2.45788,282.76862
100.00000,0.05000,6.00000,10.00000,0.00000,0.03445,0.00000,284.07028,292.51008,0.02885,169.00000,141.00000,2.51093,282.76862
