"Omega","Tolerance","Step Size Rule","Iterations","Converged?","Gap LR","Gap Naive","Obj. Naive","Obj. LR","Gap","Time Naive","Time LR","Final Lambda","LB Heuristic"
100.00000,0.05000,1.00000,10.00000,0.00000,0.02436,0.00077,279.18201,286.15301,0.02436,334.00000,1086.00000,3.52858,279.18201
100.00000,0.05000,2.00000,10.00000,0.00000,0.01560,0.00077,279.18201,283.60673,0.01560,334.00000,1379.00000,2.93648,279.18201
100.00000,0.05000,3.00000,10.00000,0.00000,0.01981,0.00077,279.18201,284.82560,0.01981,334.00000,999.00000,3.32656,279.18201
100.00000,0.05000,4.00000,10.00000,0.00000,0.01676,0.00077,279.18201,283.93991,0.01676,334.00000,874.00000,3.15306,279.18201
100.00000,0.05000,5.00000,10.00000,0.00000,0.01280,0.00077,279.18201,282.80169,0.01280,334.00000,435.00000,2.78312,279.18201
100.00000,0.05000,6.00000,10.00000,0.00000,0.01339,0.00077,279.18201,282.97141,0.01339,334.00000,392.00000,2.82516,279.18201
