"Omega","Tolerance","Step Size Rule","Iterations","Converged?","Gap LR","Gap Naive","Obj. Naive","Obj. LR","Gap","Time Naive","Time LR","Final Lambda"
600.00000,0.03000,1.00000,2.00000,0.00000,0.03223,0.10820,-247.71091,-257.42275,0.03122,2868.00000,2493.00000,9.01561
600.00000,0.03000,2.00000,2.00000,0.00000,0.03223,0.10820,-247.71091,-257.42275,0.03122,2868.00000,4319.00000,0.25799
600.00000,0.03000,3.00000,2.00000,0.00000,0.02539,0.10820,-247.71091,-255.71682,0.02476,2868.00000,4335.00000,0.34261
600.00000,0.03000,4.00000,2.00000,0.00000,0.02898,0.10820,-247.71091,-256.61213,0.02816,2868.00000,4296.00000,0.41258
600.00000,0.03000,5.00000,3.00000,0.00000,0.04114,0.10820,-247.71091,-259.64413,0.03951,2868.00000,2330.00000,0.01875
600.00000,0.03000,6.00000,3.00000,0.00000,0.04114,0.10820,-247.71091,-259.64413,0.03951,2868.00000,4341.00000,0.02162
