"Omega","Tolerance","Step Size Rule","Iterations","Converged?","Gap LR","Gap Naive","Obj. Naive","Obj. LR","Gap","Time Naive","Time LR","Final Lambda","LB Heuristic"
600.00000,0.03000,1.00000,4.00000,0.00000,0.03897,0.07009,257.05553,259.10315,0.00790,4228.00000,2562.00000,8.53561,249.38501
600.00000,0.03000,2.00000,2.00000,0.00000,0.03897,0.07009,257.05553,259.10315,0.00790,4228.00000,4208.00000,1.19847,249.38501
600.00000,0.03000,3.00000,2.00000,0.00000,0.03821,0.07009,257.05553,258.91432,0.00718,4228.00000,4207.00000,0.49861,249.38501
600.00000,0.03000,4.00000,2.00000,0.00000,0.04309,0.07009,257.05553,260.13077,0.01182,4228.00000,4208.00000,0.52440,249.38501
600.00000,0.03000,5.00000,5.00000,0.00000,0.03897,0.07009,257.05553,259.10315,0.00790,4228.00000,2494.00000,0.14027,249.38501
600.00000,0.03000,6.00000,3.00000,0.00000,0.04583,0.07009,257.05553,260.81524,0.01442,4228.00000,3837.00000,0.02162,249.38501
