"Omega","Tolerance","Step Size Rule","Iterations","Converged?","Gap LR","Gap Naive","Obj. Naive","Obj. LR","Gap","Time Naive","Time LR","Final Lambda"
600.00000,0.03000,1.00000,3.00000,0.00000,0.03249,0.10820,-247.71091,-257.48677,256.51823,4289.00000,2624.00000,8.79061
600.00000,0.03000,2.00000,2.00000,0.00000,0.02838,0.10820,-247.71091,-256.46213,255.48972,4289.00000,4218.00000,0.35561
600.00000,0.03000,3.00000,2.00000,1.00000,0.00000,0.10820,-247.71091,-249.38501,248.38501,4289.00000,4217.00000,0.44311
600.00000,0.03000,4.00000,2.00000,0.00000,0.03249,0.10820,-247.71091,-257.48677,256.51823,4289.00000,4213.00000,0.47001
600.00000,0.03000,5.00000,4.00000,0.00000,0.03897,0.10820,-247.71091,-259.10315,258.14066,4289.00000,2550.00000,0.13821
600.00000,0.03000,6.00000,3.00000,0.00000,0.03897,0.10820,-247.71091,-259.10315,258.14066,4289.00000,4294.00000,0.02162
