"Omega","Tolerance","Step Size Rule","Iterations","Converged?","Gap LR","Gap Naive","Obj. Naive","Obj. LR","Gap","Time Naive","Time LR","Final Lambda","LB Heuristic"
600.00000,0.03000,1.00000,2.00000,0.00000,0.04188,0.07009,257.05754,260.28679,0.01241,4238.00000,4205.00000,0.51061,249.38501
600.00000,0.03000,2.00000,5.00000,0.00000,0.04188,0.07009,257.05754,260.28679,0.01241,4238.00000,2484.00000,0.01031,249.38501
600.00000,0.03000,3.00000,2.00000,0.00000,0.04188,0.07009,257.05754,260.28679,0.01241,4238.00000,4208.00000,0.54211,249.38501
600.00000,0.03000,4.00000,2.00000,0.00000,0.04188,0.07009,257.05754,260.28679,0.01241,4238.00000,4207.00000,0.54708,249.38501
600.00000,0.03000,5.00000,7.00000,0.00000,0.04188,0.07009,257.05754,260.28679,0.01241,4238.00000,2422.00000,0.01642,249.38501
600.00000,0.03000,6.00000,3.00000,0.00000,0.04188,0.07009,257.05754,260.28679,0.01241,4238.00000,3783.00000,0.02162,249.38501
