"Omega","Tolerance","Step Size Rule","Iterations","Converged?","Gap LR","Gap Naive","Obj. Naive","Obj. LR","Gap","Time Naive","Time LR","Final Lambda","LB Heuristic"
600.00000,0.03000,1.00000,4.00000,0.00000,0.03751,0.06961,257.18914,259.10315,0.00739,4227.00000,2401.00000,8.53561,249.38501
600.00000,0.03000,2.00000,5.00000,0.00000,0.04188,0.06961,257.18914,260.28679,0.01190,4227.00000,2431.00000,0.01031,249.38501
600.00000,0.03000,3.00000,2.00000,0.00000,0.04188,0.06961,257.18914,260.28679,0.01190,4227.00000,4208.00000,0.54211,249.38501
600.00000,0.03000,4.00000,2.00000,0.00000,0.04188,0.06961,257.18914,260.28679,0.01190,4227.00000,4206.00000,0.54708,249.38501
600.00000,0.03000,5.00000,5.00000,0.00000,0.04188,0.06961,257.18914,260.28679,0.01190,4227.00000,2438.00000,0.01323,249.38501
600.00000,0.03000,6.00000,3.00000,0.00000,0.04293,0.06961,257.18914,260.57228,0.01298,4227.00000,3905.00000,0.02162,249.38501
