"Omega","Tolerance","Step Size Rule","Iterations","Converged?","Gap LR","Gap Naive","Obj. Naive","Obj. LR","Gap","Time Naive","Time LR","Final Lambda","LB Heuristic"
600.00000,0.03000,1.00000,3.00000,0.00000,0.03249,0.10820,247.71091,257.48677,0.03146,4285.00000,2624.00000,8.79061,249.38501
600.00000,0.03000,2.00000,2.00000,0.00000,0.02838,0.10820,247.71091,256.46213,0.02760,4285.00000,4218.00000,0.35561,249.38501
600.00000,0.03000,3.00000,2.00000,1.00000,0.00000,0.10820,247.71091,249.38501,0.00000,4285.00000,4217.00000,0.44311,249.38501
600.00000,0.03000,4.00000,2.00000,0.00000,0.03249,0.10820,247.71091,257.48677,0.03146,4285.00000,4213.00000,0.47001,249.38501
600.00000,0.03000,5.00000,3.00000,0.00000,0.03897,0.10820,247.71091,259.10315,0.03751,4285.00000,2431.00000,0.13563,249.38501
600.00000,0.03000,6.00000,3.00000,0.00000,0.03897,0.10820,247.71091,259.10315,0.03751,4285.00000,4304.00000,0.02162,249.38501
