"Omega","Tolerance","Step Size Rule","Iterations","Converged?","Gap LR","Gap Naive","Obj. Naive","Obj. LR","Gap","Time Naive","Time LR","Final Lambda","LB Heuristic"
600.00000,0.03000,1.00000,3.00000,0.00000,0.03897,0.08352,253.34266,259.10315,0.02223,4242.00000,2488.00000,8.80561,249.38501
600.00000,0.03000,2.00000,2.00000,0.00000,0.03897,0.08352,253.34266,259.10315,0.02223,4242.00000,4215.00000,1.19847,249.38501
600.00000,0.03000,3.00000,2.00000,0.00000,0.03821,0.08352,253.34266,258.91432,0.02152,4242.00000,4214.00000,0.49861,249.38501
600.00000,0.03000,4.00000,2.00000,0.00000,0.03746,0.08352,253.34266,258.72618,0.02081,4242.00000,4214.00000,0.48915,249.38501
600.00000,0.03000,5.00000,3.00000,0.00000,0.03897,0.08352,253.34266,259.10315,0.02223,4242.00000,2523.00000,0.13563,249.38501
600.00000,0.03000,6.00000,3.00000,0.00000,0.03897,0.08352,253.34266,259.10315,0.02223,4242.00000,4299.00000,0.02162,249.38501
