"Omega","Tolerance","Step Size Rule","Iterations","Converged?","Gap LR","Gap Naive","Obj. Naive","Obj. LR","Gap","Time Naive","Time LR","Final Lambda","LB Heuristic"
600.00000,0.03000,1.00000,2.00000,0.00000,0.03680,0.07009,257.05553,258.91244,0.00717,4226.00000,4206.00000,0.57061,249.38501
600.00000,0.03000,2.00000,5.00000,0.00000,0.04382,0.07009,257.05553,260.81524,0.01442,4226.00000,2419.00000,0.01031,249.38501
600.00000,0.03000,3.00000,2.00000,0.00000,0.04372,0.07009,257.05553,260.78524,0.01430,4226.00000,4210.00000,0.52861,249.38501
600.00000,0.03000,4.00000,2.00000,0.00000,0.04131,0.07009,257.05553,260.13077,0.01182,4226.00000,4208.00000,0.52440,249.38501
600.00000,0.03000,5.00000,7.00000,0.00000,0.04382,0.07009,257.05553,260.81524,0.01442,4226.00000,2444.00000,0.01642,249.38501
600.00000,0.03000,6.00000,3.00000,0.00000,0.04382,0.07009,257.05553,260.81524,0.01442,4226.00000,3490.00000,0.02162,249.38501
