"Omega","Tolerance","Step Size Rule","Iterations","Converged?","Gap LR","Gap Naive","Obj. Naive","Obj. LR","Gap","Time Naive","Time LR","Final Lambda","LB Heuristic"
600.00000,0.03000,1.00000,4.00000,0.00000,0.03897,0.07009,257.05553,259.10315,0.00790,4224.00000,2439.00000,8.53561,249.38501
600.00000,0.03000,2.00000,6.00000,0.00000,0.04371,0.07009,257.05553,260.28679,0.01241,4224.00000,2445.00000,0.01289,249.38501
600.00000,0.03000,3.00000,2.00000,0.00000,0.04371,0.07009,257.05553,260.28679,0.01241,4224.00000,4206.00000,0.54211,249.38501
600.00000,0.03000,4.00000,2.00000,0.00000,0.04371,0.07009,257.05553,260.28679,0.01241,4224.00000,4205.00000,0.54708,249.38501
600.00000,0.03000,5.00000,6.00000,0.00000,0.04371,0.07009,257.05553,260.28679,0.01241,4224.00000,2422.00000,0.01495,249.38501
600.00000,0.03000,6.00000,3.00000,0.00000,0.04371,0.07009,257.05553,260.28679,0.01241,4224.00000,4072.00000,0.02162,249.38501
