"Omega","Tolerance","Step Size Rule","Iterations","Converged?","Gap LR","Gap Naive","Obj. Naive","Obj. LR","Gap","Time Naive","Time LR","Final Lambda"
600.00000,0.03000,1.00000,1.00000,0.00000,0.04583,0.10753,-247.71091,-260.81524,0.05290,2849.00000,2849.00000,0.52561
600.00000,0.03000,2.00000,1.00000,0.00000,0.04583,0.10753,-247.71091,-260.81524,0.05290,2849.00000,2847.00000,0.00000
600.00000,0.03000,3.00000,1.00000,0.00000,0.04583,0.10753,-247.71091,-260.81524,0.05290,2849.00000,2850.00000,0.54061
600.00000,0.03000,4.00000,1.00000,0.00000,0.04583,0.10753,-247.71091,-260.81524,0.05290,2849.00000,2856.00000,0.54561
600.00000,0.03000,5.00000,1.00000,0.00000,0.04583,0.10753,-247.71091,-260.81524,0.05290,2849.00000,2849.00000,0.00000
600.00000,0.03000,6.00000,1.00000,0.00000,0.04583,0.10753,-247.71091,-260.81524,0.05290,2849.00000,2846.00000,0.00000
