"Omega","Tolerance","Step Size Rule","Iterations","Converged?","Gap LR","Gap Naive","Obj. Naive","Obj. LR","Gap","Time Naive","Time LR","Final Lambda","LB Heuristic"
600.00000,0.03000,1.00000,2.00000,0.00000,0.04371,0.06813,257.59711,260.28679,0.01033,4225.00000,4205.00000,0.51061,249.38501
600.00000,0.03000,2.00000,4.00000,0.00000,0.04486,0.06813,257.59711,260.57228,0.01142,4225.00000,2414.00000,0.00773,249.38501
600.00000,0.03000,3.00000,2.00000,0.00000,0.04371,0.06813,257.59711,260.28679,0.01033,4225.00000,4209.00000,0.54211,249.38501
600.00000,0.03000,4.00000,2.00000,0.00000,0.04371,0.06813,257.59711,260.28679,0.01033,4225.00000,4208.00000,0.54708,249.38501
600.00000,0.03000,5.00000,7.00000,0.00000,0.04371,0.06813,257.59711,260.28679,0.01033,4225.00000,2416.00000,0.01642,249.38501
600.00000,0.03000,6.00000,3.00000,0.00000,0.04371,0.06813,257.59711,260.28679,0.01033,4225.00000,3656.00000,0.02162,249.38501
