"Omega","Tolerance","Step Size Rule","Iterations","Converged?","Gap LR","Gap Naive","Obj. Naive","Obj. LR","Gap","Time Naive","Time LR","Final Lambda","LB Heuristic"
100.00000,0.07000,1.00000,10.00000,0.00000,0.05551,0.00000,283.87349,298.71247,0.04968,200.00000,403.00000,3.39628,283.00411
100.00000,0.07000,2.00000,10.00000,0.00000,0.04359,0.00000,283.87349,295.33989,0.03882,200.00000,453.00000,2.70644,283.00411
100.00000,0.07000,3.00000,10.00000,0.00000,0.05209,0.00000,283.87349,297.74600,0.04659,200.00000,360.00000,3.31136,283.00411
100.00000,0.07000,4.00000,10.00000,0.00000,0.04870,0.00000,283.87349,296.78561,0.04351,200.00000,305.00000,3.15565,283.00411
100.00000,0.07000,5.00000,10.00000,0.00000,0.04370,0.00000,283.87349,295.37215,0.03893,200.00000,176.00000,2.73412,283.00411
100.00000,0.07000,6.00000,10.00000,0.00000,0.04612,0.00000,283.87349,296.05520,0.04115,200.00000,134.00000,2.63556,283.00411
