"Omega","Tolerance","Step Size Rule","Iterations","Converged?","Gap LR","Gap Naive","Obj. Naive","Obj. LR","Gap","Time Naive","Time LR","Final Lambda","LB Heuristic"
600.00000,0.01000,1.00000,2.00000,0.00000,0.02150,0.00055,254.02804,254.12332,0.00037,1825.00000,3773.00000,1.33329,248.77496
600.00000,0.01000,2.00000,3.00000,0.00000,0.02156,0.00055,254.02804,254.13832,0.00043,1825.00000,2721.00000,2.30329,248.77496
600.00000,0.01000,3.00000,2.00000,0.00000,0.02153,0.00055,254.02804,254.13082,0.00040,1825.00000,3421.00000,1.31679,248.77496
600.00000,0.01000,4.00000,2.00000,0.00000,0.02154,0.00055,254.02804,254.13332,0.00041,1825.00000,3532.00000,1.31182,248.77496
600.00000,0.01000,5.00000,6.00000,0.00000,0.02156,0.00055,254.02804,254.13832,0.00043,1825.00000,2543.00000,5.85329,248.77496
600.00000,0.01000,6.00000,4.00000,0.00000,0.02156,0.00055,254.02804,254.13832,0.00043,1825.00000,3986.00000,2.24499,248.77496
