"Omega","Tolerance","Step Size Rule","Iterations","Converged?","Gap LR","Gap Naive","Obj. Naive","Obj. LR","Gap","Time Naive","Time LR","Final Lambda","LB Heuristic"
600.00000,0.01000,1.00000,1.00000,1.00000,0.02112,0.00055,254.02804,254.02804,0.00000,2532.00000,2106.00000,1.30329,248.77496
600.00000,0.01000,2.00000,1.00000,1.00000,0.02112,0.00055,254.02804,254.02804,0.00000,2532.00000,2105.00000,1.30329,248.77496
600.00000,0.01000,3.00000,1.00000,1.00000,0.02112,0.00055,254.02804,254.02804,0.00000,2532.00000,2105.00000,1.30329,248.77496
600.00000,0.01000,4.00000,1.00000,1.00000,0.02112,0.00055,254.02804,254.02804,0.00000,2532.00000,2107.00000,1.30329,248.77496
600.00000,0.01000,5.00000,1.00000,1.00000,0.02112,0.00055,254.02804,254.02804,0.00000,2532.00000,2106.00000,1.30329,248.77496
600.00000,0.01000,6.00000,2.00000,0.00000,0.02156,0.00055,254.02804,254.13832,0.00043,2532.00000,2405.00000,0.00000,248.77496
