"Omega","Tolerance","Step Size Rule","Iterations","Converged?","Gap LR","Gap Naive","Obj. Naive","Obj. LR","Gap","Time Naive","Time LR","Final Lambda"
600.00000,0.01000,1.00000,2.00000,0.00000,0.01566,0.04543,-252.58609,-252.67001,0.00033,2865.00000,4340.00000,1.18329
600.00000,0.01000,2.00000,2.00000,0.00000,0.01872,0.04543,-252.58609,-253.43089,0.00333,2865.00000,4339.00000,1.30329
600.00000,0.01000,3.00000,2.00000,0.00000,0.01872,0.04543,-252.58609,-253.43089,0.00333,2865.00000,4325.00000,1.29429
600.00000,0.01000,4.00000,2.00000,0.00000,0.01872,0.04543,-252.58609,-253.43089,0.00333,2865.00000,4290.00000,1.28975
600.00000,0.01000,5.00000,1.00000,1.00000,0.02112,0.04543,-252.58609,-254.02804,0.00568,2865.00000,2141.00000,1.30329
600.00000,0.01000,6.00000,1.00000,1.00000,0.02112,0.04543,-252.58609,-254.02804,0.00568,2865.00000,2145.00000,1.30329
