"Omega","Tolerance","Step Size Rule","Iterations","Converged?","Gap LR","Gap Naive","Obj. Naive","Obj. LR","Gap","Time Naive","Time LR","Final Lambda","LB Heuristic"
600.00000,0.01000,1.00000,2.00000,0.00000,0.01659,0.01875,254.02804,252.90260,-0.00445,4280.00000,4216.00000,1.31829,248.77496
600.00000,0.01000,2.00000,1.00000,1.00000,0.02112,0.01875,254.02804,254.02804,0.00000,4280.00000,2106.00000,1.30329,248.77496
600.00000,0.01000,3.00000,1.00000,1.00000,0.02112,0.01875,254.02804,254.02804,0.00000,4280.00000,2105.00000,1.30329,248.77496
600.00000,0.01000,4.00000,1.00000,1.00000,0.02112,0.01875,254.02804,254.02804,0.00000,4280.00000,2109.00000,1.30329,248.77496
600.00000,0.01000,5.00000,3.00000,0.00000,0.02041,0.01875,254.02804,253.85282,-0.00069,4280.00000,2424.00000,0.00842,248.77496
600.00000,0.01000,6.00000,1.00000,1.00000,0.02112,0.01875,254.02804,254.02804,0.00000,4280.00000,2107.00000,1.30329,248.77496
