"Omega","Tolerance","Step Size Rule","Iterations","Converged?","Gap LR","Gap Naive","Obj. Naive","Obj. LR","Gap","Time Naive","Time LR","Final Lambda","LB Heuristic"
600.00000,0.01000,1.00000,2.00000,0.00000,0.02105,0.00000,254.02804,254.12332,0.00037,1645.00000,3334.00000,1.33329,248.77496
600.00000,0.01000,2.00000,3.00000,0.00000,0.02110,0.00000,254.02804,254.13832,0.00043,1645.00000,2460.00000,2.30329,248.77496
600.00000,0.01000,3.00000,2.00000,0.00000,0.02108,0.00000,254.02804,254.13082,0.00040,1645.00000,3209.00000,1.31679,248.77496
600.00000,0.01000,4.00000,2.00000,0.00000,0.02108,0.00000,254.02804,254.13332,0.00041,1645.00000,3146.00000,1.31182,248.77496
600.00000,0.01000,5.00000,7.00000,0.00000,0.02110,0.00000,254.02804,254.13832,0.00043,1645.00000,2583.00000,5.71043,248.77496
600.00000,0.01000,6.00000,4.00000,0.00000,0.02110,0.00000,254.02804,254.13832,0.00043,1645.00000,3825.00000,2.24499,248.77496
