"Omega","Tolerance","Step Size Rule","Iterations","Converged?","Gap LR","Gap Naive","Obj. Naive","Obj. LR","Gap","Time Naive","Time LR","Final Lambda","LB Heuristic"
600.00000,0.01000,1.00000,3.00000,0.00000,0.02144,0.00000,254.02804,254.10832,0.00032,1058.00000,2723.00000,1.34829,248.77496
600.00000,0.01000,2.00000,6.00000,0.00000,0.02156,0.00000,254.02804,254.13832,0.00043,1058.00000,2707.00000,1.55329,248.77496
600.00000,0.01000,3.00000,3.00000,0.00000,0.02150,0.00000,254.02804,254.12482,0.00038,1058.00000,2807.00000,1.32179,248.77496
600.00000,0.01000,4.00000,3.00000,0.00000,0.02152,0.00000,254.02804,254.12979,0.00040,1058.00000,2621.00000,1.31471,248.77496
600.00000,0.01000,5.00000,10.00000,0.00000,0.02156,0.00000,254.02804,254.13832,0.00043,1058.00000,1808.00000,5.37432,248.77496
600.00000,0.01000,6.00000,4.00000,0.00000,0.02156,0.00000,254.02804,254.13832,0.00043,1058.00000,2966.00000,6.66664,248.77496
