"Omega","Tolerance","Step Size Rule","Iterations","Converged?","Gap LR","Gap Naive","Obj. Naive","Obj. LR","Gap","Time Naive","Time LR","Final Lambda","LB Heuristic"
600.00000,0.01000,1.00000,2.00000,0.00000,0.01872,0.01875,254.02804,253.43089,-0.00236,4297.00000,4218.00000,1.21329,248.77496
600.00000,0.01000,2.00000,3.00000,0.00000,0.02041,0.01875,254.02804,253.85282,-0.00069,4297.00000,2447.00000,0.00505,248.77496
600.00000,0.01000,3.00000,1.00000,1.00000,0.02112,0.01875,254.02804,254.02804,0.00000,4297.00000,2107.00000,1.30329,248.77496
600.00000,0.01000,4.00000,2.00000,0.00000,0.01785,0.01875,254.02804,253.21511,-0.00321,4297.00000,4214.00000,1.29475,248.77496
600.00000,0.01000,5.00000,1.00000,1.00000,0.02112,0.01875,254.02804,254.02804,0.00000,4297.00000,2107.00000,1.30329,248.77496
600.00000,0.01000,6.00000,1.00000,1.00000,0.02112,0.01875,254.02804,254.02804,0.00000,4297.00000,2107.00000,1.30329,248.77496
