"Omega","Tolerance","Step Size Rule","Iterations","Converged?","Gap LR","Gap Naive","Obj. Naive","Obj. LR","Gap","Time Naive","Time LR","Final Lambda"
600.00000,0.01000,1.00000,3.00000,0.00000,0.02144,0.00000,-254.02804,-254.10832,0.00032,989.00000,2995.00000,1.34829
600.00000,0.01000,2.00000,6.00000,0.00000,0.02156,0.00000,-254.02804,-254.13832,0.00043,989.00000,2764.00000,1.55329
600.00000,0.01000,3.00000,3.00000,0.00000,0.02150,0.00000,-254.02804,-254.12482,0.00038,989.00000,2853.00000,1.32179
600.00000,0.01000,4.00000,3.00000,0.00000,0.02152,0.00000,-254.02804,-254.12979,0.00040,989.00000,2856.00000,1.31471
600.00000,0.01000,5.00000,10.00000,0.00000,0.02156,0.00000,-254.02804,-254.13832,0.00043,989.00000,1893.00000,5.37432
600.00000,0.01000,6.00000,4.00000,0.00000,0.02156,0.00000,-254.02804,-254.13832,0.00043,989.00000,2976.00000,6.66664
