"Omega","Tolerance","Step Size Rule","Iterations","Converged?","Gap LR","Gap Naive","Obj. Naive","Obj. LR","Gap","Time Naive","Time LR","Final Lambda"
600.00000,0.01000,1.00000,1.00000,0.00000,0.02156,0.00000,-254.02804,-254.13832,0.00043,2711.00000,2859.00000,1.31829
600.00000,0.01000,2.00000,1.00000,0.00000,0.02156,0.00000,-254.02804,-254.13832,0.00043,2711.00000,2858.00000,2.80329
600.00000,0.01000,3.00000,1.00000,0.00000,0.02156,0.00000,-254.02804,-254.13832,0.00043,2711.00000,2867.00000,1.31079
600.00000,0.01000,4.00000,1.00000,0.00000,0.02156,0.00000,-254.02804,-254.13832,0.00043,2711.00000,2865.00000,1.30829
600.00000,0.01000,5.00000,1.00000,0.00000,0.02156,0.00000,-254.02804,-254.13832,0.00043,2711.00000,2866.00000,7.30329
600.00000,0.01000,6.00000,1.00000,0.00000,0.02156,0.00000,-254.02804,-254.13832,0.00043,2711.00000,2860.00000,12.03000
