"Omega","Tolerance","Step Size Rule","Iterations","Converged?","Gap LR","Gap Naive","Obj. Naive","Obj. LR","Gap","Time Naive","Time LR","Final Lambda"
900.00000,0.07000,1.00000,2.00000,0.00000,0.05885,0.17103,-242.14971,-258.80665,0.05558,2916.00000,2661.00000,12.55500
900.00000,0.07000,2.00000,2.00000,0.00000,0.05885,0.17103,-242.14971,-258.80665,0.05558,2916.00000,4412.00000,0.28438
900.00000,0.07000,3.00000,2.00000,0.00000,0.05885,0.17103,-242.14971,-258.80665,0.05558,2916.00000,2731.00000,5.02200
900.00000,0.07000,4.00000,1.00000,0.00000,0.05885,0.17103,-242.14971,-258.80665,0.05558,2916.00000,2271.00000,0.00000
900.00000,0.07000,5.00000,2.00000,0.00000,0.05885,0.17103,-242.14971,-258.80665,0.05558,2916.00000,2742.00000,0.21474
900.00000,0.07000,6.00000,2.00000,0.00000,0.08441,0.17103,-242.14971,-265.05493,0.07784,2916.00000,2339.00000,0.70204
