"Omega","Tolerance","Step Size Rule","Iterations","Converged?","Gap LR","Gap Naive","Obj. Naive","Obj. LR","Gap","Time Naive","Time LR","Final Lambda","LB Heuristic"
900.00000,0.07000,1.00000,3.00000,0.00000,0.09173,0.00000,242.14971,266.84514,0.08403,841.00000,2712.00000,11.61000,244.42336
900.00000,0.07000,2.00000,3.00000,0.00000,0.09468,0.00000,242.14971,267.56479,0.08649,841.00000,2664.00000,0.26712,244.42336
900.00000,0.07000,3.00000,3.00000,0.00000,0.09468,0.00000,242.14971,267.56479,0.08649,841.00000,2841.00000,4.75090,244.42336
900.00000,0.07000,4.00000,3.00000,0.00000,0.09468,0.00000,242.14971,267.56479,0.08649,841.00000,2932.00000,2.90877,244.42336
900.00000,0.07000,5.00000,4.00000,0.00000,0.09468,0.00000,242.14971,267.56479,0.08649,841.00000,2501.00000,0.14273,244.42336
900.00000,0.07000,6.00000,3.00000,0.00000,0.09468,0.00000,242.14971,267.56479,0.08649,841.00000,4306.00000,0.00000,244.42336
