"Omega","Tolerance","Step Size Rule","Iterations","Converged?","Gap LR","Gap Naive","Obj. Naive","Obj. LR","Gap","Time Naive","Time LR","Final Lambda","LB Heuristic"
900.00000,0.07000,1.00000,3.00000,0.00000,0.07823,0.16694,242.14971,263.54497,0.07256,4336.00000,2966.00000,11.61000,244.42336
900.00000,0.07000,2.00000,2.00000,0.00000,0.07823,0.16694,242.14971,263.54497,0.07256,4336.00000,3537.00000,0.28233,244.42336
900.00000,0.07000,3.00000,3.00000,0.00000,0.07823,0.16694,242.14971,263.54497,0.07256,4336.00000,3654.00000,4.70700,244.42336
900.00000,0.07000,4.00000,1.00000,1.00000,0.00000,0.16694,242.14971,244.42336,0.00000,4336.00000,2113.00000,0.30640,244.42336
900.00000,0.07000,5.00000,2.00000,0.00000,0.08599,0.16694,242.14971,265.44084,0.07918,4336.00000,2862.00000,0.13351,244.42336
900.00000,0.07000,6.00000,3.00000,0.00000,0.08599,0.16694,242.14971,265.44084,0.07918,4336.00000,4463.00000,0.00000,244.42336
