"Omega","Tolerance","Step Size Rule","Iterations","Converged?","Gap LR","Gap Naive","Obj. Naive","Obj. LR","Gap","Time Naive","Time LR","Final Lambda","LB Heuristic"
900.00000,0.07000,2.00000,3.00000,0.00000,0.09173,0.00000,242.14971,266.84514,0.08403,2065.00000,2749.00000,0.27051,244.42336
900.00000,0.07000,3.00000,3.00000,0.00000,0.08599,0.00000,242.14971,265.44084,0.07918,2065.00000,2955.00000,4.75840,244.42336
900.00000,0.07000,4.00000,2.00000,0.00000,0.08599,0.00000,242.14971,265.44084,0.07918,2065.00000,2486.00000,3.09564,244.42336
900.00000,0.07000,5.00000,2.00000,0.00000,0.08599,0.00000,242.14971,265.44084,0.07918,2065.00000,2790.00000,0.13351,244.42336
900.00000,0.07000,6.00000,3.00000,0.00000,0.08599,0.00000,242.14971,265.44084,0.07918,2065.00000,4318.00000,0.00000,244.42336
