"Omega","Tolerance","Step Size Rule","Iterations","Converged?","Gap LR","Gap Naive","Obj. Naive","Obj. LR","Gap","Time Naive","Time LR","Final Lambda"
900.00000,0.07000,1.00000,1.00000,0.00000,0.08599,0.00000,-242.14971,-265.44084,0.09618,2087.00000,2911.00000,0.00000
900.00000,0.07000,2.00000,1.00000,0.00000,0.08599,0.00000,-242.14971,-265.44084,0.09618,2087.00000,2907.00000,0.26228
900.00000,0.07000,3.00000,1.00000,0.00000,0.08599,0.00000,-242.14971,-265.44084,0.09618,2087.00000,2909.00000,0.05140
900.00000,0.07000,4.00000,1.00000,0.00000,0.08599,0.00000,-242.14971,-265.44084,0.09618,2087.00000,2912.00000,0.13640
900.00000,0.07000,5.00000,1.00000,0.00000,0.08599,0.00000,-242.14971,-265.44084,0.09618,2087.00000,2909.00000,0.12993
900.00000,0.07000,6.00000,1.00000,0.00000,0.08599,0.00000,-242.14971,-265.44084,0.09618,2087.00000,2905.00000,0.00000
