"Omega","Tolerance","Step Size Rule","Iterations","Converged?","Gap LR","Gap Naive","Obj. Naive","Obj. LR","Gap","Time Naive","Time LR","Final Lambda"
900.00000,0.07000,1.00000,1.00000,1.00000,0.00000,0.16668,-242.14971,-244.42336,243.42336,4329.00000,2114.00000,0.30640
900.00000,0.07000,2.00000,1.00000,1.00000,0.00000,0.16668,-242.14971,-244.42336,243.42336,4329.00000,2111.00000,0.30640
900.00000,0.07000,3.00000,1.00000,1.00000,0.00000,0.16668,-242.14971,-244.42336,243.42336,4329.00000,2112.00000,0.30640
900.00000,0.07000,4.00000,1.00000,1.00000,0.00000,0.16668,-242.14971,-244.42336,243.42336,4329.00000,2112.00000,0.30640
900.00000,0.07000,5.00000,1.00000,1.00000,0.00000,0.16668,-242.14971,-244.42336,243.42336,4329.00000,2114.00000,0.30640
900.00000,0.07000,6.00000,1.00000,1.00000,0.00000,0.16668,-242.14971,-244.42336,243.42336,4329.00000,2114.00000,0.30640
