"Omega","Tolerance","Step Size Rule","Iterations","Converged?","Gap LR","Gap Naive","Obj. Naive","Obj. LR","Gap","Time Naive","Time LR","Final Lambda","LB Heuristic"
100.00000,0.03000,1.00000,1.00000,1.00000,0.00000,0.00000,280.65692,280.65692,0.00000,54.00000,75.00000,2.95933,280.65692
100.00000,0.03000,2.00000,1.00000,1.00000,0.00000,0.00000,280.65692,280.65692,0.00000,54.00000,83.00000,2.95933,280.65692
100.00000,0.03000,3.00000,1.00000,1.00000,0.00000,0.00000,280.65692,280.65692,0.00000,54.00000,73.00000,2.95933,280.65692
100.00000,0.03000,4.00000,1.00000,1.00000,0.00000,0.00000,280.65692,280.65692,0.00000,54.00000,71.00000,2.95933,280.65692
100.00000,0.03000,5.00000,1.00000,1.00000,0.00000,0.00000,280.65692,280.65692,0.00000,54.00000,69.00000,2.95933,280.65692
100.00000,0.03000,6.00000,1.00000,1.00000,0.00000,0.00000,280.65692,280.65692,0.00000,54.00000,70.00000,2.95933,280.65692
