"Omega","Tolerance","Step Size Rule","Iterations","Converged?","Gap LR","Gap Naive","Obj. Naive","Obj. LR","Gap","Time Naive","Time LR","Final Lambda"
900.00000,0.01000,1.00000,1.00000,0.00000,0.04013,0.04890,-252.39884,-253.97190,0.00623,2881.00000,2927.00000,0.77623
900.00000,0.01000,2.00000,1.00000,0.00000,0.04013,0.04890,-252.39884,-253.97190,0.00623,2881.00000,2928.00000,0.05623
900.00000,0.01000,3.00000,1.00000,0.00000,0.04013,0.04890,-252.39884,-253.97190,0.00623,2881.00000,2912.00000,0.79123
900.00000,0.01000,4.00000,1.00000,0.00000,0.04013,0.04890,-252.39884,-253.97190,0.00623,2881.00000,2919.00000,0.79623
900.00000,0.01000,5.00000,1.00000,0.00000,0.04013,0.04890,-252.39884,-253.97190,0.00623,2881.00000,2920.00000,0.00000
900.00000,0.01000,6.00000,1.00000,0.00000,0.04013,0.04890,-252.39884,-253.97190,0.00623,2881.00000,2910.00000,0.00000
