"Omega","Tolerance","Step Size Rule","Iterations","Converged?","Gap LR","Gap Naive","Obj. Naive","Obj. LR","Gap","Time Naive","Time LR","Final Lambda"
900.00000,0.01000,1.00000,2.00000,1.00000,0.00000,0.05208,-252.39884,-244.17348,243.13979,4320.00000,4226.00000,0.83623
900.00000,0.01000,2.00000,2.00000,0.00000,0.03822,0.05208,-252.39884,-253.50674,252.51112,4320.00000,4225.00000,1.38956
900.00000,0.01000,3.00000,2.00000,0.00000,0.02479,0.05208,-252.39884,-250.22719,249.21852,4320.00000,4230.00000,0.76723
900.00000,0.01000,4.00000,2.00000,0.00000,0.02461,0.05208,-252.39884,-250.18219,249.17333,4320.00000,4218.00000,0.78441
900.00000,0.01000,5.00000,2.00000,0.00000,0.03822,0.05208,-252.39884,-253.50674,252.51112,4320.00000,2976.00000,3.47289
900.00000,0.01000,6.00000,3.00000,0.00000,0.03822,0.05208,-252.39884,-253.50674,252.51112,4320.00000,2474.00000,0.28492
