"Omega","Tolerance","Step Size Rule","Iterations","Converged?","Gap LR","Gap Naive","Obj. Naive","Obj. LR","Gap","Time Naive","Time LR","Final Lambda","LB Heuristic"
900.00000,0.01000,1.00000,2.00000,0.00000,0.03798,0.03253,252.99989,253.44674,0.00176,4245.00000,4207.00000,0.86623,244.17348
900.00000,0.01000,2.00000,2.00000,0.00000,0.03822,0.03253,252.99989,253.50674,0.00200,4245.00000,3411.00000,1.34194,244.17348
900.00000,0.01000,3.00000,2.00000,0.00000,0.03409,0.03253,252.99989,252.49741,-0.00199,4245.00000,4210.00000,0.83323,244.17348
900.00000,0.01000,4.00000,2.00000,0.00000,0.03529,0.03253,252.99989,252.79055,-0.00083,4245.00000,4212.00000,0.82683,244.17348
900.00000,0.01000,5.00000,2.00000,0.00000,0.03822,0.03253,252.99989,253.50674,0.00200,4245.00000,2880.00000,3.47289,244.17348
900.00000,0.01000,6.00000,3.00000,0.00000,0.03794,0.03253,252.99989,253.43714,0.00173,4245.00000,4337.00000,6.74562,244.17348
