"Omega","Tolerance","Step Size Rule","Iterations","Converged?","Gap LR","Gap Naive","Obj. Naive","Obj. LR","Gap","Time Naive","Time LR","Final Lambda","LB Heuristic"
900.00000,0.01000,1.00000,2.00000,0.00000,0.03798,0.05530,252.39884,253.44674,0.00413,4340.00000,4220.00000,0.86623,244.17348
900.00000,0.01000,2.00000,2.00000,0.00000,0.03822,0.05530,252.39884,253.50674,0.00437,4340.00000,4221.00000,1.25623,244.17348
900.00000,0.01000,3.00000,2.00000,0.00000,0.03995,0.05530,252.39884,253.92900,0.00603,4340.00000,3106.00000,0.76573,244.17348
900.00000,0.01000,4.00000,2.00000,0.00000,0.04005,0.05530,252.39884,253.95182,0.00612,4340.00000,3820.00000,0.78062,244.17348
900.00000,0.01000,5.00000,2.00000,0.00000,0.03822,0.05530,252.39884,253.50674,0.00437,4340.00000,2695.00000,3.47289,244.17348
900.00000,0.01000,6.00000,4.00000,0.00000,0.03822,0.05530,252.39884,253.50674,0.00437,4340.00000,4350.00000,2.99350,244.17348
