"Omega","Tolerance","Step Size Rule","Iterations","Converged?","Gap LR","Gap Naive","Obj. Naive","Obj. LR","Gap","Time Naive","Time LR","Final Lambda"
900.00000,0.01000,1.00000,2.00000,0.00000,0.02535,0.09465,-242.83616,-250.36219,0.02472,2940.00000,4461.00000,0.70123
900.00000,0.01000,2.00000,2.00000,0.00000,0.03822,0.09465,-242.83616,-253.50674,0.03682,2940.00000,4450.00000,1.34194
900.00000,0.01000,3.00000,2.00000,0.00000,0.02175,0.09465,-242.83616,-249.48469,0.02129,2940.00000,4458.00000,0.68473
900.00000,0.01000,4.00000,2.00000,0.00000,0.02461,0.09465,-242.83616,-250.18219,0.02402,2940.00000,4402.00000,0.78441
900.00000,0.01000,5.00000,2.00000,0.00000,0.03822,0.09465,-242.83616,-253.50674,0.03682,2940.00000,3190.00000,3.47289
900.00000,0.01000,6.00000,3.00000,0.00000,0.04013,0.09465,-242.83616,-253.97190,0.03858,2940.00000,3605.00000,5.47286
