"Omega","Tolerance","Step Size Rule","Iterations","Converged?","Gap LR","Gap Naive","Obj. Naive","Obj. LR","Gap","Time Naive","Time LR","Final Lambda"
100.00000,0.03000,1.00000,10.00000,0.00000,0.02542,0.00000,-271.73601,-278.64366,0.02542,115.00000,495.00000,3.07493
100.00000,0.03000,2.00000,10.00000,0.00000,0.02408,0.00000,-271.73601,-278.27866,0.02408,115.00000,274.00000,3.92493
100.00000,0.03000,3.00000,10.00000,0.00000,0.02578,0.00000,-271.73601,-278.74057,0.02578,115.00000,340.00000,2.96534
100.00000,0.03000,4.00000,10.00000,0.00000,0.02583,0.00000,-271.73601,-278.75514,0.02583,115.00000,171.00000,2.95004
100.00000,0.03000,5.00000,10.00000,0.00000,0.02592,0.00000,-271.73601,-278.77866,0.02592,115.00000,31.00000,5.06700
100.00000,0.03000,6.00000,10.00000,0.00000,0.02587,0.00000,-271.73601,-278.76499,0.02587,115.00000,17.00000,2.79032
