"Omega","Tolerance","Step Size Rule","Iterations","Converged?","Gap LR","Gap Naive","Obj. Naive","Obj. LR","Gap","Time Naive","Time LR","Final Lambda"
900.00000,0.01000,1.00000,1.00000,0.00000,0.05043,0.15667,-224.82865,-232.53915,-0.05311,2957.00000,2251.00000,0.72172
900.00000,0.01000,2.00000,2.00000,0.00000,0.05043,0.15667,-224.82865,-232.53915,-0.05311,2957.00000,4496.00000,0.50256
900.00000,0.01000,3.00000,2.00000,0.00000,0.05291,0.15667,-224.82865,-231.93165,-0.05586,2957.00000,4501.00000,0.73522
900.00000,0.01000,4.00000,2.00000,0.00000,0.05300,0.15667,-224.82865,-231.90939,-0.05597,2957.00000,4446.00000,0.78697
900.00000,0.01000,5.00000,2.00000,0.00000,0.05043,0.15667,-224.82865,-232.53915,-0.05311,2957.00000,2593.00000,0.19342
900.00000,0.01000,6.00000,2.00000,0.00000,0.01387,0.15667,-224.82865,-248.28523,0.01368,2957.00000,2461.00000,0.57497
