"Omega","Tolerance","Step Size Rule","Iterations","Converged?","Gap LR","Gap Naive","Obj. Naive","Obj. LR","Gap","Time Naive","Time LR","Final Lambda","LB Heuristic"
900.00000,0.01000,1.00000,2.00000,0.00000,0.01387,0.02669,248.45633,248.28523,-0.00069,4226.00000,4205.00000,0.75172,244.88827
900.00000,0.01000,2.00000,2.00000,1.00000,0.00000,0.02669,248.45633,244.88827,-0.01457,4226.00000,4204.00000,0.35672,244.88827
900.00000,0.01000,3.00000,2.00000,0.00000,0.01319,0.02669,248.45633,248.11841,-0.00136,4226.00000,4204.00000,0.82222,244.88827
900.00000,0.01000,4.00000,2.00000,0.00000,0.01387,0.02669,248.45633,248.28523,-0.00069,4226.00000,4204.00000,0.82758,244.88827
900.00000,0.01000,5.00000,8.00000,0.00000,0.01387,0.02669,248.45633,248.28523,-0.00069,4226.00000,2459.00000,0.01157,244.88827
900.00000,0.01000,6.00000,3.00000,1.00000,0.01575,0.02669,248.45633,248.74490,0.00116,4226.00000,4256.00000,0.57497,244.88827
