"Omega","Tolerance","Step Size Rule","Iterations","Converged?","Gap LR","Gap Naive","Obj. Naive","Obj. LR","Gap","Time Naive","Time LR","Final Lambda","LB Heuristic"
900.00000,0.01000,1.00000,1.00000,1.00000,0.00000,0.15667,224.82865,244.88827,0.00000,4371.00000,2108.00000,0.85672,244.88827
900.00000,0.01000,2.00000,1.00000,1.00000,0.00000,0.15667,224.82865,244.88827,0.00000,4371.00000,2108.00000,0.85672,244.88827
900.00000,0.01000,3.00000,1.00000,1.00000,0.00000,0.15667,224.82865,244.88827,0.00000,4371.00000,2107.00000,0.85672,244.88827
900.00000,0.01000,4.00000,1.00000,1.00000,0.00000,0.15667,224.82865,244.88827,0.00000,4371.00000,2107.00000,0.85672,244.88827
900.00000,0.01000,5.00000,1.00000,1.00000,0.00000,0.15667,224.82865,244.88827,0.00000,4371.00000,2108.00000,0.85672,244.88827
900.00000,0.01000,6.00000,1.00000,1.00000,0.00000,0.15667,224.82865,244.88827,0.00000,4371.00000,2108.00000,0.85672,244.88827
