"Omega","Tolerance","Step Size Rule","Iterations","Converged?","Gap LR","Gap Naive","Obj. Naive","Obj. LR","Gap","Time Naive","Time LR","Final Lambda"
900.00000,0.01000,1.00000,1.00000,0.00000,0.01387,0.07113,-247.20928,-248.28523,0.00435,2908.00000,2913.00000,0.81172
900.00000,0.01000,2.00000,1.00000,0.00000,0.01387,0.07113,-247.20928,-248.28523,0.00435,2908.00000,2913.00000,0.35672
900.00000,0.01000,3.00000,1.00000,0.00000,0.01387,0.07113,-247.20928,-248.28523,0.00435,2908.00000,2916.00000,0.83422
900.00000,0.01000,4.00000,1.00000,0.00000,0.01387,0.07113,-247.20928,-248.28523,0.00435,2908.00000,2913.00000,0.84172
900.00000,0.01000,5.00000,1.00000,0.00000,0.01387,0.07113,-247.20928,-248.28523,0.00435,2908.00000,2910.00000,0.00000
900.00000,0.01000,6.00000,1.00000,0.00000,0.01418,0.07113,-247.20928,-248.35989,0.00465,2908.00000,2810.00000,0.00000
