"Omega","Tolerance","Step Size Rule","Iterations","Converged?","Gap LR","Gap Naive","Obj. Naive","Obj. LR","Gap","Time Naive","Time LR","Final Lambda"
900.00000,0.07000,1.00000,2.00000,0.00000,0.01679,0.22758,-226.10668,-245.32063,-0.01708,2953.00000,2732.00000,12.55500
900.00000,0.07000,2.00000,1.00000,0.00000,0.01679,0.22758,-226.10668,-245.32063,-0.01708,2953.00000,2286.00000,0.28117
900.00000,0.07000,3.00000,1.00000,0.00000,0.01679,0.22758,-226.10668,-245.32063,-0.01708,2953.00000,2275.00000,0.00000
900.00000,0.07000,4.00000,1.00000,0.00000,0.01679,0.22758,-226.10668,-245.32063,-0.01708,2953.00000,2279.00000,0.00000
900.00000,0.07000,5.00000,1.00000,0.00000,0.01679,0.22758,-226.10668,-245.32063,-0.01708,2953.00000,2286.00000,0.20975
900.00000,0.07000,6.00000,1.00000,0.00000,0.01679,0.22758,-226.10668,-245.32063,-0.01708,2953.00000,2258.00000,0.43799
