"Omega","Tolerance","Step Size Rule","Iterations","Converged?","Gap LR","Gap Naive","Obj. Naive","Obj. LR","Gap","Time Naive","Time LR","Final Lambda","LB Heuristic"
900.00000,0.07000,2.00000,2.00000,0.00000,0.06394,0.22454,226.10668,265.46444,0.06010,4274.00000,2462.00000,0.27900,249.51042
900.00000,0.07000,3.00000,3.00000,0.00000,0.06394,0.22454,226.10668,265.46444,0.06010,4274.00000,3081.00000,4.71200,249.51042
900.00000,0.07000,4.00000,3.00000,0.00000,0.06394,0.22454,226.10668,265.46444,0.06010,4274.00000,3637.00000,2.81525,249.51042
900.00000,0.07000,5.00000,3.00000,0.00000,0.06394,0.22454,226.10668,265.46444,0.06010,4274.00000,2807.00000,0.19985,249.51042
900.00000,0.07000,6.00000,3.00000,0.00000,0.06394,0.22454,226.10668,265.46444,0.06010,4274.00000,4458.00000,0.14741,249.51042
