"Omega","Tolerance","Step Size Rule","Iterations","Converged?","Gap LR","Gap Naive","Obj. Naive","Obj. LR","Gap","Time Naive","Time LR","Final Lambda"
900.00000,0.07000,1.00000,1.00000,1.00000,0.00000,0.22549,-226.10668,-249.51042,248.51042,4345.00000,2110.00000,0.30498
900.00000,0.07000,2.00000,1.00000,1.00000,0.00000,0.22549,-226.10668,-249.51042,248.51042,4345.00000,2111.00000,0.30498
900.00000,0.07000,3.00000,1.00000,1.00000,0.00000,0.22549,-226.10668,-249.51042,248.51042,4345.00000,2112.00000,0.30498
900.00000,0.07000,4.00000,1.00000,1.00000,0.00000,0.22549,-226.10668,-249.51042,248.51042,4345.00000,2110.00000,0.30498
900.00000,0.07000,5.00000,1.00000,1.00000,0.00000,0.22549,-226.10668,-249.51042,248.51042,4345.00000,2112.00000,0.30498
900.00000,0.07000,6.00000,1.00000,1.00000,0.00000,0.22549,-226.10668,-249.51042,248.51042,4345.00000,2111.00000,0.30498
