"Omega","Tolerance","Step Size Rule","Iterations","Converged?","Gap LR","Gap Naive","Obj. Naive","Obj. LR","Gap","Time Naive","Time LR","Final Lambda","LB Heuristic"
900.00000,0.07000,1.00000,3.00000,0.00000,0.07805,0.22454,226.10668,268.98497,0.07240,4235.00000,2496.00000,11.62500,249.51042
900.00000,0.07000,2.00000,3.00000,0.00000,0.07805,0.22454,226.10668,268.98497,0.07240,4235.00000,2475.00000,0.27198,249.51042
900.00000,0.07000,3.00000,3.00000,0.00000,0.07805,0.22454,226.10668,268.98497,0.07240,4235.00000,2601.00000,4.71200,249.51042
900.00000,0.07000,4.00000,3.00000,0.00000,0.07805,0.22454,226.10668,268.98497,0.07240,4235.00000,3002.00000,2.88025,249.51042
900.00000,0.07000,5.00000,4.00000,0.00000,0.07805,0.22454,226.10668,268.98497,0.07240,4235.00000,2774.00000,0.16641,249.51042
900.00000,0.07000,6.00000,3.00000,0.00000,0.07805,0.22454,226.10668,268.98497,0.07240,4235.00000,4347.00000,0.13639,249.51042
