"Omega","Tolerance","Step Size Rule","Iterations","Converged?","Gap LR","Gap Naive","Obj. Naive","Obj. LR","Gap","Time Naive","Time LR","Final Lambda"
900.00000,0.07000,1.00000,1.00000,0.00000,0.05997,0.22490,-226.10668,-264.47252,0.16968,2900.00000,2897.00000,0.00000
900.00000,0.07000,2.00000,1.00000,0.00000,0.05997,0.22490,-226.10668,-264.47252,0.16968,2900.00000,2892.00000,0.27614
900.00000,0.07000,3.00000,1.00000,0.00000,0.05997,0.22490,-226.10668,-264.47252,0.16968,2900.00000,2904.00000,0.00000
900.00000,0.07000,4.00000,1.00000,0.00000,0.05997,0.22490,-226.10668,-264.47252,0.16968,2900.00000,2909.00000,0.04498
900.00000,0.07000,5.00000,1.00000,0.00000,0.05997,0.22490,-226.10668,-264.47252,0.16968,2900.00000,2904.00000,0.18960
900.00000,0.07000,6.00000,1.00000,0.00000,0.05997,0.22490,-226.10668,-264.47252,0.16968,2900.00000,2838.00000,0.00000
