"Omega","Tolerance","Step Size Rule","Iterations","Converged?","Gap LR","Gap Naive","Obj. Naive","Obj. LR","Gap","Time Naive","Time LR","Final Lambda","LB Heuristic"
600.00000,0.03000,1.00000,2.00000,0.00000,0.04030,0.08031,252.80693,256.49581,0.01438,4222.00000,4206.00000,9.13844,246.15871
600.00000,0.03000,2.00000,2.00000,0.00000,0.04030,0.08031,252.80693,256.49581,0.01438,4222.00000,4210.00000,0.41102,246.15871
600.00000,0.03000,3.00000,2.00000,0.00000,0.04030,0.08031,252.80693,256.49581,0.01438,4222.00000,4211.00000,0.51344,246.15871
600.00000,0.03000,4.00000,2.00000,0.00000,0.03964,0.08031,252.80693,256.32006,0.01371,4222.00000,4209.00000,0.47662,246.15871
600.00000,0.03000,5.00000,5.00000,0.00000,0.04030,0.08031,252.80693,256.49581,0.01438,4222.00000,2416.00000,0.01323,246.15871
600.00000,0.03000,6.00000,3.00000,0.00000,0.04033,0.08031,252.80693,256.50381,0.01441,4222.00000,2960.00000,0.00000,246.15871
