"Omega","Tolerance","Step Size Rule","Iterations","Converged?","Gap LR","Gap Naive","Obj. Naive","Obj. LR","Gap","Time Naive","Time LR","Final Lambda","LB Heuristic"
600.00000,0.03000,1.00000,2.00000,0.00000,0.04199,0.08031,252.80693,256.49581,0.01438,4222.00000,4209.00000,9.13844,246.15871
600.00000,0.03000,2.00000,2.00000,0.00000,0.04199,0.08031,252.80693,256.49581,0.01438,4222.00000,4211.00000,0.41102,246.15871
600.00000,0.03000,3.00000,2.00000,0.00000,0.04199,0.08031,252.80693,256.49581,0.01438,4222.00000,4209.00000,0.52544,246.15871
600.00000,0.03000,4.00000,2.00000,0.00000,0.04128,0.08031,252.80693,256.32006,0.01371,4222.00000,4208.00000,0.47662,246.15871
600.00000,0.03000,5.00000,5.00000,0.00000,0.04199,0.08031,252.80693,256.49581,0.01438,4222.00000,2409.00000,0.01323,246.15871
600.00000,0.03000,6.00000,3.00000,0.00000,0.04199,0.08031,252.80693,256.49581,0.01438,4222.00000,3190.00000,0.00000,246.15871
