"Omega","Tolerance","Step Size Rule","Iterations","Converged?","Gap LR","Gap Naive","Obj. Naive","Obj. LR","Gap","Time Naive","Time LR","Final Lambda","LB Heuristic"
600.00000,0.03000,1.00000,2.00000,0.00000,0.04199,0.08811,250.66181,256.49581,0.02275,4233.00000,4207.00000,9.13844,246.15871
600.00000,0.03000,2.00000,2.00000,0.00000,0.04199,0.08811,250.66181,256.49581,0.02275,4233.00000,4212.00000,0.41102,246.15871
600.00000,0.03000,3.00000,2.00000,0.00000,0.03923,0.08811,250.66181,255.81472,0.02014,4233.00000,4211.00000,0.42944,246.15871
600.00000,0.03000,4.00000,2.00000,0.00000,0.04128,0.08811,250.66181,256.32006,0.02207,4233.00000,4211.00000,0.47662,246.15871
600.00000,0.03000,5.00000,4.00000,0.00000,0.04199,0.08811,250.66181,256.49581,0.02275,4233.00000,2451.00000,0.01117,246.15871
600.00000,0.03000,6.00000,3.00000,0.00000,0.04199,0.08811,250.66181,256.49581,0.02275,4233.00000,3143.00000,0.00000,246.15871
