"Omega","Tolerance","Step Size Rule","Iterations","Converged?","Gap LR","Gap Naive","Obj. Naive","Obj. LR","Gap","Time Naive","Time LR","Final Lambda","LB Heuristic"
600.00000,0.03000,1.00000,2.00000,1.00000,0.00000,0.11844,244.15074,246.15871,0.00000,4274.00000,4218.00000,0.40844,246.15871
600.00000,0.03000,2.00000,2.00000,1.00000,0.00000,0.11844,244.15074,246.15871,0.00000,4274.00000,4219.00000,0.40844,246.15871
600.00000,0.03000,3.00000,2.00000,1.00000,0.00000,0.11844,244.15074,246.15871,0.00000,4274.00000,4219.00000,0.48344,246.15871
600.00000,0.03000,4.00000,2.00000,0.00000,0.03879,0.11844,244.15074,255.70755,0.03734,4274.00000,4214.00000,0.48015,246.15871
600.00000,0.03000,5.00000,3.00000,0.00000,0.03981,0.11844,244.15074,255.95882,0.03829,4274.00000,2427.00000,0.00859,246.15871
600.00000,0.03000,6.00000,3.00000,0.00000,0.04199,0.11844,244.15074,256.49581,0.04030,4274.00000,4317.00000,0.00000,246.15871
