"Omega","Tolerance","Step Size Rule","Iterations","Converged?","Gap LR","Gap Naive","Obj. Naive","Obj. LR","Gap","Time Naive","Time LR","Final Lambda"
600.00000,0.03000,1.00000,2.00000,0.00000,0.00919,0.11844,-244.15074,-248.42008,0.00910,2865.00000,4344.00000,0.13844
600.00000,0.03000,2.00000,2.00000,0.00000,0.02244,0.11844,-244.15074,-251.68338,0.02195,2865.00000,4348.00000,0.24177
600.00000,0.03000,3.00000,2.00000,0.00000,0.01467,0.11844,-244.15074,-249.77008,0.01446,2865.00000,4339.00000,0.37544
600.00000,0.03000,4.00000,2.00000,0.00000,0.03875,0.11844,-244.15074,-255.69688,0.03730,2865.00000,4276.00000,0.48015
600.00000,0.03000,5.00000,3.00000,0.00000,0.04499,0.11844,-244.15074,-257.23253,0.04305,2865.00000,2359.00000,0.10549
600.00000,0.03000,6.00000,3.00000,0.00000,0.04499,0.11844,-244.15074,-257.23253,0.04305,2865.00000,4326.00000,0.00000
