"Omega","Tolerance","Step Size Rule","Iterations","Converged?","Gap LR","Gap Naive","Obj. Naive","Obj. LR","Gap","Time Naive","Time LR","Final Lambda","LB Heuristic"
600.00000,0.03000,1.00000,2.00000,0.00000,0.04199,0.08018,252.84082,256.49581,0.01425,4234.00000,3751.00000,9.13844,246.15871
600.00000,0.03000,2.00000,2.00000,0.00000,0.04199,0.08018,252.84082,256.49581,0.01425,4234.00000,4214.00000,0.41102,246.15871
600.00000,0.03000,3.00000,2.00000,0.00000,0.04199,0.08018,252.84082,256.49581,0.01425,4234.00000,4209.00000,0.51344,246.15871
600.00000,0.03000,4.00000,2.00000,0.00000,0.04128,0.08018,252.84082,256.32006,0.01357,4234.00000,4220.00000,0.47662,246.15871
600.00000,0.03000,5.00000,4.00000,0.00000,0.04199,0.08018,252.84082,256.49581,0.01425,4234.00000,2405.00000,0.01117,246.15871
600.00000,0.03000,6.00000,3.00000,0.00000,0.04199,0.08018,252.84082,256.49581,0.01425,4234.00000,3251.00000,0.00000,246.15871
