"Omega","Tolerance","Step Size Rule","Iterations","Converged?","Gap LR","Gap Naive","Obj. Naive","Obj. LR","Gap","Time Naive","Time LR","Final Lambda","LB Heuristic"
600.00000,0.03000,1.00000,2.00000,0.00000,0.04199,0.09302,249.31186,256.49581,0.02801,4243.00000,4209.00000,9.13844,246.15871
600.00000,0.03000,2.00000,2.00000,0.00000,0.04199,0.09302,249.31186,256.49581,0.02801,4243.00000,4213.00000,0.41102,246.15871
600.00000,0.03000,3.00000,2.00000,0.00000,0.03923,0.09302,249.31186,255.81472,0.02542,4243.00000,4213.00000,0.42944,246.15871
600.00000,0.03000,4.00000,2.00000,0.00000,0.04015,0.09302,249.31186,256.04303,0.02629,4243.00000,4212.00000,0.47662,246.15871
600.00000,0.03000,5.00000,5.00000,0.00000,0.04199,0.09302,249.31186,256.49581,0.02801,4243.00000,2508.00000,0.01323,246.15871
600.00000,0.03000,6.00000,3.00000,0.00000,0.04199,0.09302,249.31186,256.49581,0.02801,4243.00000,3947.00000,0.00000,246.15871
