"Omega","Tolerance","Step Size Rule","Iterations","Converged?","Gap LR","Gap Naive","Obj. Naive","Obj. LR","Gap","Time Naive","Time LR","Final Lambda"
600.00000,0.03000,1.00000,1.00000,0.00000,0.04499,0.11399,-244.15074,-257.23253,0.05358,2841.00000,2849.00000,0.36344
600.00000,0.03000,2.00000,1.00000,0.00000,0.04499,0.11399,-244.15074,-257.23253,0.05358,2841.00000,2844.00000,0.44305
600.00000,0.03000,3.00000,1.00000,0.00000,0.04499,0.11399,-244.15074,-257.23253,0.05358,2841.00000,2844.00000,0.46094
600.00000,0.03000,4.00000,1.00000,0.00000,0.04499,0.11399,-244.15074,-257.23253,0.05358,2841.00000,2849.00000,0.49344
600.00000,0.03000,5.00000,1.00000,0.00000,0.04499,0.11399,-244.15074,-257.23253,0.05358,2841.00000,2846.00000,0.09690
600.00000,0.03000,6.00000,1.00000,0.00000,0.04499,0.11399,-244.15074,-257.23253,0.05358,2841.00000,2840.00000,0.00000
