"Omega","Tolerance","Step Size Rule","Iterations","Converged?","Gap LR","Gap Naive","Obj. Naive","Obj. LR","Gap","Time Naive","Time LR","Final Lambda"
600.00000,0.03000,1.00000,2.00000,1.00000,0.00000,0.11844,-244.15074,-246.15871,245.15871,4296.00000,4221.00000,0.40844
600.00000,0.03000,2.00000,2.00000,1.00000,0.00000,0.11844,-244.15074,-246.15871,245.15871,4296.00000,4220.00000,0.40844
600.00000,0.03000,3.00000,2.00000,1.00000,0.00000,0.11844,-244.15074,-246.15871,245.15871,4296.00000,4220.00000,0.48344
600.00000,0.03000,4.00000,2.00000,0.00000,0.03681,0.11844,-244.15074,-255.22011,254.25562,4296.00000,4215.00000,0.48369
600.00000,0.03000,5.00000,4.00000,0.00000,0.04199,0.11844,-244.15074,-256.49581,255.53611,4296.00000,2523.00000,0.01117
600.00000,0.03000,6.00000,3.00000,0.00000,0.04199,0.11844,-244.15074,-256.49581,255.53611,4296.00000,4312.00000,0.00000
