"Omega","Tolerance","Step Size Rule","Iterations","Converged?","Gap LR","Gap Naive","Obj. Naive","Obj. LR","Gap","Time Naive","Time LR","Final Lambda","LB Heuristic"
100.00000,0.03000,1.00000,1.00000,1.00000,0.00000,0.00000,282.08203,282.08203,0.00000,57.00000,42.00000,2.91943,282.08203
100.00000,0.03000,2.00000,1.00000,1.00000,0.00000,0.00000,282.08203,282.08203,0.00000,57.00000,43.00000,2.91943,282.08203
100.00000,0.03000,3.00000,1.00000,1.00000,0.00000,0.00000,282.08203,282.08203,0.00000,57.00000,46.00000,2.91943,282.08203
100.00000,0.03000,4.00000,1.00000,1.00000,0.00000,0.00000,282.08203,282.08203,0.00000,57.00000,44.00000,2.91943,282.08203
100.00000,0.03000,5.00000,1.00000,1.00000,0.00000,0.00000,282.08203,282.08203,0.00000,57.00000,38.00000,2.91943,282.08203
100.00000,0.03000,6.00000,1.00000,1.00000,0.00000,0.00000,282.08203,282.08203,0.00000,57.00000,38.00000,2.91943,282.08203
