"Omega","Tolerance","Step Size Rule","Iterations","Converged?","Gap LR","Gap Naive","Obj. Naive","Obj. LR","Gap","Time Naive","Time LR","Final Lambda","LB Heuristic"
100.00000,0.07000,1.00000,10.00000,0.00000,0.05611,0.00000,280.91436,296.67606,0.05313,281.00000,413.00000,3.28114,280.91436
100.00000,0.07000,2.00000,10.00000,0.00000,0.04469,0.00000,280.91436,293.46848,0.04278,281.00000,444.00000,2.76202,280.91436
100.00000,0.07000,3.00000,10.00000,0.00000,0.05432,0.00000,280.91436,296.17434,0.05152,281.00000,337.00000,3.29832,280.91436
100.00000,0.07000,4.00000,10.00000,0.00000,0.05063,0.00000,280.91436,295.13839,0.04819,281.00000,367.00000,3.15541,280.91436
100.00000,0.07000,5.00000,10.00000,0.00000,0.04469,0.00000,280.91436,293.46848,0.04278,281.00000,147.00000,2.71289,280.91436
100.00000,0.07000,6.00000,10.00000,0.00000,0.04800,0.00000,280.91436,294.39821,0.04580,281.00000,120.00000,2.69956,280.91436
