"Omega","Tolerance","Step Size Rule","Iterations","Converged?","Gap LR","Gap Naive","Obj. Naive","Obj. LR","Gap","Time Naive","Time LR","Final Lambda"
100.00000,0.03000,1.00000,10.00000,0.00000,0.02538,0.00000,-282.49918,-288.58465,0.02154,57.00000,298.00000,3.94241
100.00000,0.03000,2.00000,10.00000,0.00000,0.01708,0.00000,-282.49918,-286.24743,0.01327,57.00000,241.00000,2.14658
100.00000,0.03000,3.00000,10.00000,0.00000,0.02148,0.00000,-282.49918,-287.48727,0.01766,57.00000,235.00000,3.41910
100.00000,0.03000,4.00000,10.00000,0.00000,0.01993,0.00000,-282.49918,-287.05056,0.01611,57.00000,269.00000,3.20220
100.00000,0.03000,5.00000,10.00000,0.00000,0.01719,0.00000,-282.49918,-286.27836,0.01338,57.00000,101.00000,1.40765
100.00000,0.03000,6.00000,10.00000,0.00000,0.01739,0.00000,-282.49918,-286.33628,0.01358,57.00000,100.00000,2.38927
