"Omega","Tolerance","Step Size Rule","Iterations","Converged?","Gap LR","Gap Naive","Obj. Naive","Obj. LR","Gap","Time Naive","Time LR","Final Lambda","LB Heuristic"
900.00000,0.03000,1.00000,3.00000,0.00000,0.06457,0.00000,240.66260,255.80461,0.05919,582.00000,2781.00000,12.82636,240.28987
900.00000,0.03000,2.00000,2.00000,0.00000,0.03669,0.00000,240.66260,249.10529,0.03389,582.00000,4210.00000,0.21443,240.28987
900.00000,0.03000,3.00000,2.00000,0.00000,0.06457,0.00000,240.66260,255.80461,0.05919,582.00000,2618.00000,5.49436,240.28987
900.00000,0.03000,4.00000,2.00000,0.00000,0.05913,0.00000,240.66260,254.49815,0.05436,582.00000,4207.00000,0.28222,240.28987
900.00000,0.03000,5.00000,4.00000,0.00000,0.06457,0.00000,240.66260,255.80461,0.05919,582.00000,2430.00000,0.00880,240.28987
900.00000,0.03000,6.00000,3.00000,0.00000,0.06457,0.00000,240.66260,255.80461,0.05919,582.00000,4310.00000,0.00000,240.28987
