"Omega","Tolerance","Step Size Rule","Iterations","Converged?","Gap LR","Gap Naive","Obj. Naive","Obj. LR","Gap","Time Naive","Time LR","Final Lambda"
900.00000,0.03000,1.00000,2.00000,0.00000,0.03780,0.00000,-240.66260,-249.37205,0.03493,2671.00000,2600.00000,13.09500
900.00000,0.03000,2.00000,2.00000,0.00000,0.03155,0.00000,-240.66260,-247.87205,0.02909,2671.00000,4488.00000,0.26525
900.00000,0.03000,3.00000,1.00000,0.00000,0.03780,0.00000,-240.66260,-249.37205,0.03493,2671.00000,2257.00000,0.17386
900.00000,0.03000,4.00000,1.00000,0.00000,0.03780,0.00000,-240.66260,-249.37205,0.03493,2671.00000,2251.00000,0.24136
900.00000,0.03000,5.00000,2.00000,0.00000,0.03780,0.00000,-240.66260,-249.37205,0.03493,2671.00000,2876.00000,0.15757
900.00000,0.03000,6.00000,2.00000,0.00000,0.04973,0.00000,-240.66260,-252.23850,0.04589,2671.00000,2436.00000,0.63795
