"Omega","Tolerance","Step Size Rule","Iterations","Converged?","Gap LR","Gap Naive","Obj. Naive","Obj. LR","Gap","Time Naive","Time LR","Final Lambda"
900.00000,0.07000,1.00000,2.00000,0.00000,0.06711,0.18506,-238.05563,-256.45497,0.06289,2929.00000,2669.00000,12.55500
900.00000,0.07000,2.00000,1.00000,0.00000,0.06711,0.18506,-238.05563,-256.45497,0.06289,2929.00000,2323.00000,0.28273
900.00000,0.07000,3.00000,1.00000,0.00000,0.06711,0.18506,-238.05563,-256.45497,0.06289,2929.00000,2258.00000,0.00000
900.00000,0.07000,4.00000,1.00000,0.00000,0.06711,0.18506,-238.05563,-256.45497,0.06289,2929.00000,2284.00000,0.00000
900.00000,0.07000,5.00000,1.00000,0.00000,0.06711,0.18506,-238.05563,-256.45497,0.06289,2929.00000,2292.00000,0.21130
900.00000,0.07000,6.00000,1.00000,0.00000,0.06711,0.18506,-238.05563,-256.45497,0.06289,2929.00000,2292.00000,0.00000
