"Omega","Tolerance","Step Size Rule","Iterations","Converged?","Gap LR","Gap Naive","Obj. Naive","Obj. LR","Gap","Time Naive","Time LR","Final Lambda","LB Heuristic"
900.00000,0.07000,1.00000,1.00000,1.00000,0.00000,0.18429,238.05563,240.32700,0.00000,4336.00000,2107.00000,0.30654,240.32700
900.00000,0.07000,2.00000,1.00000,1.00000,0.00000,0.18429,238.05563,240.32700,0.00000,4336.00000,2110.00000,0.30654,240.32700
900.00000,0.07000,3.00000,1.00000,1.00000,0.00000,0.18429,238.05563,240.32700,0.00000,4336.00000,2110.00000,0.30654,240.32700
900.00000,0.07000,4.00000,1.00000,1.00000,0.00000,0.18429,238.05563,240.32700,0.00000,4336.00000,2109.00000,0.30654,240.32700
900.00000,0.07000,5.00000,1.00000,1.00000,0.00000,0.18429,238.05563,240.32700,0.00000,4336.00000,2108.00000,0.30654,240.32700
900.00000,0.07000,6.00000,1.00000,1.00000,0.00000,0.18429,238.05563,240.32700,0.00000,4336.00000,2110.00000,0.30654,240.32700
