"Omega","Tolerance","Step Size Rule","Iterations","Converged?","Gap LR","Gap Naive","Obj. Naive","Obj. LR","Gap","Time Naive","Time LR","Final Lambda"
900.00000,0.07000,1.00000,1.00000,0.00000,0.09475,0.18358,-238.05563,-263.09913,0.10520,2887.00000,2900.00000,0.00000
900.00000,0.07000,2.00000,1.00000,0.00000,0.09475,0.18358,-238.05563,-263.09913,0.10520,2887.00000,2892.00000,0.26707
900.00000,0.07000,3.00000,1.00000,0.00000,0.09475,0.18358,-238.05563,-263.09913,0.10520,2887.00000,2896.00000,0.02154
900.00000,0.07000,4.00000,1.00000,0.00000,0.09475,0.18358,-238.05563,-263.09913,0.10520,2887.00000,2899.00000,0.11654
900.00000,0.07000,5.00000,1.00000,0.00000,0.09475,0.18358,-238.05563,-263.09913,0.10520,2887.00000,2895.00000,0.14865
900.00000,0.07000,6.00000,1.00000,0.00000,0.09475,0.18358,-238.05563,-263.09913,0.10520,2887.00000,2873.00000,0.00000
