"Omega","Tolerance","Step Size Rule","Iterations","Converged?","Gap LR","Gap Naive","Obj. Naive","Obj. LR","Gap","Time Naive","Time LR","Final Lambda","LB Heuristic"
900.00000,0.07000,2.00000,1.00000,1.00000,0.00000,0.18329,238.05563,240.32700,0.00000,4265.00000,2106.00000,0.30654,240.32700
900.00000,0.07000,3.00000,3.00000,0.00000,0.07800,0.18329,238.05563,259.07199,0.07235,4265.00000,2865.00000,4.70700,240.32700
900.00000,0.07000,4.00000,1.00000,1.00000,0.00000,0.18329,238.05563,240.32700,0.00000,4265.00000,2107.00000,0.30654,240.32700
900.00000,0.07000,5.00000,1.00000,1.00000,0.00000,0.18329,238.05563,240.32700,0.00000,4265.00000,2105.00000,0.30654,240.32700
900.00000,0.07000,6.00000,3.00000,0.00000,0.07800,0.18329,238.05563,259.07199,0.07235,4265.00000,4325.00000,0.00000,240.32700
