"Omega","Tolerance","Step Size Rule","Iterations","Converged?","Gap LR","Gap Naive","Obj. Naive","Obj. LR","Gap","Time Naive","Time LR","Final Lambda","LB Heuristic"
900.00000,0.07000,1.00000,4.00000,0.00000,0.07800,0.18329,238.05563,259.07199,0.07235,4241.00000,2540.00000,10.66500,240.32700
900.00000,0.07000,2.00000,4.00000,0.00000,0.07800,0.18329,238.05563,259.07199,0.07235,4241.00000,2531.00000,0.28606,240.32700
900.00000,0.07000,3.00000,3.00000,0.00000,0.07800,0.18329,238.05563,259.07199,0.07235,4241.00000,2518.00000,4.70700,240.32700
900.00000,0.07000,4.00000,3.00000,0.00000,0.07800,0.18329,238.05563,259.07199,0.07235,4241.00000,2870.00000,2.79392,240.32700
900.00000,0.07000,5.00000,3.00000,0.00000,0.07800,0.18329,238.05563,259.07199,0.07235,4241.00000,2445.00000,0.20907,240.32700
900.00000,0.07000,6.00000,3.00000,0.00000,0.07800,0.18329,238.05563,259.07199,0.07235,4241.00000,4286.00000,0.00000,240.32700
