"Omega","Tolerance","Step Size Rule","Iterations","Converged?","Gap LR","Gap Naive","Obj. Naive","Obj. LR","Gap","Time Naive","Time LR","Final Lambda"
900.00000,0.07000,1.00000,1.00000,1.00000,0.00000,0.18408,-238.05563,-240.32700,239.32700,4363.00000,2111.00000,0.30654
900.00000,0.07000,2.00000,1.00000,1.00000,0.00000,0.18408,-238.05563,-240.32700,239.32700,4363.00000,2109.00000,0.30654
900.00000,0.07000,3.00000,1.00000,1.00000,0.00000,0.18408,-238.05563,-240.32700,239.32700,4363.00000,2111.00000,0.30654
900.00000,0.07000,4.00000,1.00000,1.00000,0.00000,0.18408,-238.05563,-240.32700,239.32700,4363.00000,2109.00000,0.30654
900.00000,0.07000,5.00000,1.00000,1.00000,0.00000,0.18408,-238.05563,-240.32700,239.32700,4363.00000,2112.00000,0.30654
900.00000,0.07000,6.00000,1.00000,1.00000,0.00000,0.18408,-238.05563,-240.32700,239.32700,4363.00000,2111.00000,0.30654
