"Omega","Tolerance","Step Size Rule","Iterations","Converged?","Gap LR","Gap Naive","Obj. Naive","Obj. LR","Gap","Time Naive","Time LR","Final Lambda"
100.00000,0.01000,1.00000,10.00000,0.00000,0.01450,0.00000,-273.90879,-277.87921,0.01450,17.00000,169.00000,4.89116
100.00000,0.01000,2.00000,10.00000,0.00000,0.00951,0.00000,-273.90879,-276.51421,0.00951,17.00000,116.00000,2.16237
100.00000,0.01000,3.00000,10.00000,0.00000,0.01485,0.00000,-273.90879,-277.97611,0.01485,17.00000,137.00000,5.00076
100.00000,0.01000,4.00000,10.00000,0.00000,0.01490,0.00000,-273.90879,-277.99068,0.01490,17.00000,136.00000,5.01606
100.00000,0.01000,5.00000,10.00000,0.00000,0.01499,0.00000,-273.90879,-278.01421,0.01499,17.00000,59.00000,0.11691
100.00000,0.01000,6.00000,10.00000,0.00000,0.00632,0.00000,-273.90879,-275.63919,0.00632,17.00000,157.00000,2.42281
