"Omega","Tolerance","Step Size Rule","Iterations","Converged?","Gap LR","Gap Naive","Obj. Naive","Obj. LR","Gap","Time Naive","Time LR","Final Lambda"
150.00000,0.03000,1.00000,10.00000,0.00000,0.00343,0.00000,-278.19519,-279.14840,0.00343,12.00000,14.00000,58.00767
150.00000,0.03000,2.00000,10.00000,0.00000,0.00343,0.00000,-278.19519,-279.14840,0.00343,12.00000,60.00000,1.78849
150.00000,0.03000,3.00000,10.00000,0.00000,0.00343,0.00000,-278.19519,-279.14840,0.00343,12.00000,15.00000,23.46791
150.00000,0.03000,4.00000,10.00000,0.00000,0.00343,0.00000,-278.19519,-279.14840,0.00343,12.00000,14.00000,45.99868
150.00000,0.03000,5.00000,10.00000,0.00000,0.00343,0.00000,-278.19519,-279.14840,0.00343,12.00000,15.00000,1.52088
150.00000,0.03000,6.00000,10.00000,0.00000,0.00232,0.00000,-278.19519,-278.84028,0.00232,12.00000,43.00000,1.80825
