"Omega","Tolerance","Step Size Rule","Iterations","Converged?","Gap LR","Gap Naive","Obj. Naive","Obj. LR","Gap","Time Naive","Time LR","Final Lambda"
150.00000,0.03000,1.00000,10.00000,0.00000,0.00235,0.00000,-278.19519,-278.84840,0.00234,63.00000,447.00000,3.83767
150.00000,0.03000,2.00000,10.00000,0.00000,0.00343,0.00000,-278.19519,-279.14840,0.00341,63.00000,100.00000,1.35013
150.00000,0.03000,3.00000,10.00000,0.00000,0.00288,0.00000,-278.19519,-278.99602,0.00287,63.00000,398.00000,1.92686
150.00000,0.03000,4.00000,10.00000,0.00000,0.00309,0.00000,-278.19519,-279.05431,0.00308,63.00000,501.00000,1.95746
150.00000,0.03000,5.00000,10.00000,0.00000,0.00343,0.00000,-278.19519,-279.14840,0.00341,63.00000,100.00000,0.07927
150.00000,0.03000,6.00000,10.00000,0.00000,0.00232,0.00000,-278.19519,-278.84028,0.00231,63.00000,321.00000,1.80825
