"Omega","Tolerance","Step Size Rule","Iterations","Converged?","Gap LR","Gap Naive","Obj. Naive","Obj. LR","Gap","Time Naive","Time LR","Final Lambda"
150.00000,0.03000,1.00000,10.00000,0.00000,0.00235,0.00000,-278.19519,-278.84840,0.00235,52.00000,395.00000,3.83767
150.00000,0.03000,2.00000,10.00000,0.00000,0.00343,0.00000,-278.19519,-279.14840,0.00343,52.00000,92.00000,1.35013
150.00000,0.03000,3.00000,10.00000,0.00000,0.00288,0.00000,-278.19519,-278.99602,0.00288,52.00000,391.00000,1.92686
150.00000,0.03000,4.00000,10.00000,0.00000,0.00309,0.00000,-278.19519,-279.05431,0.00309,52.00000,505.00000,1.95746
150.00000,0.03000,5.00000,10.00000,0.00000,0.00343,0.00000,-278.19519,-279.14840,0.00343,52.00000,102.00000,0.07927
150.00000,0.03000,6.00000,10.00000,0.00000,0.00232,0.00000,-278.19519,-278.84028,0.00232,52.00000,364.00000,1.80825
