"Omega","Tolerance","Step Size Rule","Iterations","Converged?","Gap LR","Gap Naive","Obj. Naive","Obj. LR","Gap","Time Naive","Time LR","Final Lambda","LB Heuristic"
600.00000,0.07000,1.00000,3.00000,0.00000,0.08941,0.14237,248.28577,264.51360,0.06135,4246.00000,2560.00000,7.74000,242.80502
600.00000,0.07000,2.00000,3.00000,0.00000,0.08941,0.14237,248.28577,264.51360,0.06135,4246.00000,2542.00000,0.42341,242.80502
600.00000,0.07000,3.00000,3.00000,0.00000,0.08941,0.14237,248.28577,264.51360,0.06135,4246.00000,3061.00000,3.32907,242.80502
600.00000,0.07000,4.00000,3.00000,0.00000,0.08941,0.14237,248.28577,264.51360,0.06135,4246.00000,3995.00000,2.13381,242.80502
600.00000,0.07000,5.00000,3.00000,0.00000,0.08941,0.14237,248.28577,264.51360,0.06135,4246.00000,2441.00000,0.30537,242.80502
600.00000,0.07000,6.00000,3.00000,0.00000,0.08941,0.14237,248.28577,264.51360,0.06135,4246.00000,4338.00000,0.00000,242.80502
