"Omega","Tolerance","Step Size Rule","Iterations","Converged?","Gap LR","Gap Naive","Obj. Naive","Obj. LR","Gap","Time Naive","Time LR","Final Lambda"
600.00000,0.07000,1.00000,2.00000,0.00000,0.04521,0.19001,-234.52344,-253.78338,0.04326,2870.00000,2335.00000,8.37000
600.00000,0.07000,2.00000,2.00000,0.00000,0.04521,0.19001,-234.52344,-253.78338,0.04326,2870.00000,2487.00000,0.42554
600.00000,0.07000,3.00000,2.00000,0.00000,0.04521,0.19001,-234.52344,-253.78338,0.04326,2870.00000,2394.00000,3.49157
600.00000,0.07000,4.00000,2.00000,0.00000,0.04521,0.19001,-234.52344,-253.78338,0.04326,2870.00000,2436.00000,2.22140
600.00000,0.07000,5.00000,2.00000,0.00000,0.04521,0.19001,-234.52344,-253.78338,0.04326,2870.00000,2499.00000,0.32109
600.00000,0.07000,6.00000,2.00000,0.00000,0.04521,0.19001,-234.52344,-253.78338,0.04326,2870.00000,2367.00000,1.06223
