"Omega","Tolerance","Step Size Rule","Iterations","Converged?","Gap LR","Gap Naive","Obj. Naive","Obj. LR","Gap","Time Naive","Time LR","Final Lambda","LB Heuristic"
600.00000,0.07000,1.00000,3.00000,0.00000,0.16671,0.18990,234.52344,283.28389,0.14289,4289.00000,2792.00000,7.56857,242.80502
600.00000,0.07000,2.00000,3.00000,0.00000,0.08941,0.18990,234.52344,264.51360,0.08207,4289.00000,2583.00000,0.42341,242.80502
600.00000,0.07000,3.00000,3.00000,0.00000,0.08941,0.18990,234.52344,264.51360,0.08207,4289.00000,3091.00000,3.32907,242.80502
600.00000,0.07000,4.00000,3.00000,0.00000,0.08941,0.18990,234.52344,264.51360,0.08207,4289.00000,4182.00000,2.13381,242.80502
600.00000,0.07000,5.00000,2.00000,0.00000,0.10129,0.18990,234.52344,267.39773,0.09197,4289.00000,4212.00000,0.29285,242.80502
600.00000,0.07000,6.00000,3.00000,0.00000,0.08941,0.18990,234.52344,264.51360,0.08207,4289.00000,4319.00000,0.00000,242.80502
