"Omega","Tolerance","Step Size Rule","Iterations","Converged?","Gap LR","Gap Naive","Obj. Naive","Obj. LR","Gap","Time Naive","Time LR","Final Lambda","LB Heuristic"
600.00000,0.07000,1.00000,3.00000,0.00000,0.08941,0.18990,234.52344,264.51360,0.08207,4280.00000,2771.00000,7.74000,242.80502
600.00000,0.07000,2.00000,2.00000,0.00000,0.08941,0.18990,234.52344,264.51360,0.08207,4280.00000,2524.00000,0.42072,242.80502
600.00000,0.07000,3.00000,3.00000,0.00000,0.08941,0.18990,234.52344,264.51360,0.08207,4280.00000,3586.00000,3.32907,242.80502
600.00000,0.07000,4.00000,2.00000,0.00000,0.08941,0.18990,234.52344,264.51360,0.08207,4280.00000,2941.00000,2.24640,242.80502
600.00000,0.07000,5.00000,3.00000,0.00000,0.08941,0.18990,234.52344,264.51360,0.08207,4280.00000,2446.00000,0.30537,242.80502
600.00000,0.07000,6.00000,3.00000,0.00000,0.08941,0.18990,234.52344,264.51360,0.08207,4280.00000,4330.00000,0.00000,242.80502
