"Omega","Tolerance","Step Size Rule","Iterations","Converged?","Gap LR","Gap Naive","Obj. Naive","Obj. LR","Gap","Time Naive","Time LR","Final Lambda"
600.00000,0.07000,1.00000,1.00000,0.00000,0.08941,0.18990,-234.52344,-264.51360,0.12788,2845.00000,2845.00000,0.00000
600.00000,0.07000,2.00000,1.00000,0.00000,0.08941,0.18990,-234.52344,-264.51360,0.12788,2845.00000,2847.00000,0.41803
600.00000,0.07000,3.00000,1.00000,0.00000,0.08941,0.18990,-234.52344,-264.51360,0.12788,2845.00000,2848.00000,0.18107
600.00000,0.07000,4.00000,1.00000,0.00000,0.08941,0.18990,-234.52344,-264.51360,0.12788,2845.00000,2856.00000,0.27357
600.00000,0.07000,5.00000,1.00000,0.00000,0.08941,0.18990,-234.52344,-264.51360,0.12788,2845.00000,2850.00000,0.29641
600.00000,0.07000,6.00000,1.00000,0.00000,0.08941,0.18990,-234.52344,-264.51360,0.12788,2845.00000,2846.00000,0.00000
