"Omega","Tolerance","Step Size Rule","Iterations","Converged?","Gap LR","Gap Naive","Obj. Naive","Obj. LR","Gap","Time Naive","Time LR","Final Lambda"
600.00000,0.07000,1.00000,3.00000,0.00000,0.08941,0.18990,-234.52344,-264.51360,263.59567,4277.00000,2796.00000,7.74000
600.00000,0.07000,2.00000,2.00000,0.00000,0.08941,0.18990,-234.52344,-264.51360,263.59567,4277.00000,2528.00000,0.42072
600.00000,0.07000,3.00000,3.00000,0.00000,0.08941,0.18990,-234.52344,-264.51360,263.59567,4277.00000,3601.00000,3.32907
600.00000,0.07000,4.00000,2.00000,0.00000,0.08941,0.18990,-234.52344,-264.51360,263.59567,4277.00000,2939.00000,2.24640
600.00000,0.07000,5.00000,3.00000,0.00000,0.08941,0.18990,-234.52344,-264.51360,263.59567,4277.00000,2422.00000,0.30537
600.00000,0.07000,6.00000,3.00000,0.00000,0.08941,0.18990,-234.52344,-264.51360,263.59567,4277.00000,4318.00000,0.00000
