"Omega","Tolerance","Step Size Rule","Iterations","Converged?","Gap LR","Gap Naive","Obj. Naive","Obj. LR","Gap","Time Naive","Time LR","Final Lambda","LB Heuristic"
600.00000,0.07000,1.00000,5.00000,0.00000,0.09509,0.14039,248.28577,265.89383,0.06622,4225.00000,2479.00000,6.48857,242.80502
600.00000,0.07000,2.00000,5.00000,0.00000,0.09509,0.14039,248.28577,265.89383,0.06622,4225.00000,2482.00000,0.41932,242.80502
600.00000,0.07000,3.00000,3.00000,0.00000,0.08941,0.14039,248.28577,264.51360,0.06135,4225.00000,2551.00000,3.32907,242.80502
600.00000,0.07000,4.00000,3.00000,0.00000,0.09509,0.14039,248.28577,265.89383,0.06622,4225.00000,3076.00000,2.16881,242.80502
600.00000,0.07000,5.00000,4.00000,0.00000,0.09509,0.14039,248.28577,265.89383,0.06622,4225.00000,2437.00000,0.27022,242.80502
600.00000,0.07000,6.00000,3.00000,0.00000,0.09509,0.14039,248.28577,265.89383,0.06622,4225.00000,4244.00000,0.00000,242.80502
