"Omega","Tolerance","Step Size Rule","Iterations","Converged?","Gap LR","Gap Naive","Obj. Naive","Obj. LR","Gap","Time Naive","Time LR","Final Lambda","LB Heuristic"
600.00000,0.07000,1.00000,3.00000,0.00000,0.16671,0.14237,248.28577,283.28389,0.12354,4231.00000,2412.00000,7.56857,242.80502
600.00000,0.07000,2.00000,2.00000,0.00000,0.08982,0.14237,248.28577,264.61306,0.06170,4231.00000,4209.00000,0.42072,242.80502
600.00000,0.07000,3.00000,2.00000,0.00000,0.16671,0.14237,248.28577,283.28389,0.12354,4231.00000,2513.00000,4.39157,242.80502
600.00000,0.07000,4.00000,2.00000,0.00000,0.16671,0.14237,248.28577,283.28389,0.12354,4231.00000,2595.00000,3.10715,242.80502
600.00000,0.07000,5.00000,2.00000,0.00000,0.10129,0.14237,248.28577,267.39773,0.07147,4231.00000,4206.00000,0.29285,242.80502
600.00000,0.07000,6.00000,3.00000,0.00000,0.08941,0.14237,248.28577,264.51360,0.06135,4231.00000,4247.00000,0.00000,242.80502
