"Omega","Tolerance","Step Size Rule","Iterations","Converged?","Gap LR","Gap Naive","Obj. Naive","Obj. LR","Gap","Time Naive","Time LR","Final Lambda","LB Heuristic"
600.00000,0.07000,1.00000,1.00000,1.00000,0.00000,0.18990,234.52344,242.80502,0.00000,4266.00000,2108.00000,0.45857,242.80502
600.00000,0.07000,2.00000,2.00000,0.00000,0.08941,0.18990,234.52344,264.51360,0.08207,4266.00000,2489.00000,0.42072,242.80502
600.00000,0.07000,3.00000,3.00000,0.00000,0.08941,0.18990,234.52344,264.51360,0.08207,4266.00000,3557.00000,3.32907,242.80502
600.00000,0.07000,4.00000,1.00000,1.00000,0.00000,0.18990,234.52344,242.80502,0.00000,4266.00000,2111.00000,0.45857,242.80502
600.00000,0.07000,5.00000,1.00000,1.00000,0.00000,0.18990,234.52344,242.80502,0.00000,4266.00000,2109.00000,0.45857,242.80502
600.00000,0.07000,6.00000,3.00000,0.00000,0.08941,0.18990,234.52344,264.51360,0.08207,4266.00000,4338.00000,0.00000,242.80502
