"Omega","Tolerance","Step Size Rule","Iterations","Converged?","Gap LR","Gap Naive","Obj. Naive","Obj. LR","Gap","Time Naive","Time LR","Final Lambda","LB Heuristic"
900.00000,0.05000,2.00000,2.00000,0.00000,0.02710,0.14366,244.30124,258.22203,0.02639,4286.00000,2432.00000,0.26329,251.40796
900.00000,0.05000,3.00000,3.00000,0.00000,0.02710,0.14366,244.30124,258.22203,0.02639,4286.00000,3289.00000,4.90500,251.40796
900.00000,0.05000,4.00000,2.00000,0.00000,0.02710,0.14366,244.30124,258.22203,0.02639,4286.00000,2699.00000,3.12192,251.40796
900.00000,0.05000,5.00000,3.00000,0.00000,0.02710,0.14366,244.30124,258.22203,0.02639,4286.00000,2546.00000,0.15488,251.40796
900.00000,0.05000,6.00000,3.00000,0.00000,0.02710,0.14366,244.30124,258.22203,0.02639,4286.00000,4340.00000,0.12578,251.40796
