"Omega","Tolerance","Step Size Rule","Iterations","Converged?","Gap LR","Gap Naive","Obj. Naive","Obj. LR","Gap","Time Naive","Time LR","Final Lambda","LB Heuristic"
900.00000,0.05000,1.00000,3.00000,0.00000,0.02710,0.14358,244.30124,258.22203,0.02639,4244.00000,2415.00000,12.15000,251.40796
900.00000,0.05000,2.00000,3.00000,0.00000,0.02710,0.14358,244.30124,258.22203,0.02639,4244.00000,3052.00000,0.26504,251.40796
900.00000,0.05000,3.00000,3.00000,0.00000,0.02710,0.14358,244.30124,258.22203,0.02639,4244.00000,3023.00000,4.90500,251.40796
900.00000,0.05000,4.00000,3.00000,0.00000,0.02710,0.14358,244.30124,258.22203,0.02639,4244.00000,3310.00000,2.99201,251.40796
900.00000,0.05000,5.00000,3.00000,0.00000,0.02710,0.14358,244.30124,258.22203,0.02639,4244.00000,2725.00000,0.15488,251.40796
900.00000,0.05000,6.00000,3.00000,0.00000,0.02710,0.14358,244.30124,258.22203,0.02639,4244.00000,4395.00000,0.12578,251.40796
