"Omega","Tolerance","Step Size Rule","Iterations","Converged?","Gap LR","Gap Naive","Obj. Naive","Obj. LR","Gap","Time Naive","Time LR","Final Lambda","LB Heuristic"
900.00000,0.05000,1.00000,1.00000,1.00000,0.00000,0.14474,244.30124,251.40796,0.00000,4396.00000,2106.00000,0.29903,251.40796
900.00000,0.05000,2.00000,1.00000,1.00000,0.00000,0.14474,244.30124,251.40796,0.00000,4396.00000,2106.00000,0.29903,251.40796
900.00000,0.05000,3.00000,1.00000,1.00000,0.00000,0.14474,244.30124,251.40796,0.00000,4396.00000,2106.00000,0.29903,251.40796
900.00000,0.05000,4.00000,1.00000,1.00000,0.00000,0.14474,244.30124,251.40796,0.00000,4396.00000,2107.00000,0.29903,251.40796
900.00000,0.05000,5.00000,1.00000,1.00000,0.00000,0.14474,244.30124,251.40796,0.00000,4396.00000,2107.00000,0.29903,251.40796
900.00000,0.05000,6.00000,1.00000,1.00000,0.00000,0.14474,244.30124,251.40796,0.00000,4396.00000,2107.00000,0.29903,251.40796
