"Omega","Tolerance","Step Size Rule","Iterations","Converged?","Gap LR","Gap Naive","Obj. Naive","Obj. LR","Gap","Time Naive","Time LR","Final Lambda"
900.00000,0.05000,1.00000,1.00000,0.00000,0.02710,0.14410,-244.30124,-258.22203,0.05698,2918.00000,2894.00000,0.00000
900.00000,0.05000,2.00000,1.00000,0.00000,0.02710,0.14410,-244.30124,-258.22203,0.05698,2918.00000,2891.00000,0.26153
900.00000,0.05000,3.00000,1.00000,0.00000,0.02710,0.14410,-244.30124,-258.22203,0.05698,2918.00000,2890.00000,0.00000
900.00000,0.05000,4.00000,1.00000,0.00000,0.02710,0.14410,-244.30124,-258.22203,0.05698,2918.00000,2928.00000,0.09903
900.00000,0.05000,5.00000,1.00000,0.00000,0.02710,0.14410,-244.30124,-258.22203,0.05698,2918.00000,2901.00000,0.14903
900.00000,0.05000,6.00000,1.00000,0.00000,0.02710,0.14410,-244.30124,-258.22203,0.05698,2918.00000,2832.00000,0.00000
