"Omega","Tolerance","Step Size Rule","Iterations","Converged?","Gap LR","Gap Naive","Obj. Naive","Obj. LR","Gap","Time Naive","Time LR","Final Lambda"
900.00000,0.05000,1.00000,1.00000,1.00000,0.00000,0.14474,-244.30124,-251.40796,250.40796,4332.00000,2115.00000,0.29903
900.00000,0.05000,2.00000,1.00000,1.00000,0.00000,0.14474,-244.30124,-251.40796,250.40796,4332.00000,2112.00000,0.29903
900.00000,0.05000,3.00000,1.00000,1.00000,0.00000,0.14474,-244.30124,-251.40796,250.40796,4332.00000,2115.00000,0.29903
900.00000,0.05000,4.00000,1.00000,1.00000,0.00000,0.14474,-244.30124,-251.40796,250.40796,4332.00000,2121.00000,0.29903
900.00000,0.05000,5.00000,1.00000,1.00000,0.00000,0.14474,-244.30124,-251.40796,250.40796,4332.00000,2124.00000,0.29903
900.00000,0.05000,6.00000,1.00000,1.00000,0.00000,0.14474,-244.30124,-251.40796,250.40796,4332.00000,2109.00000,0.29903
