"Omega","Tolerance","Step Size Rule","Iterations","Converged?","Gap LR","Gap Naive","Obj. Naive","Obj. LR","Gap","Time Naive","Time LR","Final Lambda"
900.00000,0.05000,1.00000,1.00000,0.00000,0.02526,0.14617,-244.30124,-257.75775,0.02463,2963.00000,2263.00000,0.00000
900.00000,0.05000,2.00000,1.00000,0.00000,0.02526,0.14617,-244.30124,-257.75775,0.02463,2963.00000,2254.00000,0.26570
900.00000,0.05000,3.00000,2.00000,0.00000,0.02526,0.14617,-244.30124,-257.75775,0.02463,2963.00000,2636.00000,5.13000
900.00000,0.05000,4.00000,1.00000,0.00000,0.02526,0.14617,-244.30124,-257.75775,0.02463,2963.00000,2283.00000,0.07403
900.00000,0.05000,5.00000,1.00000,0.00000,0.02526,0.14617,-244.30124,-257.75775,0.02463,2963.00000,2296.00000,0.16570
900.00000,0.05000,6.00000,1.00000,0.00000,0.02526,0.14617,-244.30124,-257.75775,0.02463,2963.00000,2263.00000,0.01682
