"Omega","Tolerance","Step Size Rule","Iterations","Converged?","Gap LR","Gap Naive","Obj. Naive","Obj. LR","Gap","Time Naive","Time LR","Final Lambda","LB Heuristic"
600.00000,0.05000,1.00000,4.00000,0.00000,0.04471,0.13735,243.94399,261.09039,0.04279,4236.00000,2559.00000,7.80544,249.91777
600.00000,0.05000,2.00000,4.00000,0.00000,0.04471,0.13735,243.94399,261.09039,0.04279,4236.00000,2572.00000,0.38833,249.91777
600.00000,0.05000,3.00000,3.00000,0.00000,0.04471,0.13735,243.94399,261.09039,0.04279,4236.00000,2611.00000,3.57544,249.91777
600.00000,0.05000,4.00000,3.00000,0.00000,0.04471,0.13735,243.94399,261.09039,0.04279,4236.00000,2941.00000,2.28986,249.91777
600.00000,0.05000,5.00000,3.00000,0.00000,0.04471,0.13735,243.94399,261.09039,0.04279,4236.00000,2441.00000,0.16421,249.91777
600.00000,0.05000,6.00000,3.00000,0.00000,0.04471,0.13735,243.94399,261.09039,0.04279,4236.00000,4298.00000,0.07887,249.91777
