"Omega","Tolerance","Step Size Rule","Iterations","Converged?","Gap LR","Gap Naive","Obj. Naive","Obj. LR","Gap","Time Naive","Time LR","Final Lambda"
600.00000,0.05000,1.00000,2.00000,0.00000,0.04313,0.14429,-242.41325,-260.69611,0.04134,2860.00000,2378.00000,8.63044
600.00000,0.05000,2.00000,2.00000,0.00000,0.04313,0.14429,-242.41325,-260.69611,0.04134,2860.00000,2466.00000,0.39807
600.00000,0.05000,3.00000,2.00000,0.00000,0.04313,0.14429,-242.41325,-260.69611,0.04134,2860.00000,2464.00000,3.68794
600.00000,0.05000,4.00000,2.00000,0.00000,0.04313,0.14429,-242.41325,-260.69611,0.04134,2860.00000,2495.00000,2.34569
600.00000,0.05000,5.00000,2.00000,0.00000,0.04313,0.14429,-242.41325,-260.69611,0.04134,2860.00000,2531.00000,0.22070
600.00000,0.05000,6.00000,2.00000,0.00000,0.04313,0.14429,-242.41325,-260.69611,0.04134,2860.00000,2387.00000,0.98315
