"Omega","Tolerance","Step Size Rule","Iterations","Converged?","Gap LR","Gap Naive","Obj. Naive","Obj. LR","Gap","Time Naive","Time LR","Final Lambda","LB Heuristic"
600.00000,0.05000,1.00000,3.00000,0.00000,0.04555,0.11996,248.86303,261.30237,0.04357,4225.00000,2402.00000,8.28544,249.91777
600.00000,0.05000,2.00000,4.00000,0.00000,0.04471,0.11996,248.86303,261.09039,0.04279,4225.00000,2656.00000,0.38833,249.91777
600.00000,0.05000,3.00000,3.00000,0.00000,0.04645,0.11996,248.86303,261.52664,0.04439,4225.00000,2531.00000,3.60544,249.91777
600.00000,0.05000,4.00000,3.00000,0.00000,0.04871,0.11996,248.86303,262.09007,0.04644,4225.00000,2653.00000,2.30986,249.91777
600.00000,0.05000,5.00000,4.00000,0.00000,0.04871,0.11996,248.86303,262.09007,0.04644,4225.00000,2418.00000,0.09184,249.91777
600.00000,0.05000,6.00000,3.00000,0.00000,0.04871,0.11996,248.86303,262.09007,0.04644,4225.00000,4273.00000,0.07887,249.91777
