"Omega","Tolerance","Step Size Rule","Iterations","Converged?","Gap LR","Gap Naive","Obj. Naive","Obj. LR","Gap","Time Naive","Time LR","Final Lambda","LB Heuristic"
600.00000,0.05000,1.00000,3.00000,0.00000,0.04471,0.14429,242.41325,261.09039,0.04279,4258.00000,2852.00000,8.25544,249.91777
600.00000,0.05000,2.00000,2.00000,0.00000,0.04471,0.14429,242.41325,261.09039,0.04279,4258.00000,2420.00000,0.38307,249.91777
600.00000,0.05000,3.00000,3.00000,0.00000,0.04471,0.14429,242.41325,261.09039,0.04279,4258.00000,3237.00000,3.57544,249.91777
600.00000,0.05000,4.00000,3.00000,0.00000,0.04471,0.14429,242.41325,261.09039,0.04279,4258.00000,3540.00000,2.28986,249.91777
600.00000,0.05000,5.00000,3.00000,0.00000,0.04471,0.14429,242.41325,261.09039,0.04279,4258.00000,2501.00000,0.16421,249.91777
600.00000,0.05000,6.00000,3.00000,0.00000,0.04471,0.14429,242.41325,261.09039,0.04279,4258.00000,4363.00000,0.07887,249.91777
