"Omega","Tolerance","Step Size Rule","Iterations","Converged?","Gap LR","Gap Naive","Obj. Naive","Obj. LR","Gap","Time Naive","Time LR","Final Lambda","LB Heuristic"
600.00000,0.05000,1.00000,3.00000,0.00000,0.04286,0.14429,242.41325,260.63009,0.04110,4259.00000,2737.00000,8.37544,249.91777
600.00000,0.05000,2.00000,3.00000,0.00000,0.04471,0.14429,242.41325,261.09039,0.04279,4259.00000,2744.00000,0.38570,249.91777
600.00000,0.05000,3.00000,2.00000,0.00000,0.04471,0.14429,242.41325,261.09039,0.04279,4259.00000,2440.00000,3.72544,249.91777
600.00000,0.05000,4.00000,3.00000,0.00000,0.04471,0.14429,242.41325,261.09039,0.04279,4259.00000,3501.00000,2.28986,249.91777
600.00000,0.05000,5.00000,3.00000,0.00000,0.04471,0.14429,242.41325,261.09039,0.04279,4259.00000,2518.00000,0.16421,249.91777
600.00000,0.05000,6.00000,3.00000,0.00000,0.04471,0.14429,242.41325,261.09039,0.04279,4259.00000,4314.00000,0.07887,249.91777
