"Omega","Tolerance","Step Size Rule","Iterations","Converged?","Gap LR","Gap Naive","Obj. Naive","Obj. LR","Gap","Time Naive","Time LR","Final Lambda"
600.00000,0.05000,1.00000,3.00000,0.00000,0.04286,0.14429,-242.41325,-260.63009,259.67119,4259.00000,2700.00000,8.37544
600.00000,0.05000,2.00000,3.00000,0.00000,0.04471,0.14429,-242.41325,-261.09039,260.13318,4259.00000,2745.00000,0.38570
600.00000,0.05000,3.00000,2.00000,0.00000,0.04471,0.14429,-242.41325,-261.09039,260.13318,4259.00000,2466.00000,3.72544
600.00000,0.05000,4.00000,2.00000,0.00000,0.04471,0.14429,-242.41325,-261.09039,260.13318,4259.00000,2418.00000,2.37069
600.00000,0.05000,5.00000,3.00000,0.00000,0.04286,0.14429,-242.41325,-260.63009,259.67119,4259.00000,2507.00000,0.00877
600.00000,0.05000,6.00000,3.00000,0.00000,0.04471,0.14429,-242.41325,-261.09039,260.13318,4259.00000,4345.00000,0.07887
