"Omega","Tolerance","Step Size Rule","Iterations","Converged?","Gap LR","Gap Naive","Obj. Naive","Obj. LR","Gap","Time Naive","Time LR","Final Lambda"
600.00000,0.05000,1.00000,1.00000,0.00000,0.04471,0.14428,-242.41325,-261.09039,0.07705,2840.00000,2847.00000,0.15544
600.00000,0.05000,2.00000,1.00000,0.00000,0.04471,0.14428,-242.41325,-261.09039,0.07705,2840.00000,2854.00000,0.38044
600.00000,0.05000,3.00000,1.00000,0.00000,0.04471,0.14428,-242.41325,-261.09039,0.07705,2840.00000,2850.00000,0.30544
600.00000,0.05000,4.00000,1.00000,0.00000,0.04471,0.14428,-242.41325,-261.09039,0.07705,2840.00000,2853.00000,0.35544
600.00000,0.05000,5.00000,1.00000,0.00000,0.04471,0.14428,-242.41325,-261.09039,0.07705,2840.00000,2850.00000,0.15544
600.00000,0.05000,6.00000,1.00000,0.00000,0.04471,0.14428,-242.41325,-261.09039,0.07705,2840.00000,2837.00000,0.00000
