"Omega","Tolerance","Step Size Rule","Iterations","Converged?","Gap LR","Gap Naive","Obj. Naive","Obj. LR","Gap","Time Naive","Time LR","Final Lambda"
600.00000,0.05000,1.00000,2.00000,0.00000,0.03639,0.19566,-226.88191,-255.15900,0.03511,2868.00000,2793.00000,8.90620
600.00000,0.05000,2.00000,2.00000,0.00000,0.03639,0.19566,-226.88191,-255.15900,0.03511,2868.00000,2458.00000,0.24954
600.00000,0.05000,3.00000,2.00000,0.00000,0.03639,0.19566,-226.88191,-255.15900,0.03511,2868.00000,2618.00000,3.82870
600.00000,0.05000,4.00000,2.00000,0.00000,0.03639,0.19566,-226.88191,-255.15900,0.03511,2868.00000,4358.00000,0.33427
600.00000,0.05000,5.00000,2.00000,0.00000,0.03639,0.19566,-226.88191,-255.15900,0.03511,2868.00000,2382.00000,0.00526
600.00000,0.05000,6.00000,2.00000,0.00000,0.03639,0.19566,-226.88191,-255.15900,0.03511,2868.00000,2298.00000,0.99236
