"Omega","Tolerance","Step Size Rule","Iterations","Converged?","Gap LR","Gap Naive","Obj. Naive","Obj. LR","Gap","Time Naive","Time LR","Final Lambda"
600.00000,0.05000,1.00000,3.00000,0.00000,0.05173,0.19566,-226.88191,-258.93543,257.98462,4281.00000,2922.00000,8.23120
600.00000,0.05000,2.00000,2.00000,0.00000,0.05751,0.19566,-226.88191,-260.35876,259.41315,4281.00000,2479.00000,0.38488
600.00000,0.05000,3.00000,2.00000,0.00000,0.05751,0.19566,-226.88191,-260.35876,259.41315,4281.00000,2449.00000,3.73870
600.00000,0.05000,4.00000,2.00000,0.00000,0.05751,0.19566,-226.88191,-260.35876,259.41315,4281.00000,2501.00000,2.38145
600.00000,0.05000,5.00000,2.00000,0.00000,0.05173,0.19566,-226.88191,-258.93543,257.98462,4281.00000,2416.00000,0.20559
600.00000,0.05000,6.00000,3.00000,0.00000,0.05751,0.19566,-226.88191,-260.35876,259.41315,4281.00000,4369.00000,0.00000
