"Omega","Tolerance","Step Size Rule","Iterations","Converged?","Gap LR","Gap Naive","Obj. Naive","Obj. LR","Gap","Time Naive","Time LR","Final Lambda","LB Heuristic"
600.00000,0.05000,1.00000,3.00000,0.00000,0.05751,0.09606,254.25792,260.35876,0.02343,4231.00000,2502.00000,8.29120,246.19984
600.00000,0.05000,2.00000,4.00000,0.00000,0.05751,0.09606,254.25792,260.35876,0.02343,4231.00000,2528.00000,0.39014,246.19984
600.00000,0.05000,3.00000,3.00000,0.00000,0.05751,0.09606,254.25792,260.35876,0.02343,4231.00000,2748.00000,3.59370,246.19984
600.00000,0.05000,4.00000,3.00000,0.00000,0.05751,0.09606,254.25792,260.35876,0.02343,4231.00000,2991.00000,2.29773,246.19984
600.00000,0.05000,5.00000,4.00000,0.00000,0.05751,0.09606,254.25792,260.35876,0.02343,4231.00000,2415.00000,0.15681,246.19984
600.00000,0.05000,6.00000,3.00000,0.00000,0.05751,0.09606,254.25792,260.35876,0.02343,4231.00000,4276.00000,0.00000,246.19984
