"Omega","Tolerance","Step Size Rule","Iterations","Converged?","Gap LR","Gap Naive","Obj. Naive","Obj. LR","Gap","Time Naive","Time LR","Final Lambda","LB Heuristic"
600.00000,0.05000,1.00000,3.00000,0.00000,0.05751,0.13575,243.33351,260.35876,0.05438,4238.00000,2405.00000,8.29120,246.19984
600.00000,0.05000,2.00000,4.00000,0.00000,0.05751,0.13575,243.33351,260.35876,0.05438,4238.00000,2494.00000,0.39014,246.19984
600.00000,0.05000,3.00000,3.00000,0.00000,0.05751,0.13575,243.33351,260.35876,0.05438,4238.00000,2715.00000,3.59370,246.19984
600.00000,0.05000,4.00000,3.00000,0.00000,0.05751,0.13575,243.33351,260.35876,0.05438,4238.00000,3300.00000,2.29773,246.19984
600.00000,0.05000,5.00000,4.00000,0.00000,0.05751,0.13575,243.33351,260.35876,0.05438,4238.00000,2485.00000,0.15681,246.19984
600.00000,0.05000,6.00000,3.00000,0.00000,0.05751,0.13575,243.33351,260.35876,0.05438,4238.00000,4288.00000,0.00000,246.19984
