"Omega","Tolerance","Step Size Rule","Iterations","Converged?","Gap LR","Gap Naive","Obj. Naive","Obj. LR","Gap","Time Naive","Time LR","Final Lambda","LB Heuristic"
600.00000,0.05000,1.00000,3.00000,0.00000,0.05173,0.19566,226.88191,258.93543,0.04918,4275.00000,2903.00000,8.23120,246.19984
600.00000,0.05000,2.00000,2.00000,0.00000,0.05751,0.19566,226.88191,260.35876,0.05438,4275.00000,2479.00000,0.38488,246.19984
600.00000,0.05000,3.00000,2.00000,0.00000,0.05751,0.19566,226.88191,260.35876,0.05438,4275.00000,2452.00000,3.73870,246.19984
600.00000,0.05000,4.00000,2.00000,0.00000,0.05173,0.19566,226.88191,258.93543,0.04918,4275.00000,2430.00000,2.36145,246.19984
600.00000,0.05000,5.00000,2.00000,0.00000,0.05173,0.19566,226.88191,258.93543,0.04918,4275.00000,2430.00000,0.20559,246.19984
600.00000,0.05000,6.00000,3.00000,0.00000,0.05751,0.19566,226.88191,260.35876,0.05438,4275.00000,4353.00000,0.00000,246.19984
