"Omega","Tolerance","Step Size Rule","Iterations","Converged?","Gap LR","Gap Naive","Obj. Naive","Obj. LR","Gap","Time Naive","Time LR","Final Lambda","LB Heuristic"
600.00000,0.05000,1.00000,3.00000,0.00000,0.05751,0.19566,226.88191,260.35876,0.05438,4290.00000,2809.00000,8.29120,246.19984
600.00000,0.05000,2.00000,3.00000,0.00000,0.05751,0.19566,226.88191,260.35876,0.05438,4290.00000,2584.00000,0.38751,246.19984
600.00000,0.05000,3.00000,3.00000,0.00000,0.05751,0.19566,226.88191,260.35876,0.05438,4290.00000,3159.00000,3.59370,246.19984
600.00000,0.05000,4.00000,3.00000,0.00000,0.05751,0.19566,226.88191,260.35876,0.05438,4290.00000,3802.00000,2.29773,246.19984
600.00000,0.05000,5.00000,3.00000,0.00000,0.05751,0.19566,226.88191,260.35876,0.05438,4290.00000,2522.00000,0.15418,246.19984
600.00000,0.05000,6.00000,3.00000,0.00000,0.05751,0.19566,226.88191,260.35876,0.05438,4290.00000,4356.00000,0.00000,246.19984
