"Omega","Tolerance","Step Size Rule","Iterations","Converged?","Gap LR","Gap Naive","Obj. Naive","Obj. LR","Gap","Time Naive","Time LR","Final Lambda"
100.00000,0.05000,1.00000,10.00000,0.00000,0.04226,0.00000,-281.29417,-291.95784,0.03791,81.00000,306.00000,3.49582
100.00000,0.05000,2.00000,10.00000,0.00000,0.02951,0.00000,-281.29417,-288.38547,0.02521,81.00000,308.00000,2.58792
100.00000,0.05000,3.00000,10.00000,0.00000,0.03752,0.00000,-281.29417,-290.63043,0.03319,81.00000,258.00000,3.29380
100.00000,0.05000,4.00000,10.00000,0.00000,0.03436,0.00000,-281.29417,-289.74475,0.03004,81.00000,204.00000,3.12029
100.00000,0.05000,5.00000,10.00000,0.00000,0.02960,0.00000,-281.29417,-288.41179,0.02530,81.00000,109.00000,2.61502
100.00000,0.05000,6.00000,10.00000,0.00000,0.03100,0.00000,-281.29417,-288.80328,0.02669,81.00000,74.00000,2.61427
