"Omega","Tolerance","Step Size Rule","Iterations","Converged?","Gap LR","Gap Naive","Obj. Naive","Obj. LR","Gap","Time Naive","Time LR","Final Lambda","LB Heuristic"
900.00000,0.01000,1.00000,2.00000,1.00000,0.04498,0.04166,249.89170,250.52967,0.00255,4230.00000,4205.00000,0.77416,239.74640
900.00000,0.01000,2.00000,2.00000,0.00000,0.04519,0.04166,249.89170,250.58022,0.00275,4230.00000,4207.00000,1.29916,239.74640
900.00000,0.01000,3.00000,2.00000,0.00000,0.04519,0.04166,249.89170,250.58022,0.00275,4230.00000,4207.00000,0.80566,239.74640
900.00000,0.01000,4.00000,2.00000,1.00000,0.04519,0.04166,249.89170,250.58022,0.00275,4230.00000,4206.00000,0.82416,239.74640
900.00000,0.01000,5.00000,10.00000,0.00000,0.04519,0.04166,249.89170,250.58022,0.00275,4230.00000,2436.00000,0.01299,239.74640
900.00000,0.01000,6.00000,3.00000,0.00000,0.04279,0.04166,249.89170,250.00476,0.00045,4230.00000,4253.00000,4.68038,239.74640
