"Omega","Tolerance","Step Size Rule","Iterations","Converged?","Gap LR","Gap Naive","Obj. Naive","Obj. LR","Gap","Time Naive","Time LR","Final Lambda","LB Heuristic"
900.00000,0.01000,1.00000,2.00000,0.00000,0.02580,0.09290,239.50371,245.93116,0.02515,4356.00000,4219.00000,0.57916,239.74640
900.00000,0.01000,2.00000,2.00000,0.00000,0.02461,0.09290,239.50371,245.64616,0.02402,4356.00000,4215.00000,0.51583,239.74640
900.00000,0.01000,3.00000,2.00000,0.00000,0.02833,0.09290,239.50371,246.53866,0.02755,4356.00000,4218.00000,0.72766,239.74640
900.00000,0.01000,4.00000,2.00000,0.00000,0.04226,0.09290,239.50371,249.87702,0.04054,4356.00000,4215.00000,0.81355,239.74640
900.00000,0.01000,5.00000,4.00000,0.00000,0.04519,0.09290,239.50371,250.58022,0.04323,4356.00000,2510.00000,0.00730,239.74640
900.00000,0.01000,6.00000,3.00000,0.00000,0.04279,0.09290,239.50371,250.00476,0.04103,4356.00000,4280.00000,4.68038,239.74640
