"Omega","Tolerance","Step Size Rule","Iterations","Converged?","Gap LR","Gap Naive","Obj. Naive","Obj. LR","Gap","Time Naive","Time LR","Final Lambda"
900.00000,0.01000,1.00000,2.00000,0.00000,0.02580,0.09505,-239.50371,-245.93116,0.02515,2938.00000,4466.00000,0.57916
900.00000,0.01000,2.00000,2.00000,0.00000,0.02461,0.09505,-239.50371,-245.64616,0.02402,2938.00000,4442.00000,0.51583
900.00000,0.01000,3.00000,2.00000,0.00000,0.02833,0.09505,-239.50371,-246.53866,0.02755,2938.00000,4471.00000,0.72766
900.00000,0.01000,4.00000,2.00000,0.00000,0.02212,0.09505,-239.50371,-245.04931,0.02164,2938.00000,4391.00000,0.85062
900.00000,0.01000,5.00000,2.00000,0.00000,0.03539,0.09505,-239.50371,-248.23205,0.03418,2938.00000,2434.00000,0.00337
900.00000,0.01000,6.00000,2.00000,0.00000,0.03539,0.09505,-239.50371,-248.23205,0.03418,2938.00000,2347.00000,0.57704
