"Omega","Tolerance","Step Size Rule","Iterations","Converged?","Gap LR","Gap Naive","Obj. Naive","Obj. LR","Gap","Time Naive","Time LR","Final Lambda"
900.00000,0.01000,1.00000,1.00000,0.00000,0.03834,0.05728,-248.39810,-248.93880,0.00218,2886.00000,2882.00000,0.80416
900.00000,0.01000,2.00000,1.00000,0.00000,0.03834,0.05728,-248.39810,-248.93880,0.00218,2886.00000,2887.00000,0.34916
900.00000,0.01000,3.00000,1.00000,0.00000,0.03834,0.05728,-248.39810,-248.93880,0.00218,2886.00000,2891.00000,0.82666
900.00000,0.01000,4.00000,1.00000,0.00000,0.03834,0.05728,-248.39810,-248.93880,0.00218,2886.00000,2895.00000,0.83416
900.00000,0.01000,5.00000,1.00000,0.00000,0.03834,0.05728,-248.39810,-248.93880,0.00218,2886.00000,2891.00000,0.00000
900.00000,0.01000,6.00000,1.00000,0.00000,0.03834,0.05728,-248.39810,-248.93880,0.00218,2886.00000,2862.00000,0.00000
