"Omega","Tolerance","Step Size Rule","Iterations","Converged?","Gap LR","Gap Naive","Obj. Naive","Obj. LR","Gap","Time Naive","Time LR","Final Lambda","LB Heuristic"
900.00000,0.03000,1.00000,3.00000,0.00000,0.04977,0.10993,246.82110,256.17610,0.03652,4262.00000,2441.00000,12.77788,244.03036
900.00000,0.03000,2.00000,2.00000,1.00000,0.00000,0.10993,246.82110,244.03036,-0.01144,4262.00000,4215.00000,0.27454,244.03036
900.00000,0.03000,3.00000,3.00000,0.00000,0.04977,0.10993,246.82110,256.17610,0.03652,4262.00000,2653.00000,5.32588,244.03036
900.00000,0.03000,4.00000,2.00000,0.00000,0.04977,0.10993,246.82110,256.17610,0.03652,4262.00000,4210.00000,3.35440,244.03036
900.00000,0.03000,5.00000,4.00000,0.00000,0.04977,0.10993,246.82110,256.17610,0.03652,4262.00000,2440.00000,0.03199,244.03036
900.00000,0.03000,6.00000,3.00000,0.00000,0.04977,0.10993,246.82110,256.17610,0.03652,4262.00000,4316.00000,0.00000,244.03036
