"Omega","Tolerance","Step Size Rule","Iterations","Converged?","Gap LR","Gap Naive","Obj. Naive","Obj. LR","Gap","Time Naive","Time LR","Final Lambda"
900.00000,0.03000,1.00000,1.00000,0.00000,0.04297,0.12341,-243.09539,-254.51734,0.04699,2896.00000,2904.00000,0.02788
900.00000,0.03000,2.00000,1.00000,0.00000,0.04297,0.12341,-243.09539,-254.51734,0.04699,2896.00000,2903.00000,0.28969
900.00000,0.03000,3.00000,1.00000,0.00000,0.04297,0.12341,-243.09539,-254.51734,0.04699,2896.00000,2907.00000,0.19288
900.00000,0.03000,4.00000,1.00000,0.00000,0.04297,0.12341,-243.09539,-254.51734,0.04699,2896.00000,2904.00000,0.24788
900.00000,0.03000,5.00000,1.00000,0.00000,0.04297,0.12341,-243.09539,-254.51734,0.04699,2896.00000,2905.00000,0.08515
900.00000,0.03000,6.00000,1.00000,0.00000,0.04297,0.12341,-243.09539,-254.51734,0.04699,2896.00000,2902.00000,0.00000
