"Omega","Tolerance","Step Size Rule","Iterations","Converged?","Gap LR","Gap Naive","Obj. Naive","Obj. LR","Gap","Time Naive","Time LR","Final Lambda"
900.00000,0.03000,1.00000,2.00000,0.00000,0.03429,0.12719,-242.73486,-252.39751,0.03315,2952.00000,2800.00000,13.09500
900.00000,0.03000,2.00000,1.00000,0.00000,0.03429,0.12719,-242.73486,-252.39751,0.03315,2952.00000,2270.00000,0.30232
900.00000,0.03000,3.00000,1.00000,0.00000,0.03429,0.12719,-242.73486,-252.39751,0.03315,2952.00000,2268.00000,0.15538
900.00000,0.03000,4.00000,1.00000,0.00000,0.03429,0.12719,-242.73486,-252.39751,0.03315,2952.00000,2278.00000,0.22288
900.00000,0.03000,5.00000,1.00000,0.00000,0.03429,0.12719,-242.73486,-252.39751,0.03315,2952.00000,2277.00000,0.13565
900.00000,0.03000,6.00000,1.00000,0.00000,0.03429,0.12719,-242.73486,-252.39751,0.03315,2952.00000,2255.00000,0.00000
