"Omega","Tolerance","Step Size Rule","Iterations","Converged?","Gap LR","Gap Naive","Obj. Naive","Obj. LR","Gap","Time Naive","Time LR","Final Lambda"
900.00000,0.03000,1.00000,1.00000,1.00000,0.00000,0.12502,-242.73486,-244.03036,243.03036,4353.00000,2111.00000,0.35788
900.00000,0.03000,2.00000,1.00000,1.00000,0.00000,0.12502,-242.73486,-244.03036,243.03036,4353.00000,2111.00000,0.35788
900.00000,0.03000,3.00000,1.00000,1.00000,0.00000,0.12502,-242.73486,-244.03036,243.03036,4353.00000,2113.00000,0.35788
900.00000,0.03000,4.00000,1.00000,1.00000,0.00000,0.12502,-242.73486,-244.03036,243.03036,4353.00000,2111.00000,0.35788
900.00000,0.03000,5.00000,1.00000,1.00000,0.00000,0.12502,-242.73486,-244.03036,243.03036,4353.00000,2113.00000,0.35788
900.00000,0.03000,6.00000,1.00000,1.00000,0.00000,0.12502,-242.73486,-244.03036,243.03036,4353.00000,2111.00000,0.35788
