"Omega","Tolerance","Step Size Rule","Iterations","Converged?","Gap LR","Gap Naive","Obj. Naive","Obj. LR","Gap","Time Naive","Time LR","Final Lambda","LB Heuristic"
600.00000,0.05000,1.00000,3.00000,0.00000,0.06114,0.14672,242.41201,262.87149,0.05762,4291.00000,2660.00000,8.33143,247.72581
600.00000,0.05000,2.00000,3.00000,0.00000,0.06114,0.14672,242.41201,262.87149,0.05762,4291.00000,2526.00000,0.36169,247.72581
600.00000,0.05000,3.00000,3.00000,0.00000,0.06114,0.14672,242.41201,262.87149,0.05762,4291.00000,2938.00000,3.61393,247.72581
600.00000,0.05000,4.00000,3.00000,0.00000,0.06114,0.14672,242.41201,262.87149,0.05762,4291.00000,3445.00000,2.31296,247.72581
600.00000,0.05000,5.00000,5.00000,0.00000,0.06114,0.14672,242.41201,262.87149,0.05762,4291.00000,2493.00000,0.06993,247.72581
600.00000,0.05000,6.00000,3.00000,0.00000,0.06114,0.14672,242.41201,262.87149,0.05762,4291.00000,4290.00000,0.00000,247.72581
