"Omega","Tolerance","Step Size Rule","Iterations","Converged?","Gap LR","Gap Naive","Obj. Naive","Obj. LR","Gap","Time Naive","Time LR","Final Lambda","LB Heuristic"
600.00000,0.05000,1.00000,4.00000,0.00000,0.06114,0.08902,258.45634,262.87149,0.01680,4232.00000,2554.00000,7.88143,247.72581
600.00000,0.05000,2.00000,4.00000,0.00000,0.06114,0.08902,258.45634,262.87149,0.01680,4232.00000,2423.00000,0.36432,247.72581
600.00000,0.05000,3.00000,3.00000,0.00000,0.06114,0.08902,258.45634,262.87149,0.01680,4232.00000,2637.00000,3.61393,247.72581
600.00000,0.05000,4.00000,3.00000,0.00000,0.06114,0.08902,258.45634,262.87149,0.01680,4232.00000,2820.00000,2.31296,247.72581
600.00000,0.05000,5.00000,6.00000,0.00000,0.06114,0.08902,258.45634,262.87149,0.01680,4232.00000,2427.00000,0.07169,247.72581
600.00000,0.05000,6.00000,3.00000,0.00000,0.06114,0.08902,258.45634,262.87149,0.01680,4232.00000,3963.00000,0.00000,247.72581
