"Omega","Tolerance","Step Size Rule","Iterations","Converged?","Gap LR","Gap Naive","Obj. Naive","Obj. LR","Gap","Time Naive","Time LR","Final Lambda","LB Heuristic"
600.00000,0.05000,1.00000,3.00000,0.00000,0.06114,0.14621,242.41201,262.87149,0.05762,4249.00000,2574.00000,8.33143,247.72581
600.00000,0.05000,2.00000,3.00000,0.00000,0.06114,0.14621,242.41201,262.87149,0.05762,4249.00000,2449.00000,0.36169,247.72581
600.00000,0.05000,3.00000,3.00000,0.00000,0.06114,0.14621,242.41201,262.87149,0.05762,4249.00000,2897.00000,3.61393,247.72581
600.00000,0.05000,4.00000,3.00000,0.00000,0.06114,0.14621,242.41201,262.87149,0.05762,4249.00000,3418.00000,2.31296,247.72581
600.00000,0.05000,5.00000,4.00000,0.00000,0.06114,0.14621,242.41201,262.87149,0.05762,4249.00000,2467.00000,0.06783,247.72581
600.00000,0.05000,6.00000,3.00000,0.00000,0.06114,0.14621,242.41201,262.87149,0.05762,4249.00000,4309.00000,0.00000,247.72581
