"Omega","Tolerance","Step Size Rule","Iterations","Converged?","Gap LR","Gap Naive","Obj. Naive","Obj. LR","Gap","Time Naive","Time LR","Final Lambda"
600.00000,0.05000,1.00000,2.00000,0.00000,0.05485,0.14672,-242.41201,-261.31244,260.36443,4292.00000,2428.00000,8.84143
600.00000,0.05000,2.00000,3.00000,0.00000,0.05485,0.14672,-242.41201,-261.31244,260.36443,4292.00000,2590.00000,0.32532
600.00000,0.05000,3.00000,3.00000,0.00000,0.05485,0.14672,-242.41201,-261.31244,260.36443,4292.00000,3470.00000,3.64393
600.00000,0.05000,4.00000,3.00000,0.00000,0.05485,0.14672,-242.41201,-261.31244,260.36443,4292.00000,3804.00000,2.33296
600.00000,0.05000,5.00000,4.00000,0.00000,0.06114,0.14672,-242.41201,-262.87149,261.92911,4292.00000,2532.00000,0.06783
600.00000,0.05000,6.00000,3.00000,0.00000,0.06114,0.14672,-242.41201,-262.87149,261.92911,4292.00000,4329.00000,0.00000
