"Omega","Tolerance","Step Size Rule","Iterations","Converged?","Gap LR","Gap Naive","Obj. Naive","Obj. LR","Gap","Time Naive","Time LR","Final Lambda"
600.00000,0.05000,1.00000,2.00000,0.00000,0.05120,0.14683,-242.41201,-260.40869,0.04870,2878.00000,2422.00000,8.66143
600.00000,0.05000,2.00000,2.00000,0.00000,0.05120,0.14683,-242.41201,-260.40869,0.04870,2878.00000,2492.00000,0.39384
600.00000,0.05000,3.00000,2.00000,0.00000,0.05120,0.14683,-242.41201,-260.40869,0.04870,2878.00000,2494.00000,3.70393
600.00000,0.05000,4.00000,2.00000,0.00000,0.05402,0.14683,-242.41201,-261.10770,0.05125,2878.00000,2492.00000,2.37668
600.00000,0.05000,5.00000,2.00000,0.00000,0.05120,0.14683,-242.41201,-260.40869,0.04870,2878.00000,2532.00000,0.20082
600.00000,0.05000,6.00000,2.00000,0.00000,0.05965,0.14683,-242.41201,-262.50275,0.05629,2878.00000,2392.00000,0.99758
