"Omega","Tolerance","Step Size Rule","Iterations","Converged?","Gap LR","Gap Naive","Obj. Naive","Obj. LR","Gap","Time Naive","Time LR","Final Lambda"
600.00000,0.05000,1.00000,1.00000,0.00000,0.06114,0.14672,-242.41201,-262.87149,0.08440,2856.00000,2865.00000,0.23143
600.00000,0.05000,2.00000,1.00000,0.00000,0.06114,0.14672,-242.41201,-262.87149,0.08440,2856.00000,2853.00000,0.35643
600.00000,0.05000,3.00000,1.00000,0.00000,0.06114,0.14672,-242.41201,-262.87149,0.08440,2856.00000,2858.00000,0.34393
600.00000,0.05000,4.00000,1.00000,0.00000,0.06114,0.14672,-242.41201,-262.87149,0.08440,2856.00000,2856.00000,0.38143
600.00000,0.05000,5.00000,1.00000,0.00000,0.06114,0.14672,-242.41201,-262.87149,0.08440,2856.00000,2857.00000,0.05643
600.00000,0.05000,6.00000,1.00000,0.00000,0.06114,0.14672,-242.41201,-262.87149,0.08440,2856.00000,2833.00000,0.00000
