"Omega","Tolerance","Step Size Rule","Iterations","Converged?","Gap LR","Gap Naive","Obj. Naive","Obj. LR","Gap","Time Naive","Time LR","Final Lambda","LB Heuristic"
600.00000,0.05000,1.00000,2.00000,0.00000,0.05485,0.14672,242.41201,261.31244,0.05199,4290.00000,2421.00000,8.84143,247.72581
600.00000,0.05000,2.00000,3.00000,0.00000,0.06114,0.14672,242.41201,262.87149,0.05762,4290.00000,2594.00000,0.36169,247.72581
600.00000,0.05000,3.00000,2.00000,0.00000,0.06114,0.14672,242.41201,262.87149,0.05762,4290.00000,2412.00000,3.76393,247.72581
600.00000,0.05000,4.00000,3.00000,0.00000,0.06114,0.14672,242.41201,262.87149,0.05762,4290.00000,3777.00000,2.31296,247.72581
600.00000,0.05000,5.00000,4.00000,0.00000,0.05485,0.14672,242.41201,261.31244,0.05199,4290.00000,2418.00000,0.01140,247.72581
600.00000,0.05000,6.00000,3.00000,0.00000,0.06114,0.14672,242.41201,262.87149,0.05762,4290.00000,4320.00000,0.04621,247.72581
