"Omega","Tolerance","Step Size Rule","Iterations","Converged?","Gap LR","Gap Naive","Obj. Naive","Obj. LR","Gap","Time Naive","Time LR","Final Lambda"
100.00000,0.05000,1.00000,10.00000,0.00000,0.06940,0.00000,-279.61933,-296.17693,0.05921,8.00000,2.00000,27.79514
100.00000,0.05000,2.00000,10.00000,0.00000,0.05316,0.00000,-279.61933,-291.67693,0.04312,8.00000,27.00000,2.84777
100.00000,0.05000,3.00000,10.00000,0.00000,0.06940,0.00000,-279.61933,-296.17693,0.05921,8.00000,3.00000,22.74545
100.00000,0.05000,4.00000,10.00000,0.00000,0.06940,0.00000,-279.61933,-296.17693,0.05921,8.00000,2.00000,40.24264
100.00000,0.05000,5.00000,10.00000,0.00000,0.05919,0.00000,-279.61933,-293.34796,0.04910,8.00000,25.00000,2.82597
100.00000,0.05000,6.00000,10.00000,0.00000,0.03974,0.00000,-279.61933,-287.96041,0.02983,8.00000,12.00000,1.89696
