"Omega","Tolerance","Step Size Rule","Iterations","Converged?","Gap LR","Gap Naive","Obj. Naive","Obj. LR","Gap","Time Naive","Time LR","Final Lambda","LB Heuristic"
900.00000,0.07000,1.00000,1.00000,1.00000,0.00000,0.22225,226.78829,252.16697,0.00000,4327.00000,2110.00000,0.30406,252.16697
900.00000,0.07000,2.00000,1.00000,1.00000,0.00000,0.22225,226.78829,252.16697,0.00000,4327.00000,2111.00000,0.30406,252.16697
900.00000,0.07000,3.00000,1.00000,1.00000,0.00000,0.22225,226.78829,252.16697,0.00000,4327.00000,2111.00000,0.30406,252.16697
900.00000,0.07000,4.00000,1.00000,1.00000,0.00000,0.22225,226.78829,252.16697,0.00000,4327.00000,2110.00000,0.30406,252.16697
900.00000,0.07000,5.00000,1.00000,1.00000,0.00000,0.22225,226.78829,252.16697,0.00000,4327.00000,2111.00000,0.30406,252.16697
900.00000,0.07000,6.00000,1.00000,1.00000,0.00000,0.22225,226.78829,252.16697,0.00000,4327.00000,2112.00000,0.30406,252.16697
