"Omega","Tolerance","Step Size Rule","Iterations","Converged?","Gap LR","Gap Naive","Obj. Naive","Obj. LR","Gap","Time Naive","Time LR","Final Lambda","LB Heuristic"
900.00000,0.07000,1.00000,3.00000,0.00000,0.05940,0.22225,226.78829,267.14676,0.05607,4346.00000,3061.00000,11.62500,252.16697
900.00000,0.07000,2.00000,1.00000,1.00000,0.00000,0.22225,226.78829,252.16697,0.00000,4346.00000,2107.00000,0.30406,252.16697
900.00000,0.07000,3.00000,2.00000,0.00000,0.05940,0.22225,226.78829,267.14676,0.05607,4346.00000,2408.00000,5.04106,252.16697
900.00000,0.07000,4.00000,2.00000,0.00000,0.05940,0.22225,226.78829,267.14676,0.05607,4346.00000,2531.00000,3.07330,252.16697
900.00000,0.07000,5.00000,1.00000,1.00000,0.00000,0.22225,226.78829,252.16697,0.00000,4346.00000,2109.00000,0.30406,252.16697
900.00000,0.07000,6.00000,2.00000,0.00000,0.05940,0.22225,226.78829,267.14676,0.05607,4346.00000,2403.00000,0.68542,252.16697
