"Omega","Tolerance","Step Size Rule","Iterations","Converged?","Gap LR","Gap Naive","Obj. Naive","Obj. LR","Gap","Time Naive","Time LR","Final Lambda"
900.00000,0.07000,1.00000,1.00000,0.00000,0.04037,0.22195,-226.78829,-262.34756,0.15680,2883.00000,2897.00000,0.00000
900.00000,0.07000,2.00000,1.00000,0.00000,0.04037,0.22195,-226.78829,-262.34756,0.15680,2883.00000,2900.00000,0.27819
900.00000,0.07000,3.00000,1.00000,0.00000,0.04037,0.22195,-226.78829,-262.34756,0.15680,2883.00000,2895.00000,0.00000
900.00000,0.07000,4.00000,1.00000,0.00000,0.04037,0.22195,-226.78829,-262.34756,0.15680,2883.00000,2900.00000,0.01406
900.00000,0.07000,5.00000,1.00000,0.00000,0.04037,0.22195,-226.78829,-262.34756,0.15680,2883.00000,2902.00000,0.20061
900.00000,0.07000,6.00000,1.00000,0.00000,0.04037,0.22195,-226.78829,-262.34756,0.15680,2883.00000,2858.00000,0.00000
