"Omega","Tolerance","Step Size Rule","Iterations","Converged?","Gap LR","Gap Naive","Obj. Naive","Obj. LR","Gap","Time Naive","Time LR","Final Lambda"
900.00000,0.07000,1.00000,2.00000,0.00000,0.02653,0.22307,-226.78829,-245.47816,-0.02725,2952.00000,2592.00000,12.55500
900.00000,0.07000,2.00000,1.00000,0.00000,0.02653,0.22307,-226.78829,-245.47816,-0.02725,2952.00000,2253.00000,0.28025
900.00000,0.07000,3.00000,1.00000,0.00000,0.02653,0.22307,-226.78829,-245.47816,-0.02725,2952.00000,2257.00000,0.00000
900.00000,0.07000,4.00000,1.00000,0.00000,0.02653,0.22307,-226.78829,-245.47816,-0.02725,2952.00000,2288.00000,0.00000
900.00000,0.07000,5.00000,1.00000,0.00000,0.02653,0.22307,-226.78829,-245.47816,-0.02725,2952.00000,2270.00000,0.20882
900.00000,0.07000,6.00000,1.00000,0.00000,0.02653,0.22307,-226.78829,-245.47816,-0.02725,2952.00000,2260.00000,0.51640
