"Omega","Tolerance","Step Size Rule","Iterations","Converged?","Gap LR","Gap Naive","Obj. Naive","Obj. LR","Gap","Time Naive","Time LR","Final Lambda","LB Heuristic"
900.00000,0.07000,1.00000,3.00000,0.00000,0.05940,0.22144,226.78829,267.14676,0.05607,4231.00000,2452.00000,11.62500,252.16697
900.00000,0.07000,2.00000,3.00000,0.00000,0.05940,0.22144,226.78829,267.14676,0.05607,4231.00000,2485.00000,0.26817,252.16697
900.00000,0.07000,3.00000,3.00000,0.00000,0.05940,0.22144,226.78829,267.14676,0.05607,4231.00000,2613.00000,4.73106,252.16697
900.00000,0.07000,4.00000,3.00000,0.00000,0.05940,0.22144,226.78829,267.14676,0.05607,4231.00000,2781.00000,2.89432,252.16697
900.00000,0.07000,5.00000,3.00000,0.00000,0.05940,0.22144,226.78829,267.14676,0.05607,4231.00000,2512.00000,0.15214,252.16697
900.00000,0.07000,6.00000,3.00000,0.00000,0.05940,0.22144,226.78829,267.14676,0.05607,4231.00000,4297.00000,0.00981,252.16697
