"Omega","Tolerance","Step Size Rule","Iterations","Converged?","Gap LR","Gap Naive","Obj. Naive","Obj. LR","Gap","Time Naive","Time LR","Final Lambda","LB Heuristic"
600.00000,0.01000,1.00000,2.00000,0.00000,0.03986,0.00099,247.92750,248.92641,0.00401,3244.00000,4211.00000,1.41602,239.38435
600.00000,0.01000,2.00000,2.00000,0.00000,0.03764,0.00099,247.92750,248.39372,0.00188,3244.00000,4209.00000,1.22602,239.38435
600.00000,0.01000,3.00000,2.00000,0.00000,0.03992,0.00099,247.92750,248.94141,0.00407,3244.00000,4210.00000,1.44152,239.38435
600.00000,0.01000,4.00000,2.00000,0.00000,0.03998,0.00099,247.92750,248.95447,0.00413,3244.00000,4210.00000,1.45395,239.38435
600.00000,0.01000,5.00000,4.00000,0.00000,0.03483,0.00099,247.92750,247.72284,-0.00083,3244.00000,2448.00000,0.01094,239.38435
600.00000,0.01000,6.00000,3.00000,0.00000,0.04011,0.00099,247.92750,248.98641,0.00425,3244.00000,3945.00000,2.80187,239.38435
