"Omega","Tolerance","Step Size Rule","Iterations","Converged?","Gap LR","Gap Naive","Obj. Naive","Obj. LR","Gap","Time Naive","Time LR","Final Lambda","LB Heuristic"
600.00000,0.01000,1.00000,2.00000,0.00000,0.03986,0.00000,247.92750,248.92641,0.00401,1770.00000,3637.00000,1.41602,239.38435
600.00000,0.01000,2.00000,2.00000,0.00000,0.03586,0.00000,247.92750,247.96977,0.00017,1770.00000,3777.00000,1.10102,239.38435
600.00000,0.01000,3.00000,2.00000,0.00000,0.03999,0.00000,247.92750,248.95641,0.00413,1770.00000,3152.00000,1.44902,239.38435
600.00000,0.01000,4.00000,2.00000,0.00000,0.04003,0.00000,247.92750,248.96641,0.00417,1770.00000,2985.00000,1.45895,239.38435
600.00000,0.01000,5.00000,10.00000,0.00000,0.04011,0.00000,247.92750,248.98641,0.00425,1770.00000,2220.00000,0.01948,239.38435
600.00000,0.01000,6.00000,3.00000,0.00000,0.04011,0.00000,247.92750,248.98641,0.00425,1770.00000,3687.00000,2.80187,239.38435
