"Omega","Tolerance","Step Size Rule","Iterations","Converged?","Gap LR","Gap Naive","Obj. Naive","Obj. LR","Gap","Time Naive","Time LR","Final Lambda","LB Heuristic"
600.00000,0.01000,1.00000,3.00000,0.00000,0.03961,0.00000,247.92750,248.86641,0.00377,1195.00000,3354.00000,1.38602,239.38435
600.00000,0.01000,2.00000,2.00000,0.00000,0.03871,0.00000,247.92750,248.65203,0.00291,1195.00000,3010.00000,1.22602,239.38435
600.00000,0.01000,3.00000,3.00000,0.00000,0.03989,0.00000,247.92750,248.93241,0.00404,1195.00000,3003.00000,1.43902,239.38435
600.00000,0.01000,4.00000,3.00000,0.00000,0.03997,0.00000,247.92750,248.95226,0.00412,1195.00000,2770.00000,1.45318,239.38435
600.00000,0.01000,5.00000,10.00000,0.00000,0.04011,0.00000,247.92750,248.98641,0.00425,1195.00000,1181.00000,0.01948,239.38435
600.00000,0.01000,6.00000,3.00000,0.00000,0.04011,0.00000,247.92750,248.98641,0.00425,1195.00000,3081.00000,2.80187,239.38435
