"Omega","Tolerance","Step Size Rule","Iterations","Converged?","Gap LR","Gap Naive","Obj. Naive","Obj. LR","Gap","Time Naive","Time LR","Final Lambda","LB Heuristic"
600.00000,0.01000,1.00000,2.00000,0.00000,0.03792,0.00099,247.92750,248.81947,0.00358,1993.00000,4207.00000,1.38602,239.38435
600.00000,0.01000,2.00000,2.00000,0.00000,0.03462,0.00099,247.92750,247.96977,0.00017,1993.00000,3740.00000,1.10102,239.38435
600.00000,0.01000,3.00000,2.00000,0.00000,0.03845,0.00099,247.92750,248.95641,0.00413,1993.00000,3669.00000,1.44902,239.38435
600.00000,0.01000,4.00000,2.00000,0.00000,0.03849,0.00099,247.92750,248.96641,0.00417,1993.00000,3555.00000,1.45895,239.38435
600.00000,0.01000,5.00000,10.00000,0.00000,0.03856,0.00099,247.92750,248.98641,0.00425,1993.00000,2409.00000,0.01948,239.38435
600.00000,0.01000,6.00000,3.00000,0.00000,0.03856,0.00099,247.92750,248.98641,0.00425,1993.00000,3591.00000,2.80187,239.38435
