"Omega","Tolerance","Step Size Rule","Iterations","Converged?","Gap LR","Gap Naive","Obj. Naive","Obj. LR","Gap","Time Naive","Time LR","Final Lambda"
600.00000,0.01000,1.00000,1.00000,1.00000,0.03569,0.05452,-247.92750,-247.92750,0.00000,2875.00000,2169.00000,1.47602
600.00000,0.01000,2.00000,1.00000,1.00000,0.03569,0.05452,-247.92750,-247.92750,0.00000,2875.00000,2165.00000,1.47602
600.00000,0.01000,3.00000,1.00000,1.00000,0.03569,0.05452,-247.92750,-247.92750,0.00000,2875.00000,2165.00000,1.47602
600.00000,0.01000,4.00000,1.00000,1.00000,0.03569,0.05452,-247.92750,-247.92750,0.00000,2875.00000,2169.00000,1.47602
600.00000,0.01000,5.00000,1.00000,1.00000,0.03569,0.05452,-247.92750,-247.92750,0.00000,2875.00000,2170.00000,1.47602
600.00000,0.01000,6.00000,1.00000,1.00000,0.03569,0.05452,-247.92750,-247.92750,0.00000,2875.00000,2171.00000,1.47602
