"Omega","Tolerance","Step Size Rule","Iterations","Converged?","Gap LR","Gap Naive","Obj. Naive","Obj. LR","Gap","Time Naive","Time LR","Final Lambda"
600.00000,0.01000,1.00000,3.00000,0.00000,0.03961,0.00000,-247.92750,-248.86641,0.00377,1329.00000,3399.00000,1.38602
600.00000,0.01000,2.00000,2.00000,0.00000,0.03997,0.00000,-247.92750,-248.95292,0.00412,1329.00000,3156.00000,1.02602
600.00000,0.01000,3.00000,3.00000,0.00000,0.03989,0.00000,-247.92750,-248.93241,0.00404,1329.00000,2898.00000,1.43902
600.00000,0.01000,4.00000,3.00000,0.00000,0.03997,0.00000,-247.92750,-248.95226,0.00412,1329.00000,2712.00000,1.45318
600.00000,0.01000,5.00000,10.00000,0.00000,0.04011,0.00000,-247.92750,-248.98641,0.00425,1329.00000,1216.00000,0.01948
600.00000,0.01000,6.00000,3.00000,0.00000,0.04011,0.00000,-247.92750,-248.98641,0.00425,1329.00000,3002.00000,2.80187
