"Omega","Tolerance","Step Size Rule","Iterations","Converged?","Gap LR","Gap Naive","Obj. Naive","Obj. LR","Gap","Time Naive","Time LR","Final Lambda","LB Heuristic"
600.00000,0.01000,1.00000,2.00000,0.00000,0.03343,0.02459,247.92750,247.38668,-0.00219,4273.00000,4216.00000,1.38602,239.38435
600.00000,0.01000,2.00000,2.00000,0.00000,0.03450,0.02459,247.92750,247.64372,-0.00115,4273.00000,4215.00000,1.35102,239.38435
600.00000,0.01000,3.00000,2.00000,0.00000,0.03483,0.02459,247.92750,247.72284,-0.00083,4273.00000,4216.00000,1.41602,239.38435
600.00000,0.01000,4.00000,2.00000,0.00000,0.03998,0.02459,247.92750,248.95447,0.00413,4273.00000,4212.00000,1.45395,239.38435
600.00000,0.01000,5.00000,4.00000,0.00000,0.03483,0.02459,247.92750,247.72284,-0.00083,4273.00000,2488.00000,0.01094,239.38435
600.00000,0.01000,6.00000,3.00000,0.00000,0.04011,0.02459,247.92750,248.98641,0.00425,4273.00000,4196.00000,2.80187,239.38435
