"Omega","Tolerance","Step Size Rule","Iterations","Converged?","Gap LR","Gap Naive","Obj. Naive","Obj. LR","Gap","Time Naive","Time LR","Final Lambda"
600.00000,0.01000,1.00000,2.00000,0.00000,0.03960,0.01384,-247.92750,-248.86447,0.00378,2840.00000,4916.00000,1.40102
600.00000,0.01000,2.00000,1.00000,0.00000,0.04011,0.01384,-247.92750,-248.98641,0.00427,2840.00000,2260.00000,0.72602
600.00000,0.01000,3.00000,1.00000,0.00000,0.04011,0.01384,-247.92750,-248.98641,0.00427,2840.00000,2472.00000,1.46102
600.00000,0.01000,4.00000,1.00000,0.00000,0.04011,0.01384,-247.92750,-248.98641,0.00427,2840.00000,2442.00000,1.46602
600.00000,0.01000,5.00000,1.00000,0.00000,0.04011,0.01384,-247.92750,-248.98641,0.00427,2840.00000,2449.00000,0.00000
600.00000,0.01000,6.00000,1.00000,0.00000,0.04011,0.01384,-247.92750,-248.98641,0.00427,2840.00000,2305.00000,0.00000
