"Omega","Tolerance","Step Size Rule","Iterations","Converged?","Gap LR","Gap Naive","Obj. Naive","Obj. LR","Gap","Time Naive","Time LR","Final Lambda","LB Heuristic"
100.00000,0.01000,1.00000,1.00000,1.00000,0.00000,0.00000,272.33364,272.33364,0.00000,1.00000,4.00000,5.51565,272.33364
100.00000,0.01000,2.00000,1.00000,1.00000,0.00000,0.00000,272.33364,272.33364,0.00000,1.00000,3.00000,5.51565,272.33364
100.00000,0.01000,3.00000,1.00000,1.00000,0.00000,0.00000,272.33364,272.33364,0.00000,1.00000,2.00000,5.51565,272.33364
100.00000,0.01000,4.00000,1.00000,1.00000,0.00000,0.00000,272.33364,272.33364,0.00000,1.00000,1.00000,5.51565,272.33364
100.00000,0.01000,5.00000,1.00000,1.00000,0.00000,0.00000,272.33364,272.33364,0.00000,1.00000,1.00000,5.51565,272.33364
100.00000,0.01000,6.00000,1.00000,1.00000,0.00000,0.00000,272.33364,272.33364,0.00000,1.00000,1.00000,5.51565,272.33364
