"Omega","Tolerance","Step Size Rule","Iterations","Converged?","Gap LR","Gap Naive","Obj. Naive","Obj. LR","Gap","Time Naive","Time LR","Final Lambda","LB Heuristic"
600.00000,0.07000,1.00000,3.00000,0.00000,0.06528,0.16597,242.26965,264.93966,0.06128,4248.00000,2463.00000,7.74000,248.70407
600.00000,0.07000,2.00000,3.00000,0.00000,0.06528,0.16597,242.26965,264.93966,0.06128,4248.00000,2885.00000,0.41779,248.70407
600.00000,0.07000,3.00000,3.00000,0.00000,0.06528,0.16597,242.26965,264.93966,0.06128,4248.00000,3041.00000,3.36229,248.70407
600.00000,0.07000,4.00000,3.00000,0.00000,0.06528,0.16597,242.26965,264.93966,0.06128,4248.00000,3406.00000,2.15376,248.70407
600.00000,0.07000,5.00000,3.00000,0.00000,0.06528,0.16597,242.26965,264.93966,0.06128,4248.00000,2457.00000,0.28075,248.70407
600.00000,0.07000,6.00000,3.00000,0.00000,0.06528,0.16597,242.26965,264.93966,0.06128,4248.00000,4335.00000,0.03618,248.70407
