"Omega","Tolerance","Step Size Rule","Iterations","Converged?","Gap LR","Gap Naive","Obj. Naive","Obj. LR","Gap","Time Naive","Time LR","Final Lambda"
600.00000,0.07000,1.00000,1.00000,0.00000,0.06106,0.16597,-242.26965,-263.88986,0.08924,2849.00000,2847.00000,0.00000
600.00000,0.07000,2.00000,1.00000,0.00000,0.06106,0.16597,-242.26965,-263.88986,0.08924,2849.00000,2842.00000,0.41875
600.00000,0.07000,3.00000,1.00000,0.00000,0.06106,0.16597,-242.26965,-263.88986,0.08924,2849.00000,2849.00000,0.18179
600.00000,0.07000,4.00000,1.00000,0.00000,0.06106,0.16597,-242.26965,-263.88986,0.08924,2849.00000,2850.00000,0.27429
600.00000,0.07000,5.00000,1.00000,0.00000,0.06106,0.16597,-242.26965,-263.88986,0.08924,2849.00000,2850.00000,0.29713
600.00000,0.07000,6.00000,1.00000,0.00000,0.06106,0.16597,-242.26965,-263.88986,0.08924,2849.00000,2845.00000,0.00000
