"Omega","Tolerance","Step Size Rule","Iterations","Converged?","Gap LR","Gap Naive","Obj. Naive","Obj. LR","Gap","Time Naive","Time LR","Final Lambda","LB Heuristic"
600.00000,0.07000,1.00000,4.00000,0.00000,0.07707,0.12809,252.49398,267.87128,0.05741,4228.00000,2440.00000,7.11000,248.70407
600.00000,0.07000,2.00000,3.00000,0.00000,0.07707,0.12809,252.49398,267.87128,0.05741,4228.00000,2536.00000,0.41779,248.70407
600.00000,0.07000,3.00000,3.00000,0.00000,0.06703,0.12809,252.49398,265.37539,0.04854,4228.00000,2728.00000,3.35479,248.70407
600.00000,0.07000,4.00000,3.00000,0.00000,0.06703,0.12809,252.49398,265.37539,0.04854,4228.00000,3089.00000,2.14876,248.70407
600.00000,0.07000,5.00000,4.00000,0.00000,0.07707,0.12809,252.49398,267.87128,0.05741,4228.00000,2512.00000,0.28344,248.70407
600.00000,0.07000,6.00000,3.00000,0.00000,0.06703,0.12809,252.49398,265.37539,0.04854,4228.00000,4285.00000,0.03618,248.70407
