"Omega","Tolerance","Step Size Rule","Iterations","Converged?","Gap LR","Gap Naive","Obj. Naive","Obj. LR","Gap","Time Naive","Time LR","Final Lambda"
600.00000,0.07000,1.00000,2.00000,0.00000,0.06106,0.16597,-242.26965,-263.88986,0.05755,2871.00000,2357.00000,8.37000
600.00000,0.07000,2.00000,2.00000,0.00000,0.06106,0.16597,-242.26965,-263.88986,0.05755,2871.00000,2473.00000,0.42144
600.00000,0.07000,3.00000,2.00000,0.00000,0.06106,0.16597,-242.26965,-263.88986,0.05755,2871.00000,2395.00000,3.52979
600.00000,0.07000,4.00000,2.00000,0.00000,0.06106,0.16597,-242.26965,-263.88986,0.05755,2871.00000,2488.00000,2.24712
600.00000,0.07000,5.00000,2.00000,0.00000,0.06106,0.16597,-242.26965,-263.88986,0.05755,2871.00000,2549.00000,0.30251
600.00000,0.07000,6.00000,2.00000,0.00000,0.06106,0.16597,-242.26965,-263.88986,0.05755,2871.00000,2376.00000,1.04179
