"Omega","Tolerance","Step Size Rule","Iterations","Converged?","Gap LR","Gap Naive","Obj. Naive","Obj. LR","Gap","Time Naive","Time LR","Final Lambda","LB Heuristic"
600.00000,0.07000,1.00000,3.00000,0.00000,0.06106,0.16597,242.26965,263.88986,0.05755,4301.00000,2733.00000,7.74000,248.70407
600.00000,0.07000,2.00000,2.00000,0.00000,0.06106,0.16597,242.26965,263.88986,0.05755,4301.00000,2473.00000,0.42144,248.70407
600.00000,0.07000,3.00000,3.00000,0.00000,0.06106,0.16597,242.26965,263.88986,0.05755,4301.00000,3694.00000,3.32479,248.70407
600.00000,0.07000,4.00000,2.00000,0.00000,0.06106,0.16597,242.26965,263.88986,0.05755,4301.00000,2440.00000,2.24712,248.70407
600.00000,0.07000,5.00000,3.00000,0.00000,0.06106,0.16597,242.26965,263.88986,0.05755,4301.00000,2510.00000,0.30609,248.70407
600.00000,0.07000,6.00000,3.00000,0.00000,0.06528,0.16597,242.26965,264.93966,0.06128,4301.00000,4304.00000,0.00568,248.70407
