"Omega","Tolerance","Step Size Rule","Iterations","Converged?","Gap LR","Gap Naive","Obj. Naive","Obj. LR","Gap","Time Naive","Time LR","Final Lambda","LB Heuristic"
600.00000,0.07000,1.00000,5.00000,0.00000,0.07802,0.11840,255.07814,268.10809,0.04860,4219.00000,2429.00000,6.48000,248.70407
600.00000,0.07000,2.00000,4.00000,0.00000,0.07802,0.11840,255.07814,268.10809,0.04860,4219.00000,2465.00000,0.42682,248.70407
600.00000,0.07000,3.00000,3.00000,0.00000,0.07802,0.11840,255.07814,268.10809,0.04860,4219.00000,2594.00000,3.32479,248.70407
600.00000,0.07000,4.00000,3.00000,0.00000,0.07802,0.11840,255.07814,268.10809,0.04860,4219.00000,2996.00000,2.12876,248.70407
600.00000,0.07000,5.00000,3.00000,0.00000,0.07802,0.11840,255.07814,268.10809,0.04860,4219.00000,2437.00000,0.30609,248.70407
600.00000,0.07000,6.00000,3.00000,0.00000,0.07802,0.11840,255.07814,268.10809,0.04860,4219.00000,3966.00000,0.00000,248.70407
