"Omega","Tolerance","Step Size Rule","Iterations","Converged?","Gap LR","Gap Naive","Obj. Naive","Obj. LR","Gap","Time Naive","Time LR","Final Lambda","LB Heuristic"
600.00000,0.07000,1.00000,3.00000,0.00000,0.06528,0.16597,242.26965,264.93966,0.06128,4300.00000,2595.00000,7.74000,248.70407
600.00000,0.07000,2.00000,2.00000,0.00000,0.06528,0.16597,242.26965,264.93966,0.06128,4300.00000,2419.00000,0.41511,248.70407
600.00000,0.07000,3.00000,3.00000,0.00000,0.06528,0.16597,242.26965,264.93966,0.06128,4300.00000,3110.00000,3.36229,248.70407
600.00000,0.07000,4.00000,3.00000,0.00000,0.06528,0.16597,242.26965,264.93966,0.06128,4300.00000,3543.00000,2.15376,248.70407
600.00000,0.07000,5.00000,3.00000,0.00000,0.06528,0.16597,242.26965,264.93966,0.06128,4300.00000,2429.00000,0.28075,248.70407
600.00000,0.07000,6.00000,3.00000,0.00000,0.06528,0.16597,242.26965,264.93966,0.06128,4300.00000,4302.00000,0.00568,248.70407
