"Omega","Tolerance","Step Size Rule","Iterations","Converged?","Gap LR","Gap Naive","Obj. Naive","Obj. LR","Gap","Time Naive","Time LR","Final Lambda","LB Heuristic"
600.00000,0.01000,1.00000,3.00000,0.00000,0.01328,0.00000,251.56241,251.79939,0.00094,750.00000,2481.00000,0.98676,248.49909
600.00000,0.01000,2.00000,2.00000,1.00000,0.01233,0.00000,251.56241,251.56241,0.00000,750.00000,2485.00000,0.91176,248.49909
600.00000,0.01000,3.00000,3.00000,0.00000,0.01494,0.00000,251.56241,252.21189,0.00258,750.00000,2411.00000,1.11926,248.49909
600.00000,0.01000,4.00000,4.00000,0.00000,0.01515,0.00000,251.56241,252.26383,0.00278,750.00000,2903.00000,1.14214,248.49909
600.00000,0.01000,5.00000,10.00000,0.00000,0.01630,0.00000,251.56241,252.54939,0.00391,750.00000,1364.00000,0.03124,248.49909
600.00000,0.01000,6.00000,3.00000,1.00000,0.01233,0.00000,251.56241,251.56241,0.00000,750.00000,2579.00000,0.84111,248.49909
