"Omega","Tolerance","Step Size Rule","Iterations","Converged?","Gap LR","Gap Naive","Obj. Naive","Obj. LR","Gap","Time Naive","Time LR","Final Lambda"
600.00000,0.01000,1.00000,2.00000,0.00000,0.01479,0.00000,-251.56241,-252.17439,0.00243,2462.00000,4336.00000,1.06176
600.00000,0.01000,2.00000,2.00000,0.00000,0.01026,0.00000,-251.56241,-251.04939,-0.00204,2462.00000,4324.00000,0.61176
600.00000,0.01000,3.00000,2.00000,0.00000,0.01554,0.00000,-251.56241,-252.36189,0.00317,2462.00000,4342.00000,1.14426
600.00000,0.01000,4.00000,2.00000,0.00000,0.01580,0.00000,-251.56241,-252.42439,0.00341,2462.00000,4316.00000,1.16908
600.00000,0.01000,5.00000,7.00000,0.00000,0.01630,0.00000,-251.56241,-252.54939,0.00391,2462.00000,2353.00000,0.02785
600.00000,0.01000,6.00000,3.00000,1.00000,0.01224,0.00000,-251.56241,-251.54090,-0.00009,2462.00000,3777.00000,0.84111
