"Omega","Tolerance","Step Size Rule","Iterations","Converged?","Gap LR","Gap Naive","Obj. Naive","Obj. LR","Gap","Time Naive","Time LR","Final Lambda","LB Heuristic"
600.00000,0.01000,1.00000,2.00000,0.00000,0.01479,0.00071,251.56241,252.17439,0.00243,1388.00000,3275.00000,1.06176,248.49909
600.00000,0.01000,2.00000,2.00000,1.00000,0.01233,0.00071,251.56241,251.56241,0.00000,1388.00000,3571.00000,0.91176,248.49909
600.00000,0.01000,3.00000,2.00000,0.00000,0.01554,0.00071,251.56241,252.36189,0.00317,1388.00000,3008.00000,1.14426,248.49909
600.00000,0.01000,4.00000,2.00000,0.00000,0.01580,0.00071,251.56241,252.42439,0.00341,1388.00000,2763.00000,1.16908,248.49909
600.00000,0.01000,5.00000,9.00000,0.00000,0.01630,0.00071,251.56241,252.54939,0.00391,1388.00000,2550.00000,0.03023,248.49909
600.00000,0.01000,6.00000,3.00000,0.00000,0.01119,0.00071,251.56241,251.27977,-0.00112,1388.00000,3618.00000,1.95338,248.49909
