"Omega","Tolerance","Step Size Rule","Iterations","Converged?","Gap LR","Gap Naive","Obj. Naive","Obj. LR","Gap","Time Naive","Time LR","Final Lambda","LB Heuristic"
600.00000,0.01000,1.00000,2.00000,0.00000,0.01104,0.00000,251.56241,251.24180,-0.00128,3268.00000,4219.00000,1.12176,248.49909
600.00000,0.01000,2.00000,3.00000,0.00000,0.01277,0.00000,251.56241,251.67359,0.00044,3268.00000,2668.00000,0.00505,248.49909
600.00000,0.01000,3.00000,2.00000,0.00000,0.01274,0.00000,251.56241,251.66609,0.00041,3268.00000,4216.00000,1.19826,248.49909
600.00000,0.01000,4.00000,2.00000,0.00000,0.01277,0.00000,251.56241,251.67359,0.00044,3268.00000,4205.00000,1.18908,248.49909
600.00000,0.01000,5.00000,4.00000,0.00000,0.01630,0.00000,251.56241,252.54939,0.00391,3268.00000,2583.00000,0.02270,248.49909
600.00000,0.01000,6.00000,3.00000,0.00000,0.00880,0.00000,251.56241,250.68607,-0.00350,3268.00000,4357.00000,2.29910,248.49909
