"Omega","Tolerance","Step Size Rule","Iterations","Converged?","Gap LR","Gap Naive","Obj. Naive","Obj. LR","Gap","Time Naive","Time LR","Final Lambda","LB Heuristic"
600.00000,0.01000,1.00000,2.00000,0.00000,0.01104,0.00000,251.56241,251.24180,-0.00128,3243.00000,4217.00000,1.12176,248.49909
600.00000,0.01000,2.00000,2.00000,0.00000,0.01277,0.00000,251.56241,251.67359,0.00044,3243.00000,2402.00000,0.00253,248.49909
600.00000,0.01000,3.00000,2.00000,0.00000,0.01274,0.00000,251.56241,251.66609,0.00041,3243.00000,4216.00000,1.19826,248.49909
600.00000,0.01000,4.00000,2.00000,0.00000,0.01277,0.00000,251.56241,251.67359,0.00044,3243.00000,4216.00000,1.18908,248.49909
600.00000,0.01000,5.00000,5.00000,0.00000,0.01630,0.00000,251.56241,252.54939,0.00391,3243.00000,2507.00000,0.02472,248.49909
600.00000,0.01000,6.00000,3.00000,0.00000,0.01068,0.00000,251.56241,251.15408,-0.00163,3243.00000,4295.00000,2.61111,248.49909
