"Omega","Tolerance","Step Size Rule","Iterations","Converged?","Gap LR","Gap Naive","Obj. Naive","Obj. LR","Gap","Time Naive","Time LR","Final Lambda","LB Heuristic"
600.00000,0.01000,1.00000,2.00000,0.00000,0.01479,0.00071,251.56241,252.17439,0.00243,2146.00000,4005.00000,1.06176,248.49909
600.00000,0.01000,2.00000,2.00000,0.00000,0.01060,0.00071,251.56241,251.13316,-0.00171,2146.00000,3850.00000,1.28676,248.49909
600.00000,0.01000,3.00000,2.00000,0.00000,0.01554,0.00071,251.56241,252.36189,0.00317,2146.00000,3822.00000,1.14426,248.49909
600.00000,0.01000,4.00000,2.00000,0.00000,0.01580,0.00071,251.56241,252.42439,0.00341,2146.00000,3716.00000,1.16908,248.49909
600.00000,0.01000,5.00000,5.00000,0.00000,0.01630,0.00071,251.56241,252.54939,0.00391,2146.00000,2524.00000,0.02472,248.49909
600.00000,0.01000,6.00000,3.00000,0.00000,0.01119,0.00071,251.56241,251.27977,-0.00112,2146.00000,4450.00000,1.95338,248.49909
