"Omega","Tolerance","Step Size Rule","Iterations","Converged?","Gap LR","Gap Naive","Obj. Naive","Obj. LR","Gap","Time Naive","Time LR","Final Lambda"
600.00000,0.01000,1.00000,3.00000,0.00000,0.01328,0.00000,-251.56241,-251.79939,0.00094,728.00000,2608.00000,0.98676
600.00000,0.01000,2.00000,2.00000,1.00000,0.01233,0.00000,-251.56241,-251.56241,0.00000,728.00000,2640.00000,0.91176
600.00000,0.01000,3.00000,3.00000,0.00000,0.01494,0.00000,-251.56241,-252.21189,0.00258,728.00000,2449.00000,1.11926
600.00000,0.01000,4.00000,4.00000,0.00000,0.01515,0.00000,-251.56241,-252.26383,0.00278,728.00000,3101.00000,1.14214
600.00000,0.01000,5.00000,10.00000,0.00000,0.01630,0.00000,-251.56241,-252.54939,0.00391,728.00000,1370.00000,0.03124
600.00000,0.01000,6.00000,3.00000,1.00000,0.01233,0.00000,-251.56241,-251.56241,0.00000,728.00000,2705.00000,0.84111
