"Omega","Tolerance","Step Size Rule","Iterations","Converged?","Gap LR","Gap Naive","Obj. Naive","Obj. LR","Gap","Time Naive","Time LR","Final Lambda","LB Heuristic"
600.00000,0.01000,1.00000,2.00000,0.00000,0.01457,0.00071,251.56241,252.17439,0.00243,1438.00000,3297.00000,1.06176,248.49909
600.00000,0.01000,2.00000,2.00000,1.00000,0.01218,0.00071,251.56241,251.56241,0.00000,1438.00000,3630.00000,0.91176,248.49909
600.00000,0.01000,3.00000,2.00000,0.00000,0.01531,0.00071,251.56241,252.36189,0.00317,1438.00000,2810.00000,1.14426,248.49909
600.00000,0.01000,4.00000,2.00000,0.00000,0.01555,0.00071,251.56241,252.42439,0.00341,1438.00000,2708.00000,1.16908,248.49909
600.00000,0.01000,5.00000,10.00000,0.00000,0.01604,0.00071,251.56241,252.54939,0.00391,1438.00000,2517.00000,0.03124,248.49909
600.00000,0.01000,6.00000,3.00000,0.00000,0.01107,0.00071,251.56241,251.27977,-0.00112,1438.00000,3609.00000,1.95338,248.49909
