"Omega","Tolerance","Step Size Rule","Iterations","Converged?","Gap LR","Gap Naive","Obj. Naive","Obj. LR","Gap","Time Naive","Time LR","Final Lambda"
600.00000,0.01000,1.00000,2.00000,0.00000,0.01479,0.00000,-251.56241,-252.17439,0.00243,1823.00000,4268.00000,1.06176
600.00000,0.01000,2.00000,2.00000,1.00000,0.01233,0.00000,-251.56241,-251.56241,0.00000,1823.00000,4767.00000,0.91176
600.00000,0.01000,3.00000,2.00000,0.00000,0.01554,0.00000,-251.56241,-252.36189,0.00318,1823.00000,3905.00000,1.14426
600.00000,0.01000,4.00000,2.00000,0.00000,0.01580,0.00000,-251.56241,-252.42439,0.00343,1823.00000,4079.00000,1.16908
600.00000,0.01000,5.00000,10.00000,0.00000,0.01630,0.00000,-251.56241,-252.54939,0.00392,1823.00000,1468.00000,0.03124
600.00000,0.01000,6.00000,3.00000,1.00000,0.01233,0.00000,-251.56241,-251.56241,0.00000,1823.00000,944.00000,0.84111
