"Omega","Tolerance","Step Size Rule","Iterations","Converged?","Gap LR","Gap Naive","Obj. Naive","Obj. LR","Gap","Time Naive","Time LR","Final Lambda","LB Heuristic"
900.00000,0.07000,2.00000,3.00000,0.00000,0.08425,0.20355,231.21489,266.89959,0.07771,4262.00000,2722.00000,0.28009,246.15956
900.00000,0.07000,3.00000,3.00000,0.00000,0.08425,0.20355,231.21489,266.89959,0.07771,4262.00000,3346.00000,4.71200,246.15956
900.00000,0.07000,4.00000,3.00000,0.00000,0.08425,0.20355,231.21489,266.89959,0.07771,4262.00000,3750.00000,2.83407,246.15956
900.00000,0.07000,5.00000,2.00000,0.00000,0.08567,0.20355,231.21489,267.24794,0.07891,4262.00000,2456.00000,0.19186,246.15956
900.00000,0.07000,6.00000,3.00000,0.00000,0.08567,0.20355,231.21489,267.24794,0.07891,4262.00000,4426.00000,0.00000,246.15956
