"Omega","Tolerance","Step Size Rule","Iterations","Converged?","Gap LR","Gap Naive","Obj. Naive","Obj. LR","Gap","Time Naive","Time LR","Final Lambda","LB Heuristic"
900.00000,0.07000,1.00000,1.00000,1.00000,0.00000,0.20419,231.21489,246.15956,0.00000,4325.00000,2112.00000,0.30592,246.15956
900.00000,0.07000,2.00000,1.00000,1.00000,0.00000,0.20419,231.21489,246.15956,0.00000,4325.00000,2111.00000,0.30592,246.15956
900.00000,0.07000,3.00000,1.00000,1.00000,0.00000,0.20419,231.21489,246.15956,0.00000,4325.00000,2110.00000,0.30592,246.15956
900.00000,0.07000,4.00000,1.00000,1.00000,0.00000,0.20419,231.21489,246.15956,0.00000,4325.00000,2110.00000,0.30592,246.15956
900.00000,0.07000,5.00000,1.00000,1.00000,0.00000,0.20419,231.21489,246.15956,0.00000,4325.00000,2111.00000,0.30592,246.15956
900.00000,0.07000,6.00000,3.00000,0.00000,0.04560,0.20419,231.21489,257.38371,0.04361,4325.00000,4430.00000,0.06100,246.15956
