"Omega","Tolerance","Step Size Rule","Iterations","Converged?","Gap LR","Gap Naive","Obj. Naive","Obj. LR","Gap","Time Naive","Time LR","Final Lambda"
900.00000,0.07000,1.00000,1.00000,1.00000,0.00000,0.20419,-231.21489,-246.15956,245.15956,4321.00000,2113.00000,0.30592
900.00000,0.07000,2.00000,1.00000,1.00000,0.00000,0.20419,-231.21489,-246.15956,245.15956,4321.00000,2147.00000,0.30592
900.00000,0.07000,3.00000,1.00000,1.00000,0.00000,0.20419,-231.21489,-246.15956,245.15956,4321.00000,2124.00000,0.30592
900.00000,0.07000,4.00000,1.00000,1.00000,0.00000,0.20419,-231.21489,-246.15956,245.15956,4321.00000,2109.00000,0.30592
900.00000,0.07000,5.00000,1.00000,1.00000,0.00000,0.20419,-231.21489,-246.15956,245.15956,4321.00000,2111.00000,0.30592
900.00000,0.07000,6.00000,3.00000,0.00000,0.04560,0.20419,-231.21489,-257.38371,256.42732,4321.00000,4399.00000,0.06100
