"Omega","Tolerance","Step Size Rule","Iterations","Converged?","Gap LR","Gap Naive","Obj. Naive","Obj. LR","Gap","Time Naive","Time LR","Final Lambda","LB Heuristic"
900.00000,0.07000,1.00000,1.00000,1.00000,0.00000,0.20428,231.21489,246.15956,0.00000,4351.00000,2108.00000,0.30592,246.15956
900.00000,0.07000,2.00000,2.00000,0.00000,0.06226,0.20428,231.21489,261.48621,0.05861,4351.00000,2560.00000,0.28185,246.15956
900.00000,0.07000,3.00000,3.00000,0.00000,0.06226,0.20428,231.21489,261.48621,0.05861,4351.00000,3730.00000,4.71200,246.15956
900.00000,0.07000,4.00000,2.00000,0.00000,0.06226,0.20428,231.21489,261.48621,0.05861,4351.00000,2474.00000,2.97516,246.15956
900.00000,0.07000,5.00000,2.00000,0.00000,0.06226,0.20428,231.21489,261.48621,0.05861,4351.00000,2424.00000,0.20606,246.15956
900.00000,0.07000,6.00000,3.00000,0.00000,0.08347,0.20428,231.21489,266.70709,0.07704,4351.00000,4387.00000,0.00000,246.15956
