"Omega","Tolerance","Step Size Rule","Iterations","Converged?","Gap LR","Gap Naive","Obj. Naive","Obj. LR","Gap","Time Naive","Time LR","Final Lambda"
900.00000,0.07000,1.00000,1.00000,0.00000,0.04560,0.20513,-231.21489,-257.38371,0.04361,2929.00000,2270.00000,0.00000
900.00000,0.07000,2.00000,2.00000,0.00000,0.04560,0.20513,-231.21489,-257.38371,0.04361,2929.00000,3014.00000,0.28271
900.00000,0.07000,3.00000,1.00000,0.00000,0.01663,0.20513,-231.21489,-250.25282,0.01636,2929.00000,2286.00000,0.00000
900.00000,0.07000,4.00000,1.00000,0.00000,0.04560,0.20513,-231.21489,-257.38371,0.04361,2929.00000,2306.00000,0.00592
900.00000,0.07000,5.00000,1.00000,0.00000,0.04560,0.20513,-231.21489,-257.38371,0.04361,2929.00000,2283.00000,0.20592
900.00000,0.07000,6.00000,2.00000,0.00000,0.01663,0.20513,-231.21489,-250.25282,0.01636,2929.00000,2634.00000,0.52394
