"Omega","Tolerance","Step Size Rule","Iterations","Converged?","Gap LR","Gap Naive","Obj. Naive","Obj. LR","Gap","Time Naive","Time LR","Final Lambda"
900.00000,0.07000,1.00000,1.00000,0.00000,0.08648,0.20402,-231.21489,-267.44643,0.15670,2875.00000,2906.00000,0.00000
900.00000,0.07000,2.00000,1.00000,0.00000,0.08648,0.20402,-231.21489,-267.44643,0.15670,2875.00000,2910.00000,0.27592
900.00000,0.07000,3.00000,1.00000,0.00000,0.08648,0.20402,-231.21489,-267.44643,0.15670,2875.00000,2914.00000,0.00000
900.00000,0.07000,4.00000,1.00000,0.00000,0.08648,0.20402,-231.21489,-267.44643,0.15670,2875.00000,2923.00000,0.05592
900.00000,0.07000,5.00000,1.00000,0.00000,0.08648,0.20402,-231.21489,-267.44643,0.15670,2875.00000,2934.00000,0.18592
900.00000,0.07000,6.00000,1.00000,0.00000,0.08648,0.20402,-231.21489,-267.44643,0.15670,2875.00000,2840.00000,0.00000
