"Omega","Tolerance","Step Size Rule","Iterations","Converged?","Gap LR","Gap Naive","Obj. Naive","Obj. LR","Gap","Time Naive","Time LR","Final Lambda","LB Heuristic"
900.00000,0.07000,1.00000,4.00000,0.00000,0.08648,0.20355,231.21489,267.44643,0.07959,4223.00000,2594.00000,10.66500,246.15956
900.00000,0.07000,2.00000,4.00000,0.00000,0.08648,0.20355,231.21489,267.44643,0.07959,4223.00000,2516.00000,0.28130,246.15956
900.00000,0.07000,3.00000,3.00000,0.00000,0.08648,0.20355,231.21489,267.44643,0.07959,4223.00000,2604.00000,4.71200,246.15956
900.00000,0.07000,4.00000,3.00000,0.00000,0.08648,0.20355,231.21489,267.44643,0.07959,4223.00000,2962.00000,2.83907,246.15956
900.00000,0.07000,5.00000,3.00000,0.00000,0.08648,0.20355,231.21489,267.44643,0.07959,4223.00000,2441.00000,0.19190,246.15956
900.00000,0.07000,6.00000,3.00000,0.00000,0.08648,0.20355,231.21489,267.44643,0.07959,4223.00000,4305.00000,0.00000,246.15956
