"Omega","Tolerance","Step Size Rule","Iterations","Converged?","Gap LR","Gap Naive","Obj. Naive","Obj. LR","Gap","Time Naive","Time LR","Final Lambda"
100.00000,0.03000,1.00000,10.00000,0.00000,0.01744,0.00000,-276.21485,-281.03246,0.01744,3.00000,3.00000,37.81257
100.00000,0.03000,2.00000,10.00000,0.00000,0.00180,0.00000,-276.21485,-276.71196,0.00180,3.00000,31.00000,2.69229
100.00000,0.03000,3.00000,10.00000,0.00000,0.01744,0.00000,-276.21485,-281.03246,0.01744,3.00000,3.00000,24.78275
100.00000,0.03000,4.00000,10.00000,0.00000,0.01744,0.00000,-276.21485,-281.03246,0.01744,3.00000,3.00000,45.28107
100.00000,0.03000,5.00000,10.00000,0.00000,0.00720,0.00000,-276.21485,-278.20349,0.00720,3.00000,37.00000,2.84276
100.00000,0.03000,6.00000,10.00000,0.00000,0.00184,0.00000,-276.21485,-276.72178,0.00184,3.00000,22.00000,2.83055
