"Omega","Tolerance","Step Size Rule","Iterations","Converged?","Gap LR","Gap Naive","Obj. Naive","Obj. LR","Gap","Time Naive","Time LR","Final Lambda"
100.00000,0.01000,1.00000,10.00000,0.00000,0.00391,0.00000,-269.93166,-270.98686,0.00391,0.00000,9.00000,50.35178
100.00000,0.01000,2.00000,10.00000,0.00000,0.00391,0.00000,-269.93166,-270.98686,0.00391,0.00000,9.00000,2.37198
100.00000,0.01000,3.00000,10.00000,0.00000,0.00960,0.00000,-269.93166,-272.52238,0.00960,0.00000,11.00000,4.34184
100.00000,0.01000,4.00000,10.00000,0.00000,0.00446,0.00000,-269.93166,-271.13448,0.00446,0.00000,16.00000,2.84128
100.00000,0.01000,5.00000,10.00000,0.00000,0.00357,0.00000,-269.93166,-270.89527,0.00357,0.00000,20.00000,2.65008
100.00000,0.01000,6.00000,10.00000,0.00000,0.00360,0.00000,-269.93166,-270.90457,0.00360,0.00000,9.00000,2.63267
