"Omega","Tolerance","Step Size Rule","Iterations","Converged?","Gap LR","Gap Naive","Obj. Naive","Obj. LR","Gap","Time Naive","Time LR","Final Lambda"
100.00000,0.05000,1.00000,10.00000,0.00000,0.02763,0.00000,-281.86711,-289.06993,0.02555,112.00000,307.00000,3.57139
100.00000,0.05000,2.00000,10.00000,0.00000,0.01836,0.00000,-281.86711,-286.46234,0.01630,112.00000,353.00000,2.16850
100.00000,0.05000,3.00000,10.00000,0.00000,0.02386,0.00000,-281.86711,-288.01039,0.02179,112.00000,265.00000,3.35727
100.00000,0.05000,4.00000,10.00000,0.00000,0.02117,0.00000,-281.86711,-287.25355,0.01911,112.00000,247.00000,3.17097
100.00000,0.05000,5.00000,10.00000,0.00000,0.01840,0.00000,-281.86711,-286.47286,0.01634,112.00000,90.00000,2.34875
100.00000,0.05000,6.00000,10.00000,0.00000,0.01871,0.00000,-281.86711,-286.56007,0.01665,112.00000,37.00000,2.45824
