"Omega","Tolerance","Step Size Rule","Iterations","Converged?","Gap LR","Gap Naive","Obj. Naive","Obj. LR","Gap","Time Naive","Time LR","Final Lambda"
900.00000,0.03000,1.00000,1.00000,0.00000,0.03107,0.18923,-224.82865,-253.34337,0.12683,2906.00000,2907.00000,0.07819
900.00000,0.03000,2.00000,1.00000,0.00000,0.03107,0.18923,-224.82865,-253.34337,0.12683,2906.00000,2905.00000,0.34001
900.00000,0.03000,3.00000,1.00000,0.00000,0.03107,0.18923,-224.82865,-253.34337,0.12683,2906.00000,2906.00000,0.24319
900.00000,0.03000,4.00000,1.00000,0.00000,0.03107,0.18923,-224.82865,-253.34337,0.12683,2906.00000,2908.00000,0.29819
900.00000,0.03000,5.00000,1.00000,0.00000,0.03107,0.18923,-224.82865,-253.34337,0.12683,2906.00000,2902.00000,0.13546
900.00000,0.03000,6.00000,1.00000,0.00000,0.03107,0.18923,-224.82865,-253.34337,0.12683,2906.00000,2816.00000,0.00000
