"Omega","Tolerance","Step Size Rule","Iterations","Converged?","Gap LR","Gap Naive","Obj. Naive","Obj. LR","Gap","Time Naive","Time LR","Final Lambda"
900.00000,0.03000,1.00000,1.00000,0.00000,0.04013,0.18976,-224.82865,-235.84971,-0.04181,2965.00000,2263.00000,0.00319
900.00000,0.03000,2.00000,2.00000,0.00000,0.04623,0.18976,-224.82865,-234.34971,-0.04848,2965.00000,4482.00000,0.29708
900.00000,0.03000,3.00000,2.00000,0.00000,0.04013,0.18976,-224.82865,-235.84971,-0.04181,2965.00000,3068.00000,5.44369
900.00000,0.03000,4.00000,1.00000,0.00000,0.04013,0.18976,-224.82865,-235.84971,-0.04181,2965.00000,2274.00000,0.27319
900.00000,0.03000,5.00000,2.00000,0.00000,0.00969,0.18976,-224.82865,-243.32782,-0.00979,2965.00000,2608.00000,0.18085
900.00000,0.03000,6.00000,2.00000,0.00000,0.01999,0.18976,-224.82865,-240.79726,-0.02040,2965.00000,4336.00000,0.95534
