"Omega","Tolerance","Step Size Rule","Iterations","Converged?","Gap LR","Gap Naive","Obj. Naive","Obj. LR","Gap","Time Naive","Time LR","Final Lambda","LB Heuristic"
900.00000,0.03000,1.00000,2.00000,0.00000,0.01491,0.00000,244.49025,249.37262,0.01469,3710.00000,4226.00000,0.16819,245.70998
900.00000,0.03000,2.00000,4.00000,0.00000,0.01491,0.00000,244.49025,249.37262,0.01469,3710.00000,2522.00000,0.00515,245.70998
900.00000,0.03000,3.00000,2.00000,0.00000,0.01491,0.00000,244.49025,249.37262,0.01469,3710.00000,4209.00000,0.25969,245.70998
900.00000,0.03000,4.00000,2.00000,0.00000,0.02358,0.00000,244.49025,251.50370,0.02304,3710.00000,4209.00000,0.22394,245.70998
900.00000,0.03000,5.00000,3.00000,0.00000,0.01491,0.00000,244.49025,249.37262,0.01469,3710.00000,2459.00000,0.00573,245.70998
900.00000,0.03000,6.00000,3.00000,0.00000,0.03240,0.00000,244.49025,253.67124,0.03138,3710.00000,4294.00000,0.00000,245.70998
