"Omega","Tolerance","Step Size Rule","Iterations","Converged?","Gap LR","Gap Naive","Obj. Naive","Obj. LR","Gap","Time Naive","Time LR","Final Lambda","LB Heuristic"
600.00000,0.05000,1.00000,3.00000,0.00000,0.09039,0.00000,241.37799,265.26621,0.08290,841.00000,2841.00000,8.29826,243.27609
600.00000,0.05000,2.00000,3.00000,0.00000,0.09039,0.00000,241.37799,265.26621,0.08290,841.00000,2551.00000,0.37028,243.27609
600.00000,0.05000,3.00000,2.00000,0.00000,0.09039,0.00000,241.37799,265.26621,0.08290,841.00000,2645.00000,3.74576,243.27609
600.00000,0.05000,4.00000,3.00000,0.00000,0.09039,0.00000,241.37799,265.26621,0.08290,841.00000,3184.00000,2.29691,243.27609
600.00000,0.05000,5.00000,3.00000,0.00000,0.09039,0.00000,241.37799,265.26621,0.08290,841.00000,2465.00000,0.10909,243.27609
600.00000,0.05000,6.00000,3.00000,0.00000,0.09039,0.00000,241.37799,265.26621,0.08290,841.00000,4324.00000,0.00000,243.27609
