"Omega","Tolerance","Step Size Rule","Iterations","Converged?","Gap LR","Gap Naive","Obj. Naive","Obj. LR","Gap","Time Naive","Time LR","Final Lambda","LB Heuristic"
600.00000,0.05000,1.00000,2.00000,0.00000,0.05124,0.00000,241.37799,255.74083,0.04874,1617.00000,2456.00000,8.61326,243.27609
600.00000,0.05000,2.00000,2.00000,0.00000,0.05124,0.00000,241.37799,255.74083,0.04874,1617.00000,2456.00000,0.39820,243.27609
600.00000,0.05000,3.00000,2.00000,0.00000,0.09039,0.00000,241.37799,265.26621,0.08290,1617.00000,2703.00000,3.74576,243.27609
600.00000,0.05000,4.00000,3.00000,0.00000,0.09039,0.00000,241.37799,265.26621,0.08290,1617.00000,3800.00000,2.29691,243.27609
600.00000,0.05000,5.00000,3.00000,0.00000,0.09039,0.00000,241.37799,265.26621,0.08290,1617.00000,2568.00000,0.10909,243.27609
600.00000,0.05000,6.00000,3.00000,0.00000,0.09039,0.00000,241.37799,265.26621,0.08290,1617.00000,4315.00000,0.00000,243.27609
