"Omega","Tolerance","Step Size Rule","Iterations","Converged?","Gap LR","Gap Naive","Obj. Naive","Obj. LR","Gap","Time Naive","Time LR","Final Lambda","LB Heuristic"
600.00000,0.05000,1.00000,3.00000,0.00000,0.09039,0.00000,241.37799,265.26621,0.08290,526.00000,2884.00000,8.29826,243.27609
600.00000,0.05000,2.00000,3.00000,0.00000,0.09039,0.00000,241.37799,265.26621,0.08290,526.00000,2556.00000,0.37028,243.27609
600.00000,0.05000,3.00000,2.00000,0.00000,0.09039,0.00000,241.37799,265.26621,0.08290,526.00000,2674.00000,3.74576,243.27609
600.00000,0.05000,4.00000,3.00000,0.00000,0.09039,0.00000,241.37799,265.26621,0.08290,526.00000,2954.00000,2.29691,243.27609
600.00000,0.05000,5.00000,4.00000,0.00000,0.09039,0.00000,241.37799,265.26621,0.08290,526.00000,2437.00000,0.11172,243.27609
600.00000,0.05000,6.00000,3.00000,0.00000,0.09039,0.00000,241.37799,265.26621,0.08290,526.00000,4284.00000,0.00000,243.27609
