"Omega","Tolerance","Step Size Rule","Iterations","Converged?","Gap LR","Gap Naive","Obj. Naive","Obj. LR","Gap","Time Naive","Time LR","Final Lambda","LB Heuristic"
600.00000,0.05000,1.00000,3.00000,0.00000,0.09039,0.00000,241.37799,265.26621,0.08290,464.00000,2573.00000,8.29826,243.27609
600.00000,0.05000,2.00000,5.00000,0.00000,0.09039,0.00000,241.37799,265.26621,0.08290,464.00000,2512.00000,0.37555,243.27609
600.00000,0.05000,3.00000,3.00000,0.00000,0.09147,0.00000,241.37799,265.52818,0.08380,464.00000,2748.00000,3.60326,243.27609
600.00000,0.05000,4.00000,3.00000,0.00000,0.09039,0.00000,241.37799,265.26621,0.08290,464.00000,2890.00000,2.29691,243.27609
600.00000,0.05000,5.00000,4.00000,0.00000,0.09039,0.00000,241.37799,265.26621,0.08290,464.00000,2423.00000,0.11172,243.27609
600.00000,0.05000,6.00000,3.00000,0.00000,0.09039,0.00000,241.37799,265.26621,0.08290,464.00000,4271.00000,0.00000,243.27609
