"Omega","Tolerance","Step Size Rule","Iterations","Converged?","Gap LR","Gap Naive","Obj. Naive","Obj. LR","Gap","Time Naive","Time LR","Final Lambda"
600.00000,0.05000,1.00000,2.00000,0.00000,0.05124,0.00000,-241.37799,-255.74083,254.78957,1550.00000,2463.00000,8.61326
600.00000,0.05000,2.00000,2.00000,0.00000,0.05124,0.00000,-241.37799,-255.74083,254.78957,1550.00000,2445.00000,0.39820
600.00000,0.05000,3.00000,2.00000,0.00000,0.09039,0.00000,-241.37799,-265.26621,264.34911,1550.00000,2772.00000,3.74576
600.00000,0.05000,4.00000,2.00000,0.00000,0.09039,0.00000,-241.37799,-265.26621,264.34911,1550.00000,2425.00000,2.38351
600.00000,0.05000,5.00000,3.00000,0.00000,0.09039,0.00000,-241.37799,-265.26621,264.34911,1550.00000,2606.00000,0.10909
600.00000,0.05000,6.00000,3.00000,0.00000,0.09039,0.00000,-241.37799,-265.26621,264.34911,1550.00000,4426.00000,0.00000
