"Omega","Tolerance","Step Size Rule","Iterations","Converged?","Gap LR","Gap Naive","Obj. Naive","Obj. LR","Gap","Time Naive","Time LR","Final Lambda"
600.00000,0.05000,1.00000,1.00000,0.00000,0.09039,0.00000,-241.37799,-265.26621,0.09897,872.00000,2844.00000,0.19826
600.00000,0.05000,2.00000,1.00000,0.00000,0.09039,0.00000,-241.37799,-265.26621,0.09897,872.00000,2845.00000,0.36502
600.00000,0.05000,3.00000,1.00000,0.00000,0.09039,0.00000,-241.37799,-265.26621,0.09897,872.00000,2841.00000,0.32576
600.00000,0.05000,4.00000,1.00000,0.00000,0.09039,0.00000,-241.37799,-265.26621,0.09897,872.00000,2847.00000,0.36826
600.00000,0.05000,5.00000,1.00000,0.00000,0.09039,0.00000,-241.37799,-265.26621,0.09897,872.00000,2836.00000,0.10031
600.00000,0.05000,6.00000,1.00000,0.00000,0.09039,0.00000,-241.37799,-265.26621,0.09897,872.00000,2837.00000,0.00000
