"Omega","Tolerance","Step Size Rule","Iterations","Converged?","Gap LR","Gap Naive","Obj. Naive","Obj. LR","Gap","Time Naive","Time LR","Final Lambda"
600.00000,0.05000,1.00000,2.00000,0.00000,0.08106,0.00000,-241.37799,-262.99636,0.07498,1557.00000,2440.00000,8.68826
600.00000,0.05000,2.00000,2.00000,0.00000,0.08106,0.00000,-241.37799,-262.99636,0.07498,1557.00000,2949.00000,0.38446
600.00000,0.05000,3.00000,2.00000,0.00000,0.08106,0.00000,-241.37799,-262.99636,0.07498,1557.00000,2481.00000,3.71576
600.00000,0.05000,4.00000,2.00000,0.00000,0.08106,0.00000,-241.37799,-262.99636,0.07498,1557.00000,2447.00000,2.36351
600.00000,0.05000,5.00000,2.00000,0.00000,0.08106,0.00000,-241.37799,-262.99636,0.07498,1557.00000,2386.00000,0.17280
600.00000,0.05000,6.00000,2.00000,0.00000,0.08106,0.00000,-241.37799,-262.99636,0.07498,1557.00000,2315.00000,1.01517
