"Omega","Tolerance","Step Size Rule","Iterations","Converged?","Gap LR","Gap Naive","Obj. Naive","Obj. LR","Gap","Time Naive","Time LR","Final Lambda","LB Heuristic"
100.00000,0.01000,1.00000,10.00000,0.00000,0.01481,0.00000,278.13221,280.69556,0.00913,23.00000,265.00000,4.23256,276.59790
100.00000,0.01000,2.00000,10.00000,0.00000,0.00988,0.00000,278.13221,279.33056,0.00429,23.00000,149.00000,1.50377,276.59790
100.00000,0.01000,3.00000,10.00000,0.00000,0.01516,0.00000,278.13221,280.79247,0.00947,23.00000,240.00000,4.34216,276.59790
100.00000,0.01000,4.00000,10.00000,0.00000,0.01522,0.00000,278.13221,280.80704,0.00953,23.00000,211.00000,4.35746,276.59790
100.00000,0.01000,5.00000,10.00000,0.00000,0.01530,0.00000,278.13221,280.83056,0.00961,23.00000,95.00000,0.11691,276.59790
100.00000,0.01000,6.00000,10.00000,0.00000,0.00925,0.00000,278.13221,279.15539,0.00367,23.00000,199.00000,2.34774,276.59790
