"Omega","Tolerance","Step Size Rule","Iterations","Converged?","Gap LR","Gap Naive","Obj. Naive","Obj. LR","Gap","Time Naive","Time LR","Final Lambda"
100.00000,0.01000,1.00000,5.00000,2.00000,0.00000,0.00000,-273.26863,-273.26863,0.00000,1.00000,3.00000,6.65918
100.00000,0.01000,2.00000,5.00000,2.00000,0.00000,0.00000,-273.26863,-273.26863,0.00000,1.00000,3.00000,6.65918
100.00000,0.01000,3.00000,10.00000,0.00000,0.00281,0.00000,-273.26863,-274.03670,0.00281,1.00000,9.00000,5.66911
100.00000,0.01000,4.00000,7.00000,2.00000,0.00000,0.00000,-273.26863,-273.26863,0.00000,1.00000,6.00000,6.47913
100.00000,0.01000,5.00000,4.00000,2.00000,0.00000,0.00000,-273.26863,-273.26863,0.00000,1.00000,2.00000,6.49251
100.00000,0.01000,6.00000,3.00000,2.00000,0.00000,0.00000,-273.26863,-273.26863,0.00000,1.00000,3.00000,7.18513
