"Omega","Tolerance","Step Size Rule","Iterations","Converged?","Gap LR","Gap Naive","Obj. Naive","Obj. LR","Gap","Time Naive","Time LR","Final Lambda","LB Heuristic"
600.00000,0.03000,1.00000,2.00000,0.00000,0.06977,0.07134,257.30574,260.44384,0.01205,4242.00000,4214.00000,9.13900,243.45883
600.00000,0.03000,2.00000,2.00000,0.00000,0.06977,0.07134,257.30574,260.44384,0.01205,4242.00000,2597.00000,0.37991,243.45883
600.00000,0.03000,3.00000,2.00000,0.00000,0.06727,0.07134,257.30574,259.83634,0.00974,4242.00000,4214.00000,0.42250,243.45883
600.00000,0.03000,4.00000,2.00000,0.00000,0.06908,0.07134,257.30574,260.27793,0.01142,4242.00000,4215.00000,0.47778,243.45883
600.00000,0.03000,5.00000,3.00000,0.00000,0.06977,0.07134,257.30574,260.44384,0.01205,4242.00000,2492.00000,0.00859,243.45883
600.00000,0.03000,6.00000,3.00000,0.00000,0.07023,0.07134,257.30574,260.55637,0.01248,4242.00000,3914.00000,0.00000,243.45883
