"Omega","Tolerance","Step Size Rule","Iterations","Converged?","Gap LR","Gap Naive","Obj. Naive","Obj. LR","Gap","Time Naive","Time LR","Final Lambda","LB Heuristic"
600.00000,0.03000,1.00000,4.00000,0.00000,0.07171,0.07082,257.44986,260.91814,0.01329,4223.00000,2513.00000,8.52400,243.45883
600.00000,0.03000,2.00000,2.00000,0.00000,0.06648,0.07082,257.44986,259.64411,0.00845,4223.00000,4207.00000,0.27019,243.45883
600.00000,0.03000,3.00000,2.00000,0.00000,0.06541,0.07082,257.44986,259.38464,0.00746,4223.00000,4208.00000,0.39700,243.45883
600.00000,0.03000,4.00000,2.00000,0.00000,0.06836,0.07082,257.44986,260.10158,0.01019,4223.00000,4207.00000,0.45278,243.45883
600.00000,0.03000,5.00000,4.00000,0.00000,0.07171,0.07082,257.44986,260.91814,0.01329,4223.00000,2445.00000,0.12659,243.45883
600.00000,0.03000,6.00000,3.00000,0.00000,0.07171,0.07082,257.44986,260.91814,0.01329,4223.00000,3452.00000,0.00000,243.45883
