"Omega","Tolerance","Step Size Rule","Iterations","Converged?","Gap LR","Gap Naive","Obj. Naive","Obj. LR","Gap","Time Naive","Time LR","Final Lambda"
600.00000,0.03000,1.00000,2.00000,0.00000,0.04126,0.12441,-243.28517,-253.50491,0.03963,2860.00000,4339.00000,0.19900
600.00000,0.03000,2.00000,2.00000,0.00000,0.06977,0.12441,-243.28517,-260.44384,0.06522,2860.00000,2819.00000,0.37991
600.00000,0.03000,3.00000,2.00000,0.00000,0.06609,0.12441,-243.28517,-259.54813,0.06199,2860.00000,4317.00000,0.40450
600.00000,0.03000,4.00000,2.00000,0.00000,0.06810,0.12441,-243.28517,-260.03884,0.06376,2860.00000,4320.00000,0.46718
600.00000,0.03000,5.00000,2.00000,0.00000,0.07023,0.12441,-243.28517,-260.55637,0.06562,2860.00000,2348.00000,0.14915
600.00000,0.03000,6.00000,2.00000,0.00000,0.07023,0.12441,-243.28517,-260.55637,0.06562,2860.00000,2265.00000,0.95742
