"Omega","Tolerance","Step Size Rule","Iterations","Converged?","Gap LR","Gap Naive","Obj. Naive","Obj. LR","Gap","Time Naive","Time LR","Final Lambda"
600.00000,0.03000,1.00000,3.00000,0.00000,0.06671,0.12415,-243.28517,-259.70030,258.76284,4282.00000,2848.00000,8.77900
600.00000,0.03000,2.00000,2.00000,0.00000,0.06977,0.12415,-243.28517,-260.44384,259.50906,4282.00000,2927.00000,0.37991
600.00000,0.03000,3.00000,2.00000,0.00000,0.06727,0.12415,-243.28517,-259.83634,258.89937,4282.00000,4223.00000,0.42250
600.00000,0.03000,4.00000,2.00000,0.00000,0.06810,0.12415,-243.28517,-260.03884,259.10260,4282.00000,4225.00000,0.46718
600.00000,0.03000,5.00000,4.00000,0.00000,0.06977,0.12415,-243.28517,-260.44384,259.50906,4282.00000,2586.00000,0.01117
600.00000,0.03000,6.00000,3.00000,0.00000,0.06977,0.12415,-243.28517,-260.44384,259.50906,4282.00000,4280.00000,0.00000
