"Omega","Tolerance","Step Size Rule","Iterations","Converged?","Gap LR","Gap Naive","Obj. Naive","Obj. LR","Gap","Time Naive","Time LR","Final Lambda"
600.00000,0.03000,1.00000,1.00000,0.00000,0.07023,0.09066,-252.31100,-260.55637,0.03268,2849.00000,2845.00000,0.31900
600.00000,0.03000,2.00000,1.00000,0.00000,0.07023,0.09066,-252.31100,-260.55637,0.03268,2849.00000,2850.00000,0.44400
600.00000,0.03000,3.00000,1.00000,0.00000,0.07023,0.09066,-252.31100,-260.55637,0.03268,2849.00000,2846.00000,0.43150
600.00000,0.03000,4.00000,1.00000,0.00000,0.07023,0.09066,-252.31100,-260.55637,0.03268,2849.00000,2848.00000,0.46900
600.00000,0.03000,5.00000,1.00000,0.00000,0.07023,0.09066,-252.31100,-260.55637,0.03268,2849.00000,2852.00000,0.14400
600.00000,0.03000,6.00000,1.00000,0.00000,0.07023,0.09066,-252.31100,-260.55637,0.03268,2849.00000,2846.00000,0.00000
