"Omega","Tolerance","Step Size Rule","Iterations","Converged?","Gap LR","Gap Naive","Obj. Naive","Obj. LR","Gap","Time Naive","Time LR","Final Lambda","LB Heuristic"
600.00000,0.03000,1.00000,3.00000,0.00000,0.06671,0.12319,243.28517,259.70030,0.06254,4286.00000,2817.00000,8.77900,243.45883
600.00000,0.03000,2.00000,2.00000,0.00000,0.06977,0.12319,243.28517,260.44384,0.06522,4286.00000,2831.00000,0.37991,243.45883
600.00000,0.03000,3.00000,2.00000,0.00000,0.06727,0.12319,243.28517,259.83634,0.06303,4286.00000,4219.00000,0.42250,243.45883
600.00000,0.03000,4.00000,2.00000,0.00000,0.06810,0.12319,243.28517,260.03884,0.06376,4286.00000,4224.00000,0.46718,243.45883
600.00000,0.03000,5.00000,3.00000,0.00000,0.06977,0.12319,243.28517,260.44384,0.06522,4286.00000,2429.00000,0.00859,243.45883
600.00000,0.03000,6.00000,3.00000,0.00000,0.06977,0.12319,243.28517,260.44384,0.06522,4286.00000,4357.00000,0.00000,243.45883
