"Omega","Tolerance","Step Size Rule","Iterations","Converged?","Gap LR","Gap Naive","Obj. Naive","Obj. LR","Gap","Time Naive","Time LR","Final Lambda","LB Heuristic"
600.00000,0.03000,1.00000,4.00000,0.00000,0.07171,0.07082,257.44986,260.91814,0.01329,4227.00000,2489.00000,8.52400,243.45883
600.00000,0.03000,2.00000,2.00000,0.00000,0.06802,0.07082,257.44986,260.01792,0.00988,4227.00000,4207.00000,0.22257,243.45883
600.00000,0.03000,3.00000,2.00000,0.00000,0.06541,0.07082,257.44986,259.38464,0.00746,4227.00000,4208.00000,0.39700,243.45883
600.00000,0.03000,4.00000,2.00000,0.00000,0.06718,0.07082,257.44986,259.81384,0.00910,4227.00000,4208.00000,0.44218,243.45883
600.00000,0.03000,5.00000,3.00000,0.00000,0.07023,0.07082,257.44986,260.55637,0.01192,4227.00000,2428.00000,0.15259,243.45883
600.00000,0.03000,6.00000,3.00000,0.00000,0.07171,0.07082,257.44986,260.91814,0.01329,4227.00000,3604.00000,0.00000,243.45883
