"Omega","Tolerance","Step Size Rule","Iterations","Converged?","Gap LR","Gap Naive","Obj. Naive","Obj. LR","Gap","Time Naive","Time LR","Final Lambda","LB Heuristic"
600.00000,0.03000,1.00000,4.00000,0.00000,0.06691,0.06368,259.42773,260.91814,0.00571,4225.00000,2451.00000,8.52400,243.45883
600.00000,0.03000,2.00000,2.00000,0.00000,0.06368,0.06368,259.42773,260.01792,0.00227,4225.00000,4205.00000,0.22257,243.45883
600.00000,0.03000,3.00000,2.00000,0.00000,0.06179,0.06368,259.42773,259.49222,0.00025,4225.00000,4209.00000,0.40900,243.45883
600.00000,0.03000,4.00000,2.00000,0.00000,0.06399,0.06368,259.42773,260.10158,0.00259,4225.00000,4211.00000,0.45278,243.45883
600.00000,0.03000,5.00000,5.00000,0.00000,0.06691,0.06368,259.42773,260.91814,0.00571,4225.00000,2453.00000,0.12866,243.45883
600.00000,0.03000,6.00000,3.00000,0.00000,0.06691,0.06368,259.42773,260.91814,0.00571,4225.00000,3267.00000,0.00000,243.45883
