"Omega","Tolerance","Step Size Rule","Iterations","Converged?","Gap LR","Gap Naive","Obj. Naive","Obj. LR","Gap","Time Naive","Time LR","Final Lambda","LB Heuristic"
600.00000,0.03000,1.00000,5.00000,0.00000,0.07171,0.07082,257.44986,260.91814,0.01329,4237.00000,2474.00000,8.25400,243.45883
600.00000,0.03000,2.00000,2.00000,0.00000,0.06802,0.07082,257.44986,260.01792,0.00988,4237.00000,4205.00000,0.22257,243.45883
600.00000,0.03000,3.00000,2.00000,0.00000,0.06750,0.07082,257.44986,259.89158,0.00940,4237.00000,4206.00000,0.40300,243.45883
600.00000,0.03000,4.00000,2.00000,0.00000,0.06836,0.07082,257.44986,260.10158,0.01019,4237.00000,4206.00000,0.45278,243.45883
600.00000,0.03000,5.00000,4.00000,0.00000,0.07171,0.07082,257.44986,260.91814,0.01329,4237.00000,2408.00000,0.12659,243.45883
600.00000,0.03000,6.00000,3.00000,0.00000,0.07255,0.07082,257.44986,261.12206,0.01406,4237.00000,3370.00000,0.00000,243.45883
