"Omega","Tolerance","Step Size Rule","Iterations","Converged?","Gap LR","Gap Naive","Obj. Naive","Obj. LR","Gap","Time Naive","Time LR","Final Lambda","LB Heuristic"
600.00000,0.03000,1.00000,4.00000,0.00000,0.06691,0.07082,257.44986,260.91814,0.01329,4236.00000,2489.00000,8.52400,243.45883
600.00000,0.03000,2.00000,2.00000,0.00000,0.06368,0.07082,257.44986,260.01792,0.00988,4236.00000,4205.00000,0.22257,243.45883
600.00000,0.03000,3.00000,2.00000,0.00000,0.06140,0.07082,257.44986,259.38464,0.00746,4236.00000,4207.00000,0.39700,243.45883
600.00000,0.03000,4.00000,2.00000,0.00000,0.06399,0.07082,257.44986,260.10158,0.01019,4236.00000,4206.00000,0.45278,243.45883
600.00000,0.03000,5.00000,5.00000,0.00000,0.06691,0.07082,257.44986,260.91814,0.01329,4236.00000,2455.00000,0.12866,243.45883
600.00000,0.03000,6.00000,3.00000,0.00000,0.06764,0.07082,257.44986,261.12206,0.01406,4236.00000,3510.00000,0.00000,243.45883
