"Omega","Tolerance","Step Size Rule","Iterations","Converged?","Gap LR","Gap Naive","Obj. Naive","Obj. LR","Gap","Time Naive","Time LR","Final Lambda","LB Heuristic"
600.00000,0.05000,1.00000,3.00000,0.00000,0.08963,0.16464,237.27075,261.28143,0.08225,4284.00000,2650.00000,8.46566,239.79010
600.00000,0.05000,2.00000,3.00000,0.00000,0.08963,0.16464,237.27075,261.28143,0.08225,4284.00000,2679.00000,0.21093,239.79010
600.00000,0.05000,3.00000,2.00000,0.00000,0.08963,0.16464,237.27075,261.28143,0.08225,4284.00000,2433.00000,3.83066,239.79010
600.00000,0.05000,4.00000,2.00000,1.00000,0.00000,0.16464,237.27075,239.79010,0.00000,4284.00000,4219.00000,0.42566,239.79010
600.00000,0.05000,5.00000,4.00000,0.00000,0.08963,0.16464,237.27075,261.28143,0.08225,4284.00000,2483.00000,0.01140,239.79010
600.00000,0.05000,6.00000,3.00000,0.00000,0.08963,0.16464,237.27075,261.28143,0.08225,4284.00000,4343.00000,0.00000,239.79010
