"Omega","Tolerance","Step Size Rule","Iterations","Converged?","Gap LR","Gap Naive","Obj. Naive","Obj. LR","Gap","Time Naive","Time LR","Final Lambda","LB Heuristic"
600.00000,0.05000,1.00000,3.00000,0.00000,0.08963,0.16464,237.27075,261.28143,0.08225,4302.00000,2554.00000,8.46566,239.79010
600.00000,0.05000,2.00000,3.00000,0.00000,0.08963,0.16464,237.27075,261.28143,0.08225,4302.00000,2556.00000,0.21093,239.79010
600.00000,0.05000,3.00000,3.00000,0.00000,0.08963,0.16464,237.27075,261.28143,0.08225,4302.00000,3022.00000,3.68066,239.79010
600.00000,0.05000,4.00000,2.00000,0.00000,0.08963,0.16464,237.27075,261.28143,0.08225,4302.00000,4210.00000,2.44092,239.79010
600.00000,0.05000,5.00000,4.00000,0.00000,0.08963,0.16464,237.27075,261.28143,0.08225,4302.00000,2425.00000,0.01140,239.79010
600.00000,0.05000,6.00000,3.00000,0.00000,0.08963,0.16464,237.27075,261.28143,0.08225,4302.00000,4318.00000,0.00000,239.79010
