"Omega","Tolerance","Step Size Rule","Iterations","Converged?","Gap LR","Gap Naive","Obj. Naive","Obj. LR","Gap","Time Naive","Time LR","Final Lambda","LB Heuristic"
600.00000,0.05000,1.00000,4.00000,0.00000,0.09188,0.13029,246.17086,261.82182,0.05978,4223.00000,2603.00000,7.98566,239.79010
600.00000,0.05000,2.00000,4.00000,0.00000,0.09188,0.13029,246.17086,261.82182,0.05978,4223.00000,2476.00000,0.27606,239.79010
600.00000,0.05000,3.00000,3.00000,0.00000,0.09188,0.13029,246.17086,261.82182,0.05978,4223.00000,2652.00000,3.66566,239.79010
600.00000,0.05000,4.00000,3.00000,0.00000,0.09188,0.13029,246.17086,261.82182,0.05978,4223.00000,3059.00000,2.34720,239.79010
600.00000,0.05000,5.00000,5.00000,0.00000,0.09188,0.13029,246.17086,261.82182,0.05978,4223.00000,2427.00000,0.01351,239.79010
600.00000,0.05000,6.00000,3.00000,0.00000,0.09188,0.13029,246.17086,261.82182,0.05978,4223.00000,4264.00000,0.00000,239.79010
