"Omega","Tolerance","Step Size Rule","Iterations","Converged?","Gap LR","Gap Naive","Obj. Naive","Obj. LR","Gap","Time Naive","Time LR","Final Lambda","LB Heuristic"
600.00000,0.05000,1.00000,4.00000,0.00000,0.08963,0.15118,241.09167,261.28143,0.07727,4231.00000,2463.00000,8.01566,239.79010
600.00000,0.05000,2.00000,4.00000,0.00000,0.08963,0.15118,241.09167,261.28143,0.07727,4231.00000,2434.00000,0.21356,239.79010
600.00000,0.05000,3.00000,3.00000,0.00000,0.08963,0.15118,241.09167,261.28143,0.07727,4231.00000,2634.00000,3.68066,239.79010
600.00000,0.05000,4.00000,3.00000,0.00000,0.09055,0.15118,241.09167,261.50414,0.07806,4231.00000,3368.00000,2.34720,239.79010
600.00000,0.05000,5.00000,5.00000,0.00000,0.08963,0.15118,241.09167,261.28143,0.07727,4231.00000,2434.00000,0.01351,239.79010
600.00000,0.05000,6.00000,3.00000,0.00000,0.08963,0.15118,241.09167,261.28143,0.07727,4231.00000,4278.00000,0.00000,239.79010
