"Omega","Tolerance","Step Size Rule","Iterations","Converged?","Gap LR","Gap Naive","Obj. Naive","Obj. LR","Gap","Time Naive","Time LR","Final Lambda"
600.00000,0.05000,1.00000,1.00000,0.00000,0.08963,0.15119,-241.09167,-261.28143,0.08374,2846.00000,2848.00000,0.36566
600.00000,0.05000,2.00000,1.00000,0.00000,0.08963,0.15119,-241.09167,-261.28143,0.08374,2846.00000,2847.00000,0.20566
600.00000,0.05000,3.00000,1.00000,0.00000,0.08963,0.15119,-241.09167,-261.28143,0.08374,2846.00000,2853.00000,0.41066
600.00000,0.05000,4.00000,1.00000,0.00000,0.08963,0.15119,-241.09167,-261.28143,0.08374,2846.00000,2850.00000,0.42566
600.00000,0.05000,5.00000,1.00000,0.00000,0.08963,0.15119,-241.09167,-261.28143,0.08374,2846.00000,2851.00000,0.00000
600.00000,0.05000,6.00000,1.00000,0.00000,0.08963,0.15119,-241.09167,-261.28143,0.08374,2846.00000,2842.00000,0.00000
