"Omega","Tolerance","Step Size Rule","Iterations","Converged?","Gap LR","Gap Naive","Obj. Naive","Obj. LR","Gap","Time Naive","Time LR","Final Lambda"
600.00000,0.05000,1.00000,2.00000,0.00000,0.08963,0.16474,-237.27075,-261.28143,0.08225,2877.00000,2436.00000,8.91566
600.00000,0.05000,2.00000,2.00000,0.00000,0.08963,0.16474,-237.27075,-261.28143,0.08225,2877.00000,2420.00000,0.20830
600.00000,0.05000,3.00000,2.00000,0.00000,0.08963,0.16474,-237.27075,-261.28143,0.08225,2877.00000,2442.00000,3.83066
600.00000,0.05000,4.00000,2.00000,0.00000,0.04275,0.16474,-237.27075,-250.04068,0.04100,2877.00000,4323.00000,0.31960
600.00000,0.05000,5.00000,2.00000,0.00000,0.08963,0.16474,-237.27075,-261.28143,0.08225,2877.00000,2329.00000,0.00526
600.00000,0.05000,6.00000,2.00000,0.00000,0.08963,0.16474,-237.27075,-261.28143,0.08225,2877.00000,2306.00000,1.02580
