"Omega","Tolerance","Step Size Rule","Iterations","Converged?","Gap LR","Gap Naive","Obj. Naive","Obj. LR","Gap","Time Naive","Time LR","Final Lambda"
600.00000,0.05000,1.00000,3.00000,0.00000,0.08963,0.15119,-241.09167,-261.28143,260.35870,4285.00000,2692.00000,8.46566
600.00000,0.05000,2.00000,3.00000,0.00000,0.08963,0.15119,-241.09167,-261.28143,260.35870,4285.00000,2709.00000,0.21093
600.00000,0.05000,3.00000,2.00000,0.00000,0.08963,0.15119,-241.09167,-261.28143,260.35870,4285.00000,2409.00000,3.83066
600.00000,0.05000,4.00000,2.00000,1.00000,0.00000,0.15119,-241.09167,-239.79010,238.78467,4285.00000,4217.00000,0.42566
600.00000,0.05000,5.00000,4.00000,0.00000,0.08963,0.15119,-241.09167,-261.28143,260.35870,4285.00000,2454.00000,0.01140
600.00000,0.05000,6.00000,3.00000,0.00000,0.08963,0.15119,-241.09167,-261.28143,260.35870,4285.00000,4349.00000,0.00000
