"Omega","Tolerance","Step Size Rule","Iterations","Converged?","Gap LR","Gap Naive","Obj. Naive","Obj. LR","Gap","Time Naive","Time LR","Final Lambda"
900.00000,0.03000,1.00000,1.00000,0.00000,0.04826,0.18345,-226.37694,-236.41112,0.04433,2899.00000,2894.00000,0.00000
900.00000,0.03000,2.00000,1.00000,0.00000,0.04826,0.18345,-226.37694,-236.41112,0.04433,2899.00000,2903.00000,0.31608
900.00000,0.03000,3.00000,1.00000,0.00000,0.04826,0.18345,-226.37694,-236.41112,0.04433,2899.00000,2900.00000,0.16914
900.00000,0.03000,4.00000,1.00000,0.00000,0.04826,0.18345,-226.37694,-236.41112,0.04433,2899.00000,2899.00000,0.23664
900.00000,0.03000,5.00000,1.00000,0.00000,0.04826,0.18345,-226.37694,-236.41112,0.04433,2899.00000,2901.00000,0.14941
900.00000,0.03000,6.00000,1.00000,0.00000,0.04826,0.18345,-226.37694,-236.41112,0.04433,2899.00000,2865.00000,1.25958
