"Omega","Tolerance","Step Size Rule","Iterations","Converged?","Gap LR","Gap Naive","Obj. Naive","Obj. LR","Gap","Time Naive","Time LR","Final Lambda","LB Heuristic"
900.00000,0.03000,1.00000,3.00000,0.00000,0.03257,0.18129,226.46017,256.48954,0.03155,4237.00000,2484.00000,12.80664,248.39831
900.00000,0.03000,2.00000,2.00000,0.00000,0.02799,0.18129,226.46017,255.35204,0.02723,4237.00000,4210.00000,0.00000,248.39831
900.00000,0.03000,3.00000,3.00000,0.00000,0.03097,0.18129,226.46017,256.09006,0.03004,4237.00000,2852.00000,5.35214,248.39831
900.00000,0.03000,4.00000,2.00000,0.00000,0.00329,0.18129,226.46017,249.21579,0.00328,4237.00000,4206.00000,0.27603,248.39831
900.00000,0.03000,5.00000,4.00000,0.00000,0.03023,0.18129,226.46017,255.90815,0.02935,4237.00000,2557.00000,0.00745,248.39831
900.00000,0.03000,6.00000,3.00000,0.00000,0.03257,0.18129,226.46017,256.48954,0.03155,4237.00000,3360.00000,0.13518,248.39831
