"Omega","Tolerance","Step Size Rule","Iterations","Converged?","Gap LR","Gap Naive","Obj. Naive","Obj. LR","Gap","Time Naive","Time LR","Final Lambda"
900.00000,0.03000,1.00000,2.00000,0.00000,0.04826,0.18477,-226.37694,-236.41112,-0.05070,2955.00000,2757.00000,13.09500
900.00000,0.03000,2.00000,1.00000,0.00000,0.04826,0.18477,-226.37694,-236.41112,-0.05070,2955.00000,2274.00000,0.31608
900.00000,0.03000,3.00000,1.00000,0.00000,0.04826,0.18477,-226.37694,-236.41112,-0.05070,2955.00000,2258.00000,0.16914
900.00000,0.03000,4.00000,1.00000,0.00000,0.04826,0.18477,-226.37694,-236.41112,-0.05070,2955.00000,2272.00000,0.23664
900.00000,0.03000,5.00000,1.00000,0.00000,0.04826,0.18477,-226.37694,-236.41112,-0.05070,2955.00000,2262.00000,0.14941
900.00000,0.03000,6.00000,2.00000,0.00000,0.04826,0.18477,-226.37694,-236.41112,-0.05070,2955.00000,4432.00000,0.00000
