"Omega","Tolerance","Step Size Rule","Iterations","Converged?","Gap LR","Gap Naive","Obj. Naive","Obj. LR","Gap","Time Naive","Time LR","Final Lambda","LB Heuristic"
900.00000,0.03000,1.00000,1.00000,1.00000,0.00000,0.18363,226.37694,248.39831,0.00000,4337.00000,2109.00000,0.37164,248.39831
900.00000,0.03000,2.00000,1.00000,1.00000,0.00000,0.18363,226.37694,248.39831,0.00000,4337.00000,2109.00000,0.37164,248.39831
900.00000,0.03000,3.00000,1.00000,1.00000,0.00000,0.18363,226.37694,248.39831,0.00000,4337.00000,2110.00000,0.37164,248.39831
900.00000,0.03000,4.00000,1.00000,1.00000,0.00000,0.18363,226.37694,248.39831,0.00000,4337.00000,2110.00000,0.37164,248.39831
900.00000,0.03000,5.00000,1.00000,1.00000,0.00000,0.18363,226.37694,248.39831,0.00000,4337.00000,2110.00000,0.37164,248.39831
900.00000,0.03000,6.00000,1.00000,1.00000,0.00000,0.18363,226.37694,248.39831,0.00000,4337.00000,2110.00000,0.37164,248.39831
