"Omega","Tolerance","Step Size Rule","Iterations","Converged?","Gap LR","Gap Naive","Obj. Naive","Obj. LR","Gap","Time Naive","Time LR","Final Lambda","LB Heuristic"
900.00000,0.03000,2.00000,1.00000,1.00000,0.00000,0.18345,226.37694,248.39831,0.00000,4271.00000,2104.00000,0.37164,248.39831
900.00000,0.03000,3.00000,1.00000,1.00000,0.00000,0.18345,226.37694,248.39831,0.00000,4271.00000,2108.00000,0.37164,248.39831
900.00000,0.03000,4.00000,1.00000,1.00000,0.00000,0.18345,226.37694,248.39831,0.00000,4271.00000,2105.00000,0.37164,248.39831
900.00000,0.03000,5.00000,1.00000,1.00000,0.00000,0.18345,226.37694,248.39831,0.00000,4271.00000,2106.00000,0.37164,248.39831
900.00000,0.03000,6.00000,1.00000,1.00000,0.00000,0.18345,226.37694,248.39831,0.00000,4271.00000,2106.00000,0.37164,248.39831
