"Omega","Tolerance","Step Size Rule","Iterations","Converged?","Gap LR","Gap Naive","Obj. Naive","Obj. LR","Gap","Time Naive","Time LR","Final Lambda"
100.00000,0.05000,1.00000,10.00000,0.00000,0.06234,0.00000,-280.75729,-298.25830,0.06234,7.00000,2.00000,27.76724
100.00000,0.05000,2.00000,10.00000,0.00000,0.04631,0.00000,-280.75729,-293.75830,0.04631,7.00000,25.00000,2.81987
100.00000,0.05000,3.00000,10.00000,0.00000,0.06234,0.00000,-280.75729,-298.25830,0.06234,7.00000,2.00000,22.71755
100.00000,0.05000,4.00000,10.00000,0.00000,0.06234,0.00000,-280.75729,-298.25830,0.06234,7.00000,2.00000,40.21475
100.00000,0.05000,5.00000,10.00000,0.00000,0.05226,0.00000,-280.75729,-295.42933,0.05226,7.00000,27.00000,2.79807
100.00000,0.05000,6.00000,10.00000,0.00000,0.01620,0.00000,-280.75729,-285.30474,0.01620,7.00000,12.00000,2.73830
