"Omega","Tolerance","Step Size Rule","Iterations","Converged?","Gap LR","Gap Naive","Obj. Naive","Obj. LR","Gap","Time Naive","Time LR","Final Lambda","LB Heuristic"
100.00000,0.03000,1.00000,10.00000,0.00000,0.02716,0.00000,281.43983,287.80288,0.02211,274.00000,636.00000,3.80776,279.98574
100.00000,0.03000,2.00000,10.00000,0.00000,0.02206,0.00000,281.43983,286.30288,0.01699,274.00000,488.00000,2.39693,279.98574
100.00000,0.03000,3.00000,10.00000,0.00000,0.02716,0.00000,281.43983,287.80288,0.02211,274.00000,624.00000,3.38655,279.98574
100.00000,0.03000,4.00000,10.00000,0.00000,0.02628,0.00000,281.43983,287.54286,0.02122,274.00000,712.00000,3.18244,279.98574
100.00000,0.03000,5.00000,10.00000,0.00000,0.02253,0.00000,281.43983,286.44014,0.01746,274.00000,440.00000,1.90800,279.98574
100.00000,0.03000,6.00000,10.00000,0.00000,0.02272,0.00000,281.43983,286.49634,0.01765,274.00000,503.00000,2.43143,279.98574
