"Omega","Tolerance","Step Size Rule","Iterations","Converged?","Gap LR","Gap Naive","Obj. Naive","Obj. LR","Gap","Time Naive","Time LR","Final Lambda","LB Heuristic"
600.00000,0.05000,1.00000,2.00000,0.00000,0.04811,0.11900,249.35051,260.15534,0.04153,4224.00000,4222.00000,0.17467,248.21290
600.00000,0.05000,2.00000,2.00000,0.00000,0.04911,0.11900,249.35051,260.40327,0.04244,4224.00000,4207.00000,0.84429,248.21290
600.00000,0.05000,3.00000,2.00000,0.00000,0.03916,0.11900,249.35051,257.93171,0.03327,4224.00000,4218.00000,0.36817,248.21290
600.00000,0.05000,4.00000,2.00000,0.00000,0.04911,0.11900,249.35051,260.40327,0.04244,4224.00000,4207.00000,0.43578,248.21290
600.00000,0.05000,5.00000,2.00000,0.00000,0.06630,0.11900,249.35051,264.66920,0.05788,4224.00000,4202.00000,0.23943,248.21290
600.00000,0.05000,6.00000,6.00000,0.00000,0.06773,0.11900,249.35051,265.02447,0.05914,4224.00000,4100.00000,0.00000,248.21290
