"Omega","Tolerance","Step Size Rule","Iterations","Converged?","Gap LR","Gap Naive","Obj. Naive","Obj. LR","Gap","Time Naive","Time LR","Final Lambda","LB Heuristic"
600.00000,0.05000,1.00000,3.00000,0.00000,0.03050,0.14781,241.86862,255.78431,0.02960,4276.00000,2631.00000,8.15467,248.21290
600.00000,0.05000,2.00000,2.00000,0.00000,0.03050,0.14781,241.86862,255.78431,0.02960,4276.00000,2412.00000,0.40675,248.21290
600.00000,0.05000,3.00000,2.00000,0.00000,0.03050,0.14781,241.86862,255.78431,0.02960,4276.00000,2404.00000,3.67717,248.21290
600.00000,0.05000,4.00000,3.00000,0.00000,0.03050,0.14781,241.86862,255.78431,0.02960,4276.00000,3958.00000,2.25332,248.21290
600.00000,0.05000,5.00000,3.00000,0.00000,0.03050,0.14781,241.86862,255.78431,0.02960,4276.00000,2501.00000,0.24622,248.21290
600.00000,0.05000,6.00000,3.00000,0.00000,0.04911,0.14781,241.86862,260.40327,0.04681,4276.00000,2525.00000,0.49752,248.21290
