"Omega","Tolerance","Step Size Rule","Iterations","Converged?","Gap LR","Gap Naive","Obj. Naive","Obj. LR","Gap","Time Naive","Time LR","Final Lambda","LB Heuristic"
600.00000,0.05000,1.00000,2.00000,0.00000,0.04465,0.14325,242.72989,259.29678,0.04275,4228.00000,4206.00000,0.57967,248.21290
600.00000,0.05000,2.00000,2.00000,0.00000,0.04911,0.14325,242.72989,260.40327,0.04681,4228.00000,4211.00000,0.84429,248.21290
600.00000,0.05000,3.00000,2.00000,0.00000,0.03874,0.14325,242.72989,257.82857,0.03729,4228.00000,4213.00000,0.35017,248.21290
600.00000,0.05000,4.00000,2.00000,0.00000,0.04911,0.14325,242.72989,260.40327,0.04681,4228.00000,4212.00000,0.43578,248.21290
600.00000,0.05000,5.00000,2.00000,0.00000,0.04911,0.14325,242.72989,260.40327,0.04681,4228.00000,2861.00000,2.35967,248.21290
600.00000,0.05000,6.00000,2.00000,0.00000,0.06971,0.14325,242.72989,265.51657,0.06517,4228.00000,4129.00000,0.00000,248.21290
