"Omega","Tolerance","Step Size Rule","Iterations","Converged?","Gap LR","Gap Naive","Obj. Naive","Obj. LR","Gap","Time Naive","Time LR","Final Lambda","LB Heuristic"
600.00000,0.05000,1.00000,3.00000,0.00000,0.03050,0.14781,241.86862,255.78431,0.02960,4291.00000,2503.00000,8.15467,248.21290
600.00000,0.05000,2.00000,3.00000,0.00000,0.03050,0.14781,241.86862,255.78431,0.02960,4291.00000,2616.00000,0.40938,248.21290
600.00000,0.05000,3.00000,3.00000,0.00000,0.03050,0.14781,241.86862,255.78431,0.02960,4291.00000,3048.00000,3.52717,248.21290
600.00000,0.05000,4.00000,3.00000,0.00000,0.03050,0.14781,241.86862,255.78431,0.02960,4291.00000,3684.00000,2.25332,248.21290
600.00000,0.05000,5.00000,2.00000,0.00000,0.04911,0.14781,241.86862,260.40327,0.04681,4291.00000,2858.00000,2.35967,248.21290
600.00000,0.05000,6.00000,2.00000,0.00000,0.04911,0.14781,241.86862,260.40327,0.04681,4291.00000,2415.00000,0.00000,248.21290
