"Omega","Tolerance","Step Size Rule","Iterations","Converged?","Gap LR","Gap Naive","Obj. Naive","Obj. LR","Gap","Time Naive","Time LR","Final Lambda"
600.00000,0.05000,1.00000,2.00000,0.00000,0.03050,0.14793,-241.86862,-255.78431,0.02960,2874.00000,2358.00000,8.60467
600.00000,0.05000,2.00000,2.00000,0.00000,0.03050,0.14793,-241.86862,-255.78431,0.02960,2874.00000,2452.00000,0.40675
600.00000,0.05000,3.00000,2.00000,0.00000,0.03050,0.14793,-241.86862,-255.78431,0.02960,2874.00000,2403.00000,3.67717
600.00000,0.05000,4.00000,2.00000,0.00000,0.03050,0.14793,-241.86862,-255.78431,0.02960,2874.00000,2430.00000,2.33992
600.00000,0.05000,5.00000,2.00000,0.00000,0.03050,0.14793,-241.86862,-255.78431,0.02960,2874.00000,2504.00000,0.24271
600.00000,0.05000,6.00000,2.00000,0.00000,0.03050,0.14793,-241.86862,-255.78431,0.02960,2874.00000,2424.00000,0.99505
