"Omega","Tolerance","Step Size Rule","Iterations","Converged?","Gap LR","Gap Naive","Obj. Naive","Obj. LR","Gap","Time Naive","Time LR","Final Lambda"
600.00000,0.05000,1.00000,3.00000,0.00000,0.03050,0.14781,-241.86862,-255.78431,254.81391,4274.00000,2637.00000,8.15467
600.00000,0.05000,2.00000,2.00000,0.00000,0.03050,0.14781,-241.86862,-255.78431,254.81391,4274.00000,2415.00000,0.40675
600.00000,0.05000,3.00000,3.00000,0.00000,0.03050,0.14781,-241.86862,-255.78431,254.81391,4274.00000,3379.00000,3.52717
600.00000,0.05000,4.00000,3.00000,0.00000,0.03670,0.14781,-241.86862,-257.32300,256.35840,4274.00000,4178.00000,2.27832
600.00000,0.05000,5.00000,3.00000,0.00000,0.03050,0.14781,-241.86862,-255.78431,254.81391,4274.00000,2537.00000,0.24622
600.00000,0.05000,6.00000,3.00000,0.00000,0.03050,0.14781,-241.86862,-255.78431,254.81391,4274.00000,4388.00000,0.11691
