"Omega","Tolerance","Step Size Rule","Iterations","Converged?","Gap LR","Gap Naive","Obj. Naive","Obj. LR","Gap","Time Naive","Time LR","Final Lambda","LB Heuristic"
600.00000,0.05000,1.00000,3.00000,0.00000,0.03050,0.14781,241.86862,255.78431,0.02960,4243.00000,2454.00000,8.15467,248.21290
600.00000,0.05000,2.00000,3.00000,0.00000,0.03050,0.14781,241.86862,255.78431,0.02960,4243.00000,2538.00000,0.40938,248.21290
600.00000,0.05000,3.00000,2.00000,0.00000,0.03299,0.14781,241.86862,256.40105,0.03193,4243.00000,4213.00000,0.32017,248.21290
600.00000,0.05000,4.00000,3.00000,0.00000,0.03050,0.14781,241.86862,255.78431,0.02960,4243.00000,3355.00000,2.25332,248.21290
600.00000,0.05000,5.00000,2.00000,0.00000,0.04911,0.14781,241.86862,260.40327,0.04681,4243.00000,3032.00000,2.35967,248.21290
600.00000,0.05000,6.00000,3.00000,0.00000,0.03050,0.14781,241.86862,255.78431,0.02960,4243.00000,4379.00000,0.11691,248.21290
