"Omega","Tolerance","Step Size Rule","Iterations","Converged?","Gap LR","Gap Naive","Obj. Naive","Obj. LR","Gap","Time Naive","Time LR","Final Lambda","LB Heuristic"
600.00000,0.05000,1.00000,3.00000,0.00000,0.03050,0.14781,241.86862,255.78431,0.02960,4271.00000,2600.00000,8.15467,248.21290
600.00000,0.05000,2.00000,3.00000,0.00000,0.03050,0.14781,241.86862,255.78431,0.02960,4271.00000,2755.00000,0.40938,248.21290
600.00000,0.05000,3.00000,3.00000,0.00000,0.03050,0.14781,241.86862,255.78431,0.02960,4271.00000,3516.00000,3.52717,248.21290
600.00000,0.05000,4.00000,3.00000,0.00000,0.03050,0.14781,241.86862,255.78431,0.02960,4271.00000,4127.00000,2.25332,248.21290
600.00000,0.05000,5.00000,3.00000,0.00000,0.03050,0.14781,241.86862,255.78431,0.02960,4271.00000,2504.00000,0.24622,248.21290
600.00000,0.05000,6.00000,3.00000,0.00000,0.03050,0.14781,241.86862,255.78431,0.02960,4271.00000,4357.00000,0.11691,248.21290
