"Omega","Tolerance","Step Size Rule","Iterations","Converged?","Gap LR","Gap Naive","Obj. Naive","Obj. LR","Gap","Time Naive","Time LR","Final Lambda"
600.00000,0.05000,1.00000,1.00000,0.00000,0.05954,0.14781,-241.86862,-262.99177,0.08733,2843.00000,2849.00000,0.35467
600.00000,0.05000,2.00000,1.00000,0.00000,0.05954,0.14781,-241.86862,-262.99177,0.08733,2843.00000,2851.00000,0.24538
600.00000,0.05000,3.00000,1.00000,0.00000,0.05954,0.14781,-241.86862,-262.99177,0.08733,2843.00000,2852.00000,0.40717
600.00000,0.05000,4.00000,1.00000,0.00000,0.05954,0.14781,-241.86862,-262.99177,0.08733,2843.00000,2853.00000,0.42467
600.00000,0.05000,5.00000,1.00000,0.00000,0.05954,0.14781,-241.86862,-262.99177,0.08733,2843.00000,2853.00000,0.00000
600.00000,0.05000,6.00000,1.00000,0.00000,0.05954,0.14781,-241.86862,-262.99177,0.08733,2843.00000,2833.00000,0.00000
