"Omega","Tolerance","Step Size Rule","Iterations","Converged?","Gap LR","Gap Naive","Obj. Naive","Obj. LR","Gap","Time Naive","Time LR","Final Lambda","LB Heuristic"
600.00000,0.05000,1.00000,2.00000,0.00000,0.05335,0.14083,245.03030,263.59094,0.05065,4265.00000,2424.00000,8.92999,250.24026
600.00000,0.05000,2.00000,3.00000,0.00000,0.05335,0.14083,245.03030,263.59094,0.05065,4265.00000,2659.00000,0.16026,250.24026
600.00000,0.05000,3.00000,2.00000,0.00000,0.05883,0.14083,245.03030,264.96298,0.05557,4265.00000,2429.00000,3.72499,250.24026
600.00000,0.05000,4.00000,2.00000,1.00000,0.00000,0.14083,245.03030,250.24026,0.00000,4265.00000,4220.00000,0.42999,250.24026
600.00000,0.05000,5.00000,3.00000,0.00000,0.05883,0.14083,245.03030,264.96298,0.05557,4265.00000,2473.00000,0.16377,250.24026
600.00000,0.05000,6.00000,3.00000,0.00000,0.05883,0.14083,245.03030,264.96298,0.05557,4265.00000,4342.00000,0.00000,250.24026
