"Omega","Tolerance","Step Size Rule","Iterations","Converged?","Gap LR","Gap Naive","Obj. Naive","Obj. LR","Gap","Time Naive","Time LR","Final Lambda"
600.00000,0.05000,1.00000,2.00000,0.00000,0.05335,0.14083,-245.03030,-263.59094,262.64159,4276.00000,2438.00000,8.92999
600.00000,0.05000,2.00000,2.00000,0.00000,0.05883,0.14083,-245.03030,-264.96298,264.01854,4276.00000,2470.00000,0.38263
600.00000,0.05000,3.00000,2.00000,0.00000,0.05883,0.14083,-245.03030,-264.96298,264.01854,4276.00000,2458.00000,3.72499
600.00000,0.05000,4.00000,2.00000,1.00000,0.00000,0.14083,-245.03030,-250.24026,249.24026,4276.00000,4220.00000,0.42999
600.00000,0.05000,5.00000,3.00000,0.00000,0.05883,0.14083,-245.03030,-264.96298,264.01854,4276.00000,2472.00000,0.16377
600.00000,0.05000,6.00000,3.00000,0.00000,0.05883,0.14083,-245.03030,-264.96298,264.01854,4276.00000,4319.00000,0.00000
