"Omega","Tolerance","Step Size Rule","Iterations","Converged?","Gap LR","Gap Naive","Obj. Naive","Obj. LR","Gap","Time Naive","Time LR","Final Lambda","LB Heuristic"
600.00000,0.05000,1.00000,3.00000,0.00000,0.05883,0.14083,245.03030,264.96298,0.05557,4286.00000,2603.00000,8.25499,250.24026
600.00000,0.05000,2.00000,3.00000,0.00000,0.05883,0.14083,245.03030,264.96298,0.05557,4286.00000,2593.00000,0.38526,250.24026
600.00000,0.05000,3.00000,3.00000,0.00000,0.05883,0.14083,245.03030,264.96298,0.05557,4286.00000,2839.00000,3.57499,250.24026
600.00000,0.05000,4.00000,3.00000,0.00000,0.05883,0.14083,245.03030,264.96298,0.05557,4286.00000,3629.00000,2.28365,250.24026
600.00000,0.05000,5.00000,4.00000,0.00000,0.05883,0.14083,245.03030,264.96298,0.05557,4286.00000,2506.00000,0.16640,250.24026
600.00000,0.05000,6.00000,3.00000,0.00000,0.05883,0.14083,245.03030,264.96298,0.05557,4286.00000,4292.00000,0.00000,250.24026
