"Omega","Tolerance","Step Size Rule","Iterations","Converged?","Gap LR","Gap Naive","Obj. Naive","Obj. LR","Gap","Time Naive","Time LR","Final Lambda"
600.00000,0.05000,1.00000,2.00000,0.00000,0.03870,0.14083,-245.03030,-259.92551,0.03726,2867.00000,2370.00000,8.62999
600.00000,0.05000,2.00000,2.00000,0.00000,0.03870,0.14083,-245.03030,-259.92551,0.03726,2867.00000,2444.00000,0.39763
600.00000,0.05000,3.00000,2.00000,0.00000,0.03870,0.14083,-245.03030,-259.92551,0.03726,2867.00000,2405.00000,3.68749
600.00000,0.05000,4.00000,2.00000,0.00000,0.03870,0.14083,-245.03030,-259.92551,0.03726,2867.00000,2457.00000,2.34525
600.00000,0.05000,5.00000,2.00000,0.00000,0.03870,0.14083,-245.03030,-259.92551,0.03726,2867.00000,2489.00000,0.22026
600.00000,0.05000,6.00000,2.00000,0.00000,0.03870,0.14083,-245.03030,-259.92551,0.03726,2867.00000,2365.00000,0.99208
