"Omega","Tolerance","Step Size Rule","Iterations","Converged?","Gap LR","Gap Naive","Obj. Naive","Obj. LR","Gap","Time Naive","Time LR","Final Lambda","LB Heuristic"
600.00000,0.05000,1.00000,4.00000,0.00000,0.05883,0.10757,253.54392,264.96298,0.04310,4227.00000,2488.00000,7.80499,250.24026
600.00000,0.05000,2.00000,4.00000,0.00000,0.05883,0.10757,253.54392,264.96298,0.04310,4227.00000,2485.00000,0.38789,250.24026
600.00000,0.05000,3.00000,3.00000,0.00000,0.06085,0.10757,253.54392,265.46802,0.04492,4227.00000,2627.00000,3.55999,250.24026
600.00000,0.05000,4.00000,3.00000,0.00000,0.05883,0.10757,253.54392,264.96298,0.04310,4227.00000,2918.00000,2.28365,250.24026
600.00000,0.05000,5.00000,5.00000,0.00000,0.05883,0.10757,253.54392,264.96298,0.04310,4227.00000,2475.00000,0.16850,250.24026
600.00000,0.05000,6.00000,3.00000,0.00000,0.05883,0.10757,253.54392,264.96298,0.04310,4227.00000,4256.00000,0.00000,250.24026
