"Omega","Tolerance","Step Size Rule","Iterations","Converged?","Gap LR","Gap Naive","Obj. Naive","Obj. LR","Gap","Time Naive","Time LR","Final Lambda","LB Heuristic"
600.00000,0.05000,1.00000,2.00000,0.00000,0.05335,0.14083,245.03030,263.59094,0.05065,4266.00000,2414.00000,8.92999,250.24026
600.00000,0.05000,2.00000,2.00000,0.00000,0.05883,0.14083,245.03030,264.96298,0.05557,4266.00000,2431.00000,0.38263,250.24026
600.00000,0.05000,3.00000,2.00000,0.00000,0.05883,0.14083,245.03030,264.96298,0.05557,4266.00000,2416.00000,3.72499,250.24026
600.00000,0.05000,4.00000,2.00000,1.00000,0.00000,0.14083,245.03030,250.24026,0.00000,4266.00000,4217.00000,0.42999,250.24026
600.00000,0.05000,5.00000,3.00000,0.00000,0.05883,0.14083,245.03030,264.96298,0.05557,4266.00000,2515.00000,0.16377,250.24026
600.00000,0.05000,6.00000,3.00000,0.00000,0.05883,0.14083,245.03030,264.96298,0.05557,4266.00000,4342.00000,0.00000,250.24026
