"Omega","Tolerance","Step Size Rule","Iterations","Converged?","Gap LR","Gap Naive","Obj. Naive","Obj. LR","Gap","Time Naive","Time LR","Final Lambda","LB Heuristic"
600.00000,0.05000,1.00000,3.00000,0.00000,0.05883,0.14083,245.03030,264.96298,0.05557,4243.00000,2533.00000,8.25499,250.24026
600.00000,0.05000,2.00000,3.00000,0.00000,0.05883,0.14083,245.03030,264.96298,0.05557,4243.00000,2501.00000,0.38526,250.24026
600.00000,0.05000,3.00000,3.00000,0.00000,0.05883,0.14083,245.03030,264.96298,0.05557,4243.00000,2813.00000,3.57499,250.24026
600.00000,0.05000,4.00000,3.00000,0.00000,0.05883,0.14083,245.03030,264.96298,0.05557,4243.00000,3597.00000,2.28365,250.24026
600.00000,0.05000,5.00000,3.00000,0.00000,0.05883,0.14083,245.03030,264.96298,0.05557,4243.00000,2439.00000,0.16377,250.24026
600.00000,0.05000,6.00000,3.00000,0.00000,0.05883,0.14083,245.03030,264.96298,0.05557,4243.00000,4322.00000,0.00000,250.24026
