"Omega","Tolerance","Step Size Rule","Iterations","Converged?","Gap LR","Gap Naive","Obj. Naive","Obj. LR","Gap","Time Naive","Time LR","Final Lambda","LB Heuristic"
600.00000,0.05000,1.00000,4.00000,0.00000,0.05883,0.12653,248.70518,264.96298,0.05557,4254.00000,2444.00000,7.80499,250.24026
600.00000,0.05000,2.00000,4.00000,0.00000,0.05883,0.12653,248.70518,264.96298,0.05557,4254.00000,2464.00000,0.38789,250.24026
600.00000,0.05000,3.00000,3.00000,0.00000,0.05883,0.12653,248.70518,264.96298,0.05557,4254.00000,2573.00000,3.57499,250.24026
600.00000,0.05000,4.00000,3.00000,0.00000,0.05883,0.12653,248.70518,264.96298,0.05557,4254.00000,3213.00000,2.28365,250.24026
600.00000,0.05000,5.00000,3.00000,0.00000,0.05883,0.12653,248.70518,264.96298,0.05557,4254.00000,2401.00000,0.16377,250.24026
600.00000,0.05000,6.00000,3.00000,0.00000,0.05883,0.12653,248.70518,264.96298,0.05557,4254.00000,4284.00000,0.00000,250.24026
