"Omega","Tolerance","Step Size Rule","Iterations","Converged?","Gap LR","Gap Naive","Obj. Naive","Obj. LR","Gap","Time Naive","Time LR","Final Lambda"
600.00000,0.05000,1.00000,1.00000,0.00000,0.05199,0.14083,-245.03030,-263.25023,0.07436,2842.00000,2842.00000,0.22999
600.00000,0.05000,2.00000,1.00000,0.00000,0.05199,0.14083,-245.03030,-263.25023,0.07436,2842.00000,2848.00000,0.35499
600.00000,0.05000,3.00000,1.00000,0.00000,0.05199,0.14083,-245.03030,-263.25023,0.07436,2842.00000,2849.00000,0.34249
600.00000,0.05000,4.00000,1.00000,0.00000,0.05199,0.14083,-245.03030,-263.25023,0.07436,2842.00000,2850.00000,0.37999
600.00000,0.05000,5.00000,1.00000,0.00000,0.05199,0.14083,-245.03030,-263.25023,0.07436,2842.00000,2848.00000,0.05499
600.00000,0.05000,6.00000,1.00000,0.00000,0.05199,0.14083,-245.03030,-263.25023,0.07436,2842.00000,2839.00000,0.00000
