"Omega","Tolerance","Step Size Rule","Iterations","Converged?","Gap LR","Gap Naive","Obj. Naive","Obj. LR","Gap","Time Naive","Time LR","Final Lambda"
100.00000,0.01000,1.00000,10.00000,0.00000,0.00255,0.00000,-274.54436,-275.24319,0.00255,14.00000,202.00000,4.48049
100.00000,0.01000,2.00000,2.00000,1.00000,0.00000,0.00000,-274.54436,-274.54436,0.00000,14.00000,47.00000,3.13049
100.00000,0.01000,3.00000,10.00000,0.00000,0.00290,0.00000,-274.54436,-275.34009,0.00290,14.00000,179.00000,4.59009
100.00000,0.01000,4.00000,10.00000,0.00000,0.00295,0.00000,-274.54436,-275.35467,0.00295,14.00000,171.00000,4.60539
100.00000,0.01000,5.00000,10.00000,0.00000,0.00304,0.00000,-274.54436,-275.37819,0.00304,14.00000,54.00000,0.11691
100.00000,0.01000,6.00000,3.00000,2.00000,0.00000,0.00000,-274.54436,-274.54436,0.00000,14.00000,75.00000,3.14972
