"Omega","Tolerance","Step Size Rule","Iterations","Converged?","Gap LR","Gap Naive","Obj. Naive","Obj. LR","Gap","Time Naive","Time LR","Final Lambda","LB Heuristic"
100.00000,0.01000,1.00000,10.00000,0.00000,0.00255,0.00000,274.54436,275.24319,0.00254,19.00000,294.00000,4.48049,274.54436
100.00000,0.01000,2.00000,2.00000,1.00000,0.00000,0.00000,274.54436,274.54436,0.00000,19.00000,65.00000,3.13049,274.54436
100.00000,0.01000,3.00000,10.00000,0.00000,0.00290,0.00000,274.54436,275.34009,0.00289,19.00000,260.00000,4.59009,274.54436
100.00000,0.01000,4.00000,10.00000,0.00000,0.00295,0.00000,274.54436,275.35467,0.00294,19.00000,252.00000,4.60539,274.54436
100.00000,0.01000,5.00000,10.00000,0.00000,0.00304,0.00000,274.54436,275.37819,0.00303,19.00000,84.00000,0.11691,274.54436
100.00000,0.01000,6.00000,3.00000,2.00000,0.00000,0.00000,274.54436,274.54436,0.00000,19.00000,110.00000,3.14972,274.54436
