"Omega","Tolerance","Step Size Rule","Iterations","Converged?","Gap LR","Gap Naive","Obj. Naive","Obj. LR","Gap","Time Naive","Time LR","Final Lambda","LB Heuristic"
900.00000,0.03000,1.00000,2.00000,1.00000,0.00000,0.00000,237.86944,238.78024,0.00000,522.00000,4211.00000,0.27490,238.78024
900.00000,0.03000,2.00000,6.00000,0.00000,0.06921,0.00000,237.86944,255.30516,0.06473,522.00000,2467.00000,0.02850,238.78024
900.00000,0.03000,3.00000,2.00000,0.00000,0.04474,0.00000,237.86944,249.46360,0.04283,522.00000,4205.00000,0.28690,238.78024
900.00000,0.03000,4.00000,2.00000,0.00000,0.06710,0.00000,237.86944,254.80263,0.06288,522.00000,4219.00000,0.34430,238.78024
900.00000,0.03000,5.00000,4.00000,0.00000,0.07165,0.00000,237.86944,255.88907,0.06686,522.00000,2439.00000,0.00745,238.78024
900.00000,0.03000,6.00000,3.00000,0.00000,0.07165,0.00000,237.86944,255.88907,0.06686,522.00000,4317.00000,0.00000,238.78024
