"Omega","Tolerance","Step Size Rule","Iterations","Converged?","Gap LR","Gap Naive","Obj. Naive","Obj. LR","Gap","Time Naive","Time LR","Final Lambda"
900.00000,0.03000,1.00000,1.00000,0.00000,0.03805,0.00000,-237.86944,-247.86538,0.04202,1168.00000,2877.00000,0.03490
900.00000,0.03000,2.00000,1.00000,0.00000,0.03805,0.00000,-237.86944,-247.86538,0.04202,1168.00000,2877.00000,0.33240
900.00000,0.03000,3.00000,1.00000,0.00000,0.03805,0.00000,-237.86944,-247.86538,0.04202,1168.00000,2872.00000,0.21490
900.00000,0.03000,4.00000,1.00000,0.00000,0.03805,0.00000,-237.86944,-247.86538,0.04202,1168.00000,2885.00000,0.27490
900.00000,0.03000,5.00000,1.00000,0.00000,0.03805,0.00000,-237.86944,-247.86538,0.04202,1168.00000,2880.00000,0.14490
900.00000,0.03000,6.00000,1.00000,0.00000,0.03805,0.00000,-237.86944,-247.86538,0.04202,1168.00000,2870.00000,0.00000
