"Omega","Tolerance","Step Size Rule","Iterations","Converged?","Gap LR","Gap Naive","Obj. Naive","Obj. LR","Gap","Time Naive","Time LR","Final Lambda","LB Heuristic"
900.00000,0.03000,1.00000,1.00000,1.00000,0.00000,0.00000,237.86944,238.78024,0.00000,2798.00000,2114.00000,0.39490,238.78024
900.00000,0.03000,2.00000,1.00000,1.00000,0.00000,0.00000,237.86944,238.78024,0.00000,2798.00000,2110.00000,0.39490,238.78024
900.00000,0.03000,3.00000,1.00000,1.00000,0.00000,0.00000,237.86944,238.78024,0.00000,2798.00000,2110.00000,0.39490,238.78024
900.00000,0.03000,4.00000,1.00000,1.00000,0.00000,0.00000,237.86944,238.78024,0.00000,2798.00000,2112.00000,0.39490,238.78024
900.00000,0.03000,5.00000,1.00000,1.00000,0.00000,0.00000,237.86944,238.78024,0.00000,2798.00000,2110.00000,0.39490,238.78024
900.00000,0.03000,6.00000,1.00000,1.00000,0.00000,0.00000,237.86944,238.78024,0.00000,2798.00000,2111.00000,0.39490,238.78024
