"Omega","Tolerance","Step Size Rule","Iterations","Converged?","Gap LR","Gap Naive","Obj. Naive","Obj. LR","Gap","Time Naive","Time LR","Final Lambda","LB Heuristic"
900.00000,0.03000,2.00000,1.00000,1.00000,0.00000,0.00000,237.86944,238.78024,0.00000,1066.00000,2107.00000,0.39490,238.78024
900.00000,0.03000,3.00000,2.00000,0.00000,0.02932,0.00000,237.86944,245.78031,0.02848,1066.00000,4211.00000,0.15790,238.78024
900.00000,0.03000,4.00000,2.00000,1.00000,0.00000,0.00000,237.86944,238.78024,0.00000,1066.00000,4211.00000,0.37490,238.78024
900.00000,0.03000,5.00000,3.00000,0.00000,0.06921,0.00000,237.86944,255.30516,0.06473,1066.00000,2508.00000,0.00573,238.78024
900.00000,0.03000,6.00000,3.00000,0.00000,0.06921,0.00000,237.86944,255.30516,0.06473,1066.00000,4412.00000,0.00000,238.78024
