"Omega","Tolerance","Step Size Rule","Iterations","Converged?","Gap LR","Gap Naive","Obj. Naive","Obj. LR","Gap","Time Naive","Time LR","Final Lambda"
900.00000,0.03000,1.00000,2.00000,0.00000,0.03780,0.00000,-237.86944,-247.80531,0.03642,2821.00000,2719.00000,13.09500
900.00000,0.03000,2.00000,1.00000,0.00000,0.03780,0.00000,-237.86944,-247.80531,0.03642,2821.00000,2275.00000,0.33935
900.00000,0.03000,3.00000,1.00000,0.00000,0.03780,0.00000,-237.86944,-247.80531,0.03642,2821.00000,2271.00000,0.19240
900.00000,0.03000,4.00000,1.00000,0.00000,0.03780,0.00000,-237.86944,-247.80531,0.03642,2821.00000,2292.00000,0.25990
900.00000,0.03000,5.00000,1.00000,0.00000,0.03780,0.00000,-237.86944,-247.80531,0.03642,2821.00000,2277.00000,0.17268
900.00000,0.03000,6.00000,1.00000,0.00000,0.03780,0.00000,-237.86944,-247.80531,0.03642,2821.00000,2265.00000,0.00000
