"Omega","Tolerance","Step Size Rule","Iterations","Converged?","Gap LR","Gap Naive","Obj. Naive","Obj. LR","Gap","Time Naive","Time LR","Final Lambda","LB Heuristic"
600.00000,0.05000,1.00000,4.00000,0.00000,0.08989,0.10124,256.06198,265.46562,0.03542,4230.00000,2423.00000,7.83600,243.57159
600.00000,0.05000,2.00000,3.00000,0.00000,0.08989,0.10124,256.06198,265.46562,0.03542,4230.00000,2505.00000,0.37793,243.57159
600.00000,0.05000,3.00000,3.00000,0.00000,0.08989,0.10124,256.06198,265.46562,0.03542,4230.00000,2600.00000,3.60100,243.57159
600.00000,0.05000,4.00000,3.00000,0.00000,0.08989,0.10124,256.06198,265.46562,0.03542,4230.00000,2859.00000,2.30043,243.57159
600.00000,0.05000,5.00000,4.00000,0.00000,0.08989,0.10124,256.06198,265.46562,0.03542,4230.00000,2514.00000,0.13407,243.57159
600.00000,0.05000,6.00000,3.00000,0.00000,0.08989,0.10124,256.06198,265.46562,0.03542,4230.00000,4311.00000,0.00000,243.57159
