"Omega","Tolerance","Step Size Rule","Iterations","Converged?","Gap LR","Gap Naive","Obj. Naive","Obj. LR","Gap","Time Naive","Time LR","Final Lambda","LB Heuristic"
600.00000,0.05000,1.00000,3.00000,0.00000,0.08484,0.13694,246.11285,264.23523,0.06858,4303.00000,2786.00000,8.30100,243.57159
600.00000,0.05000,2.00000,2.00000,0.00000,0.08484,0.13694,246.11285,264.23523,0.06858,4303.00000,2508.00000,0.37040,243.57159
600.00000,0.05000,3.00000,3.00000,0.00000,0.08484,0.13694,246.11285,264.23523,0.06858,4303.00000,3359.00000,3.60850,243.57159
600.00000,0.05000,4.00000,2.00000,0.00000,0.08484,0.13694,246.11285,264.23523,0.06858,4303.00000,2425.00000,2.38626,243.57159
600.00000,0.05000,5.00000,4.00000,0.00000,0.08484,0.13694,246.11285,264.23523,0.06858,4303.00000,2470.00000,0.11446,243.57159
600.00000,0.05000,6.00000,3.00000,0.00000,0.08484,0.13694,246.11285,264.23523,0.06858,4303.00000,4333.00000,0.00000,243.57159
