"Omega","Tolerance","Step Size Rule","Iterations","Converged?","Gap LR","Gap Naive","Obj. Naive","Obj. LR","Gap","Time Naive","Time LR","Final Lambda"
600.00000,0.05000,1.00000,2.00000,0.00000,0.08484,0.14697,-243.28517,-264.23523,0.07820,2866.00000,2450.00000,8.75100
600.00000,0.05000,2.00000,2.00000,0.00000,0.08484,0.14697,-243.28517,-264.23523,0.07820,2866.00000,2536.00000,0.37040
600.00000,0.05000,3.00000,2.00000,0.00000,0.08484,0.14697,-243.28517,-264.23523,0.07820,2866.00000,2439.00000,3.74850
600.00000,0.05000,4.00000,2.00000,0.00000,0.08484,0.14697,-243.28517,-264.23523,0.07820,2866.00000,2614.00000,2.38626
600.00000,0.05000,5.00000,2.00000,0.00000,0.08484,0.14697,-243.28517,-264.23523,0.07820,2866.00000,2493.00000,0.10832
600.00000,0.05000,6.00000,2.00000,0.00000,0.08484,0.14697,-243.28517,-264.23523,0.07820,2866.00000,2365.00000,1.01527
