"Omega","Tolerance","Step Size Rule","Iterations","Converged?","Gap LR","Gap Naive","Obj. Naive","Obj. LR","Gap","Time Naive","Time LR","Final Lambda"
600.00000,0.05000,1.00000,1.00000,0.00000,0.08678,0.13694,-246.11285,-264.70846,0.07556,2852.00000,2845.00000,0.05100
600.00000,0.05000,2.00000,1.00000,0.00000,0.08484,0.13694,-246.11285,-264.23523,0.07363,2852.00000,2848.00000,0.36777
600.00000,0.05000,3.00000,1.00000,0.00000,0.08678,0.13694,-246.11285,-264.70846,0.07556,2852.00000,2846.00000,0.25350
600.00000,0.05000,4.00000,1.00000,0.00000,0.08484,0.13694,-246.11285,-264.23523,0.07363,2852.00000,2853.00000,0.37100
600.00000,0.05000,5.00000,1.00000,0.00000,0.08484,0.13694,-246.11285,-264.23523,0.07363,2852.00000,2850.00000,0.10306
600.00000,0.05000,6.00000,1.00000,0.00000,0.08678,0.13694,-246.11285,-264.70846,0.07556,2852.00000,2845.00000,0.00000
