"Omega","Tolerance","Step Size Rule","Iterations","Converged?","Gap LR","Gap Naive","Obj. Naive","Obj. LR","Gap","Time Naive","Time LR","Final Lambda","LB Heuristic"
600.00000,0.05000,1.00000,3.00000,0.00000,0.08679,0.13694,246.11285,264.71066,0.07026,4302.00000,2500.00000,8.16600,243.57159
600.00000,0.05000,2.00000,2.00000,0.00000,0.08484,0.13694,246.11285,264.23523,0.06858,4302.00000,2414.00000,0.37040,243.57159
600.00000,0.05000,3.00000,3.00000,0.00000,0.08484,0.13694,246.11285,264.23523,0.06858,4302.00000,2978.00000,3.60850,243.57159
600.00000,0.05000,4.00000,3.00000,0.00000,0.08484,0.13694,246.11285,264.23523,0.06858,4302.00000,3275.00000,2.30543,243.57159
600.00000,0.05000,5.00000,5.00000,0.00000,0.08484,0.13694,246.11285,264.23523,0.06858,4302.00000,2488.00000,0.11657,243.57159
600.00000,0.05000,6.00000,3.00000,0.00000,0.08729,0.13694,246.11285,264.83271,0.07069,4302.00000,4303.00000,0.00000,243.57159
