"Omega","Tolerance","Step Size Rule","Iterations","Converged?","Gap LR","Gap Naive","Obj. Naive","Obj. LR","Gap","Time Naive","Time LR","Final Lambda","LB Heuristic"
600.00000,0.05000,1.00000,4.00000,0.00000,0.09202,0.10031,256.11149,265.98579,0.03712,4238.00000,2556.00000,7.80600,243.57159
600.00000,0.05000,2.00000,4.00000,0.00000,0.09202,0.10031,256.11149,265.98579,0.03712,4238.00000,2433.00000,0.38890,243.57159
600.00000,0.05000,3.00000,3.00000,0.00000,0.09202,0.10031,256.11149,265.98579,0.03712,4238.00000,2595.00000,3.58600,243.57159
600.00000,0.05000,4.00000,3.00000,0.00000,0.09202,0.10031,256.11149,265.98579,0.03712,4238.00000,2746.00000,2.29043,243.57159
600.00000,0.05000,5.00000,4.00000,0.00000,0.09202,0.10031,256.11149,265.98579,0.03712,4238.00000,2421.00000,0.16741,243.57159
600.00000,0.05000,6.00000,3.00000,0.00000,0.09202,0.10031,256.11149,265.98579,0.03712,4238.00000,3804.00000,0.00000,243.57159
