"Omega","Tolerance","Step Size Rule","Iterations","Converged?","Gap LR","Gap Naive","Obj. Naive","Obj. LR","Gap","Time Naive","Time LR","Final Lambda"
600.00000,0.05000,1.00000,3.00000,0.00000,0.08484,0.13694,-246.11285,-264.23523,263.30381,4289.00000,2791.00000,8.30100
600.00000,0.05000,2.00000,2.00000,0.00000,0.08484,0.13694,-246.11285,-264.23523,263.30381,4289.00000,2530.00000,0.37040
600.00000,0.05000,3.00000,3.00000,0.00000,0.08484,0.13694,-246.11285,-264.23523,263.30381,4289.00000,3336.00000,3.60850
600.00000,0.05000,4.00000,2.00000,0.00000,0.08484,0.13694,-246.11285,-264.23523,263.30381,4289.00000,2416.00000,2.38626
600.00000,0.05000,5.00000,4.00000,0.00000,0.08484,0.13694,-246.11285,-264.23523,263.30381,4289.00000,2456.00000,0.11446
600.00000,0.05000,6.00000,3.00000,0.00000,0.08484,0.13694,-246.11285,-264.23523,263.30381,4289.00000,4335.00000,0.00000
