"Omega","Tolerance","Step Size Rule","Iterations","Converged?","Gap LR","Gap Naive","Obj. Naive","Obj. LR","Gap","Time Naive","Time LR","Final Lambda","LB Heuristic"
600.00000,0.05000,1.00000,4.00000,0.00000,0.05478,0.11291,250.44963,261.63827,0.04276,4224.00000,2561.00000,7.78911,248.04944
600.00000,0.05000,2.00000,4.00000,0.00000,0.05478,0.11291,250.44963,261.63827,0.04276,4224.00000,2587.00000,0.39057,248.04944
600.00000,0.05000,3.00000,3.00000,0.00000,0.05478,0.11291,250.44963,261.63827,0.04276,4224.00000,2695.00000,3.56661,248.04944
600.00000,0.05000,4.00000,3.00000,0.00000,0.05478,0.11291,250.44963,261.63827,0.04276,4224.00000,2721.00000,2.28065,248.04944
600.00000,0.05000,5.00000,5.00000,0.00000,0.05647,0.11291,250.44963,262.05731,0.04429,4224.00000,2481.00000,0.21762,248.04944
600.00000,0.05000,6.00000,3.00000,0.00000,0.05727,0.11291,250.44963,262.25606,0.04502,4224.00000,4000.00000,0.00000,248.04944
