"Omega","Tolerance","Step Size Rule","Iterations","Converged?","Gap LR","Gap Naive","Obj. Naive","Obj. LR","Gap","Time Naive","Time LR","Final Lambda","LB Heuristic"
600.00000,0.05000,1.00000,3.00000,0.00000,0.05478,0.14015,243.19675,261.63827,0.05194,4275.00000,2689.00000,8.23911,248.04944
600.00000,0.05000,2.00000,2.00000,0.00000,0.05478,0.14015,243.19675,261.63827,0.05194,4275.00000,2414.00000,0.38531,248.04944
600.00000,0.05000,3.00000,3.00000,0.00000,0.05478,0.14015,243.19675,261.63827,0.05194,4275.00000,3458.00000,3.56661,248.04944
600.00000,0.05000,4.00000,3.00000,0.00000,0.05478,0.14015,243.19675,261.63827,0.05194,4275.00000,3714.00000,2.28065,248.04944
600.00000,0.05000,5.00000,3.00000,0.00000,0.05478,0.14015,243.19675,261.63827,0.05194,4275.00000,2444.00000,0.17717,248.04944
600.00000,0.05000,6.00000,3.00000,0.00000,0.05478,0.14015,243.19675,261.63827,0.05194,4275.00000,4348.00000,0.00000,248.04944
