"Omega","Tolerance","Step Size Rule","Iterations","Converged?","Gap LR","Gap Naive","Obj. Naive","Obj. LR","Gap","Time Naive","Time LR","Final Lambda"
600.00000,0.05000,1.00000,1.00000,0.00000,0.05478,0.14015,-243.19675,-261.63827,0.07583,2842.00000,2844.00000,0.13911
600.00000,0.05000,2.00000,1.00000,0.00000,0.05478,0.14015,-243.19675,-261.63827,0.07583,2842.00000,2846.00000,0.38268
600.00000,0.05000,3.00000,1.00000,0.00000,0.05478,0.14015,-243.19675,-261.63827,0.07583,2842.00000,2850.00000,0.29661
600.00000,0.05000,4.00000,1.00000,0.00000,0.05478,0.14015,-243.19675,-261.63827,0.07583,2842.00000,2858.00000,0.34911
600.00000,0.05000,5.00000,1.00000,0.00000,0.05478,0.14015,-243.19675,-261.63827,0.07583,2842.00000,2846.00000,0.16839
600.00000,0.05000,6.00000,1.00000,0.00000,0.05478,0.14015,-243.19675,-261.63827,0.07583,2842.00000,2844.00000,0.00000
