"Omega","Tolerance","Step Size Rule","Iterations","Converged?","Gap LR","Gap Naive","Obj. Naive","Obj. LR","Gap","Time Naive","Time LR","Final Lambda","LB Heuristic"
600.00000,0.05000,1.00000,4.00000,0.00000,0.05478,0.13905,243.19675,261.63827,0.05194,4233.00000,2507.00000,7.78911,248.04944
600.00000,0.05000,2.00000,4.00000,0.00000,0.05478,0.13905,243.19675,261.63827,0.05194,4233.00000,2604.00000,0.39057,248.04944
600.00000,0.05000,3.00000,3.00000,0.00000,0.05478,0.13905,243.19675,261.63827,0.05194,4233.00000,2694.00000,3.56661,248.04944
600.00000,0.05000,4.00000,3.00000,0.00000,0.05478,0.13905,243.19675,261.63827,0.05194,4233.00000,3036.00000,2.28065,248.04944
600.00000,0.05000,5.00000,4.00000,0.00000,0.05478,0.13905,243.19675,261.63827,0.05194,4233.00000,2511.00000,0.17980,248.04944
600.00000,0.05000,6.00000,3.00000,0.00000,0.05478,0.13905,243.19675,261.63827,0.05194,4233.00000,4306.00000,0.00000,248.04944
