"Omega","Tolerance","Step Size Rule","Iterations","Converged?","Gap LR","Gap Naive","Obj. Naive","Obj. LR","Gap","Time Naive","Time LR","Final Lambda","LB Heuristic"
600.00000,0.05000,1.00000,3.00000,0.00000,0.05478,0.14014,243.19675,261.63827,0.05194,4239.00000,2492.00000,8.23911,248.04944
600.00000,0.05000,2.00000,3.00000,0.00000,0.05478,0.14014,243.19675,261.63827,0.05194,4239.00000,2529.00000,0.38794,248.04944
600.00000,0.05000,3.00000,3.00000,0.00000,0.05478,0.14014,243.19675,261.63827,0.05194,4239.00000,2956.00000,3.56661,248.04944
600.00000,0.05000,4.00000,3.00000,0.00000,0.05478,0.14014,243.19675,261.63827,0.05194,4239.00000,3245.00000,2.28065,248.04944
600.00000,0.05000,5.00000,3.00000,0.00000,0.05478,0.14014,243.19675,261.63827,0.05194,4239.00000,2457.00000,0.17717,248.04944
600.00000,0.05000,6.00000,3.00000,0.00000,0.05478,0.14014,243.19675,261.63827,0.05194,4239.00000,4313.00000,0.01441,248.04944
