"Omega","Tolerance","Step Size Rule","Iterations","Converged?","Gap LR","Gap Naive","Obj. Naive","Obj. LR","Gap","Time Naive","Time LR","Final Lambda"
600.00000,0.05000,1.00000,2.00000,0.00000,0.05478,0.14478,-241.91571,-261.63827,0.05194,2880.00000,2435.00000,8.68911
600.00000,0.05000,2.00000,2.00000,0.00000,0.05478,0.14478,-241.91571,-261.63827,0.05194,2880.00000,2431.00000,0.38531
600.00000,0.05000,3.00000,2.00000,0.00000,0.05478,0.14478,-241.91571,-261.63827,0.05194,2880.00000,2427.00000,3.71661
600.00000,0.05000,4.00000,2.00000,0.00000,0.05478,0.14478,-241.91571,-261.63827,0.05194,2880.00000,2476.00000,2.36436
600.00000,0.05000,5.00000,2.00000,0.00000,0.05478,0.14478,-241.91571,-261.63827,0.05194,2880.00000,2487.00000,0.17366
600.00000,0.05000,6.00000,2.00000,0.00000,0.05478,0.14478,-241.91571,-261.63827,0.05194,2880.00000,2418.00000,0.99091
