"Omega","Tolerance","Step Size Rule","Iterations","Converged?","Gap LR","Gap Naive","Obj. Naive","Obj. LR","Gap","Time Naive","Time LR","Final Lambda","LB Heuristic"
600.00000,0.05000,1.00000,3.00000,0.00000,0.05478,0.14015,243.19675,261.63827,0.05194,4282.00000,2553.00000,8.23911,248.04944
600.00000,0.05000,2.00000,3.00000,0.00000,0.05478,0.14015,243.19675,261.63827,0.05194,4282.00000,2617.00000,0.38794,248.04944
600.00000,0.05000,3.00000,3.00000,0.00000,0.05478,0.14015,243.19675,261.63827,0.05194,4282.00000,2982.00000,3.56661,248.04944
600.00000,0.05000,4.00000,3.00000,0.00000,0.05478,0.14015,243.19675,261.63827,0.05194,4282.00000,3239.00000,2.28065,248.04944
600.00000,0.05000,5.00000,4.00000,0.00000,0.05478,0.14015,243.19675,261.63827,0.05194,4282.00000,2501.00000,0.17980,248.04944
600.00000,0.05000,6.00000,3.00000,0.00000,0.05478,0.14015,243.19675,261.63827,0.05194,4282.00000,4295.00000,0.00000,248.04944
