"Omega","Tolerance","Step Size Rule","Iterations","Converged?","Gap LR","Gap Naive","Obj. Naive","Obj. LR","Gap","Time Naive","Time LR","Final Lambda"
600.00000,0.05000,1.00000,3.00000,0.00000,0.05478,0.14015,-243.19675,-261.63827,260.69021,4268.00000,2649.00000,8.23911
600.00000,0.05000,2.00000,3.00000,0.00000,0.05478,0.14015,-243.19675,-261.63827,260.69021,4268.00000,2770.00000,0.38794
600.00000,0.05000,3.00000,2.00000,0.00000,0.05478,0.14015,-243.19675,-261.63827,260.69021,4268.00000,2407.00000,3.71661
600.00000,0.05000,4.00000,2.00000,0.00000,0.05478,0.14015,-243.19675,-261.63827,260.69021,4268.00000,2445.00000,2.36436
600.00000,0.05000,5.00000,3.00000,0.00000,0.05478,0.14015,-243.19675,-261.63827,260.69021,4268.00000,2643.00000,0.17717
600.00000,0.05000,6.00000,3.00000,0.00000,0.05478,0.14015,-243.19675,-261.63827,260.69021,4268.00000,4348.00000,0.00000
