"Omega","Tolerance","Step Size Rule","Iterations","Converged?","Gap LR","Gap Naive","Obj. Naive","Obj. LR","Gap","Time Naive","Time LR","Final Lambda","LB Heuristic"
600.00000,0.05000,1.00000,3.00000,0.00000,0.05363,0.13248,246.52113,265.18547,0.05090,4247.00000,2525.00000,8.38840,251.68659
600.00000,0.05000,2.00000,3.00000,0.00000,0.05363,0.13248,246.52113,265.18547,0.05090,4247.00000,2511.00000,0.32230,251.68659
600.00000,0.05000,3.00000,3.00000,0.00000,0.05363,0.13248,246.52113,265.18547,0.05090,4247.00000,2722.00000,3.64090,251.68659
600.00000,0.05000,4.00000,3.00000,0.00000,0.05363,0.13248,246.52113,265.18547,0.05090,4247.00000,3043.00000,2.32705,251.68659
600.00000,0.05000,5.00000,3.00000,0.00000,0.05363,0.13248,246.52113,265.18547,0.05090,4247.00000,2406.00000,0.00877,251.68659
600.00000,0.05000,6.00000,3.00000,0.00000,0.05363,0.13248,246.52113,265.18547,0.05090,4247.00000,4332.00000,0.03730,251.68659
