"Omega","Tolerance","Step Size Rule","Iterations","Converged?","Gap LR","Gap Naive","Obj. Naive","Obj. LR","Gap","Time Naive","Time LR","Final Lambda"
600.00000,0.05000,1.00000,2.00000,0.00000,0.03642,0.13306,-246.52113,-260.85241,0.03514,2875.00000,2485.00000,8.89840
600.00000,0.05000,2.00000,2.00000,0.00000,0.03642,0.13306,-246.52113,-260.85241,0.03514,2875.00000,2454.00000,0.24175
600.00000,0.05000,3.00000,2.00000,0.00000,0.03642,0.13306,-246.52113,-260.85241,0.03514,2875.00000,2437.00000,3.82090
600.00000,0.05000,4.00000,2.00000,0.00000,0.03642,0.13306,-246.52113,-260.85241,0.03514,2875.00000,3215.00000,2.43366
600.00000,0.05000,5.00000,2.00000,0.00000,0.03642,0.13306,-246.52113,-260.85241,0.03514,2875.00000,2402.00000,0.00526
600.00000,0.05000,6.00000,2.00000,0.00000,0.03642,0.13306,-246.52113,-260.85241,0.03514,2875.00000,2264.00000,0.98467
