"Omega","Tolerance","Step Size Rule","Iterations","Converged?","Gap LR","Gap Naive","Obj. Naive","Obj. LR","Gap","Time Naive","Time LR","Final Lambda"
600.00000,0.05000,1.00000,2.00000,0.00000,0.03642,0.13306,-246.52113,-260.85241,259.88755,4283.00000,2407.00000,8.89840
600.00000,0.05000,2.00000,3.00000,0.00000,0.03642,0.13306,-246.52113,-260.85241,259.88755,4283.00000,2696.00000,0.24438
600.00000,0.05000,3.00000,3.00000,0.00000,0.03642,0.13306,-246.52113,-260.85241,259.88755,4283.00000,3272.00000,3.67090
600.00000,0.05000,4.00000,2.00000,0.00000,0.03642,0.13306,-246.52113,-260.85241,259.88755,4283.00000,2765.00000,2.43366
600.00000,0.05000,5.00000,4.00000,0.00000,0.03642,0.13306,-246.52113,-260.85241,259.88755,4283.00000,2542.00000,0.01140
600.00000,0.05000,6.00000,3.00000,0.00000,0.05363,0.13306,-246.52113,-265.18547,264.23638,4283.00000,4339.00000,0.03730
