"Omega","Tolerance","Step Size Rule","Iterations","Converged?","Gap LR","Gap Naive","Obj. Naive","Obj. LR","Gap","Time Naive","Time LR","Final Lambda","LB Heuristic"
600.00000,0.05000,1.00000,4.00000,0.00000,0.05363,0.12645,247.83405,265.18547,0.05090,4229.00000,2599.00000,7.93840,251.68659
600.00000,0.05000,2.00000,4.00000,0.00000,0.05363,0.12645,247.83405,265.18547,0.05090,4229.00000,2448.00000,0.32493,251.68659
600.00000,0.05000,3.00000,3.00000,0.00000,0.05363,0.12645,247.83405,265.18547,0.05090,4229.00000,2538.00000,3.64090,251.68659
600.00000,0.05000,4.00000,3.00000,0.00000,0.05363,0.12645,247.83405,265.18547,0.05090,4229.00000,2830.00000,2.32705,251.68659
600.00000,0.05000,5.00000,3.00000,0.00000,0.05363,0.12645,247.83405,265.18547,0.05090,4229.00000,2403.00000,0.00877,251.68659
600.00000,0.05000,6.00000,3.00000,0.00000,0.05363,0.12645,247.83405,265.18547,0.05090,4229.00000,4330.00000,0.03730,251.68659
