"Omega","Tolerance","Step Size Rule","Iterations","Converged?","Gap LR","Gap Naive","Obj. Naive","Obj. LR","Gap","Time Naive","Time LR","Final Lambda","LB Heuristic"
600.00000,0.05000,1.00000,3.00000,0.00000,0.05363,0.10572,253.55116,265.18547,0.04387,4227.00000,2402.00000,8.38840,251.68659
600.00000,0.05000,2.00000,4.00000,0.00000,0.05363,0.10572,253.55116,265.18547,0.04387,4227.00000,2526.00000,0.32493,251.68659
600.00000,0.05000,3.00000,3.00000,0.00000,0.05363,0.10572,253.55116,265.18547,0.04387,4227.00000,2518.00000,3.64090,251.68659
600.00000,0.05000,4.00000,3.00000,0.00000,0.05363,0.10572,253.55116,265.18547,0.04387,4227.00000,2690.00000,2.32705,251.68659
600.00000,0.05000,5.00000,4.00000,0.00000,0.05363,0.10572,253.55116,265.18547,0.04387,4227.00000,2414.00000,0.01140,251.68659
600.00000,0.05000,6.00000,3.00000,0.00000,0.05363,0.10572,253.55116,265.18547,0.04387,4227.00000,4282.00000,0.00000,251.68659
