"Omega","Tolerance","Step Size Rule","Iterations","Converged?","Gap LR","Gap Naive","Obj. Naive","Obj. LR","Gap","Time Naive","Time LR","Final Lambda"
600.00000,0.05000,1.00000,1.00000,0.00000,0.05363,0.13306,-246.52113,-265.18547,0.07571,2852.00000,2848.00000,0.28840
600.00000,0.05000,2.00000,1.00000,0.00000,0.05363,0.13306,-246.52113,-265.18547,0.07571,2852.00000,2850.00000,0.31704
600.00000,0.05000,3.00000,1.00000,0.00000,0.05363,0.13306,-246.52113,-265.18547,0.07571,2852.00000,2852.00000,0.37090
600.00000,0.05000,4.00000,1.00000,0.00000,0.05363,0.13306,-246.52113,-265.18547,0.07571,2852.00000,2852.00000,0.39840
600.00000,0.05000,5.00000,1.00000,0.00000,0.05363,0.13306,-246.52113,-265.18547,0.07571,2852.00000,2854.00000,0.00000
600.00000,0.05000,6.00000,1.00000,0.00000,0.05363,0.13306,-246.52113,-265.18547,0.07571,2852.00000,2832.00000,0.00000
