"Omega","Tolerance","Step Size Rule","Iterations","Converged?","Gap LR","Gap Naive","Obj. Naive","Obj. LR","Gap","Time Naive","Time LR","Final Lambda","LB Heuristic"
600.00000,0.05000,1.00000,3.00000,0.00000,0.03642,0.13306,246.52113,260.85241,0.03514,4275.00000,2848.00000,8.44840,251.68659
600.00000,0.05000,2.00000,2.00000,0.00000,0.03642,0.13306,246.52113,260.85241,0.03514,4275.00000,2419.00000,0.24175,251.68659
600.00000,0.05000,3.00000,3.00000,0.00000,0.03642,0.13306,246.52113,260.85241,0.03514,4275.00000,3359.00000,3.67090,251.68659
600.00000,0.05000,4.00000,2.00000,0.00000,0.03642,0.13306,246.52113,260.85241,0.03514,4275.00000,2755.00000,2.43366,251.68659
600.00000,0.05000,5.00000,4.00000,0.00000,0.03642,0.13306,246.52113,260.85241,0.03514,4275.00000,2542.00000,0.01140,251.68659
600.00000,0.05000,6.00000,3.00000,0.00000,0.05363,0.13306,246.52113,265.18547,0.05090,4275.00000,4355.00000,0.03730,251.68659
