"Omega","Tolerance","Step Size Rule","Iterations","Converged?","Gap LR","Gap Naive","Obj. Naive","Obj. LR","Gap","Time Naive","Time LR","Final Lambda","LB Heuristic"
100.00000,0.03000,1.00000,10.00000,0.00000,0.01633,0.00000,280.24694,284.82275,0.01607,123.00000,406.00000,3.88659,280.24694
100.00000,0.03000,2.00000,10.00000,0.00000,0.01681,0.00000,280.24694,284.95775,0.01653,123.00000,167.00000,2.47576,280.24694
100.00000,0.03000,3.00000,10.00000,0.00000,0.01622,0.00000,280.24694,284.79125,0.01596,123.00000,495.00000,3.09037,280.24694
100.00000,0.03000,4.00000,10.00000,0.00000,0.01616,0.00000,280.24694,284.77695,0.01591,123.00000,483.00000,2.92794,280.24694
100.00000,0.03000,5.00000,10.00000,0.00000,0.01681,0.00000,280.24694,284.95775,0.01653,123.00000,110.00000,0.95590,280.24694
100.00000,0.03000,6.00000,10.00000,0.00000,0.01663,0.00000,280.24694,284.90879,0.01636,123.00000,149.00000,2.60174,280.24694
