"Omega","Tolerance","Step Size Rule","Iterations","Converged?","Gap LR","Gap Naive","Obj. Naive","Obj. LR","Gap","Time Naive","Time LR","Final Lambda"
900.00000,0.03000,1.00000,2.00000,0.00000,0.01016,0.13787,-239.16395,-249.07727,0.01006,2955.00000,2724.00000,13.09500
900.00000,0.03000,2.00000,1.00000,0.00000,0.01016,0.13787,-239.16395,-249.07727,0.01006,2955.00000,2260.00000,0.31670
900.00000,0.03000,3.00000,2.00000,0.00000,0.01016,0.13787,-239.16395,-249.07727,0.01006,2955.00000,2956.00000,5.40776
900.00000,0.03000,4.00000,1.00000,0.00000,0.01016,0.13787,-239.16395,-249.07727,0.01006,2955.00000,2255.00000,0.23726
900.00000,0.03000,5.00000,2.00000,0.00000,0.01016,0.13787,-239.16395,-249.07727,0.01006,2955.00000,2766.00000,0.15347
900.00000,0.03000,6.00000,2.00000,0.00000,0.01016,0.13787,-239.16395,-249.07727,0.01006,2955.00000,2668.00000,0.43871
