"Omega","Tolerance","Step Size Rule","Iterations","Converged?","Gap LR","Gap Naive","Obj. Naive","Obj. LR","Gap","Time Naive","Time LR","Final Lambda"
900.00000,0.03000,1.00000,1.00000,0.00000,0.04371,0.13767,-239.16395,-257.34845,0.07603,2900.00000,2913.00000,0.23726
900.00000,0.03000,2.00000,1.00000,0.00000,0.04371,0.13767,-239.16395,-257.34845,0.07603,2900.00000,2912.00000,0.20559
900.00000,0.03000,3.00000,1.00000,0.00000,0.04371,0.13767,-239.16395,-257.34845,0.07603,2900.00000,2908.00000,0.30476
900.00000,0.03000,4.00000,1.00000,0.00000,0.04371,0.13767,-239.16395,-257.34845,0.07603,2900.00000,2918.00000,0.32726
900.00000,0.03000,5.00000,1.00000,0.00000,0.04371,0.13767,-239.16395,-257.34845,0.07603,2900.00000,2908.00000,0.00000
900.00000,0.03000,6.00000,1.00000,0.00000,0.04371,0.13767,-239.16395,-257.34845,0.07603,2900.00000,2835.00000,0.00000
