"Omega","Tolerance","Step Size Rule","Iterations","Converged?","Gap LR","Gap Naive","Obj. Naive","Obj. LR","Gap","Time Naive","Time LR","Final Lambda","LB Heuristic"
900.00000,0.03000,1.00000,1.00000,1.00000,0.00000,0.13767,239.16395,246.57150,0.00000,4333.00000,2109.00000,0.37226,246.57150
900.00000,0.03000,2.00000,1.00000,1.00000,0.00000,0.13767,239.16395,246.57150,0.00000,4333.00000,2110.00000,0.37226,246.57150
900.00000,0.03000,3.00000,1.00000,1.00000,0.00000,0.13767,239.16395,246.57150,0.00000,4333.00000,2111.00000,0.37226,246.57150
900.00000,0.03000,4.00000,1.00000,1.00000,0.00000,0.13767,239.16395,246.57150,0.00000,4333.00000,2108.00000,0.37226,246.57150
900.00000,0.03000,5.00000,1.00000,1.00000,0.00000,0.13767,239.16395,246.57150,0.00000,4333.00000,2110.00000,0.37226,246.57150
900.00000,0.03000,6.00000,1.00000,1.00000,0.00000,0.13767,239.16395,246.57150,0.00000,4333.00000,2109.00000,0.37226,246.57150
