"Omega","Tolerance","Step Size Rule","Iterations","Converged?","Gap LR","Gap Naive","Obj. Naive","Obj. LR","Gap","Time Naive","Time LR","Final Lambda"
900.00000,0.03000,1.00000,1.00000,1.00000,0.00000,0.13767,-239.16395,-246.57150,245.57150,4324.00000,2108.00000,0.37226
900.00000,0.03000,2.00000,1.00000,1.00000,0.00000,0.13767,-239.16395,-246.57150,245.57150,4324.00000,2107.00000,0.37226
900.00000,0.03000,3.00000,1.00000,1.00000,0.00000,0.13767,-239.16395,-246.57150,245.57150,4324.00000,2106.00000,0.37226
900.00000,0.03000,4.00000,1.00000,1.00000,0.00000,0.13767,-239.16395,-246.57150,245.57150,4324.00000,2108.00000,0.37226
900.00000,0.03000,5.00000,1.00000,1.00000,0.00000,0.13767,-239.16395,-246.57150,245.57150,4324.00000,2109.00000,0.37226
900.00000,0.03000,6.00000,1.00000,1.00000,0.00000,0.13767,-239.16395,-246.57150,245.57150,4324.00000,2108.00000,0.37226
