"Omega","Tolerance","Step Size Rule","Iterations","Converged?","Gap LR","Gap Naive","Obj. Naive","Obj. LR","Gap","Time Naive","Time LR","Final Lambda","LB Heuristic"
900.00000,0.03000,1.00000,2.00000,0.00000,0.03888,0.10428,247.88932,256.15912,0.03228,4241.00000,4207.00000,0.14726,246.57150
900.00000,0.03000,2.00000,3.00000,0.00000,0.04100,0.10428,247.88932,256.68046,0.03425,4241.00000,2560.00000,0.23933,246.57150
900.00000,0.03000,3.00000,2.00000,0.00000,0.03677,0.10428,247.88932,255.63788,0.03031,4241.00000,4208.00000,0.29726,246.57150
900.00000,0.03000,4.00000,2.00000,0.00000,0.03489,0.10428,247.88932,255.17466,0.02855,4241.00000,4207.00000,0.35615,246.57150
900.00000,0.03000,5.00000,5.00000,0.00000,0.03888,0.10428,247.88932,256.15912,0.03228,4241.00000,2461.00000,0.00882,246.57150
900.00000,0.03000,6.00000,3.00000,0.00000,0.04672,0.10428,247.88932,258.09199,0.03953,4241.00000,4260.00000,0.00000,246.57150
