"Omega","Tolerance","Step Size Rule","Iterations","Converged?","Gap LR","Gap Naive","Obj. Naive","Obj. LR","Gap","Time Naive","Time LR","Final Lambda","LB Heuristic"
100.00000,0.01000,1.00000,10.00000,0.00000,0.01335,0.00000,276.42693,278.26161,0.00659,27.00000,307.00000,4.14285,274.59463
100.00000,0.01000,2.00000,10.00000,0.00000,0.00838,0.00000,276.42693,276.89661,0.00170,27.00000,168.00000,1.41407,274.59463
100.00000,0.01000,3.00000,10.00000,0.00000,0.01371,0.00000,276.42693,278.35851,0.00694,27.00000,246.00000,4.25245,274.59463
100.00000,0.01000,4.00000,10.00000,0.00000,0.01376,0.00000,276.42693,278.37309,0.00699,27.00000,225.00000,4.26775,274.59463
100.00000,0.01000,5.00000,10.00000,0.00000,0.01385,0.00000,276.42693,278.39661,0.00708,27.00000,83.00000,0.11691,274.59463
100.00000,0.01000,6.00000,10.00000,0.00000,0.00808,0.00000,276.42693,276.81259,0.00139,27.00000,205.00000,2.39693,274.59463
