"Omega","Tolerance","Step Size Rule","Iterations","Converged?","Gap LR","Gap Naive","Obj. Naive","Obj. LR","Gap","Time Naive","Time LR","Final Lambda","LB Heuristic"
100.00000,0.07000,1.00000,10.00000,0.00000,0.04354,0.00000,282.44033,294.26557,0.04019,248.00000,482.00000,3.50621,281.98865
100.00000,0.07000,2.00000,10.00000,0.00000,0.03281,0.00000,282.44033,291.24138,0.03022,248.00000,612.00000,2.67638,281.98865
100.00000,0.07000,3.00000,10.00000,0.00000,0.03989,0.00000,282.44033,293.23817,0.03682,248.00000,375.00000,3.36419,281.98865
100.00000,0.07000,4.00000,10.00000,0.00000,0.03684,0.00000,282.44033,292.37748,0.03399,248.00000,319.00000,3.19569,281.98865
100.00000,0.07000,5.00000,10.00000,0.00000,0.03262,0.00000,282.44033,291.18762,0.03004,248.00000,151.00000,2.76728,281.98865
100.00000,0.07000,6.00000,10.00000,0.00000,0.03436,0.00000,282.44033,291.67843,0.03167,248.00000,79.00000,2.09481,281.98865
