"Omega","Tolerance","Step Size Rule","Iterations","Converged?","Gap LR","Gap Naive","Obj. Naive","Obj. LR","Gap","Time Naive","Time LR","Final Lambda","LB Heuristic"
100.00000,0.07000,1.00000,10.00000,0.00000,0.04172,0.00008,282.44033,294.26557,0.04019,364.00000,979.00000,3.50621,281.98865
100.00000,0.07000,2.00000,10.00000,0.00000,0.03177,0.00008,282.44033,291.24138,0.03022,364.00000,1273.00000,2.67638,281.98865
100.00000,0.07000,3.00000,10.00000,0.00000,0.03836,0.00008,282.44033,293.23817,0.03682,364.00000,1007.00000,3.36419,281.98865
100.00000,0.07000,4.00000,10.00000,0.00000,0.03553,0.00008,282.44033,292.37748,0.03399,364.00000,923.00000,3.19569,281.98865
100.00000,0.07000,5.00000,10.00000,0.00000,0.03159,0.00008,282.44033,291.18762,0.03004,364.00000,284.00000,2.76728,281.98865
100.00000,0.07000,6.00000,10.00000,0.00000,0.03322,0.00008,282.44033,291.67843,0.03167,364.00000,279.00000,2.09481,281.98865
