"Omega","Tolerance","Step Size Rule","Iterations","Converged?","Gap LR","Gap Naive","Obj. Naive","Obj. LR","Gap","Time Naive","Time LR","Final Lambda"
900.00000,0.01000,1.00000,1.00000,0.00000,0.01988,0.08848,-244.30124,-251.33151,0.01949,2975.00000,2268.00000,0.64614
900.00000,0.01000,2.00000,1.00000,0.00000,0.01988,0.08848,-244.30124,-251.33151,0.01949,2975.00000,2253.00000,0.61447
900.00000,0.01000,3.00000,1.00000,0.00000,0.01988,0.08848,-244.30124,-251.33151,0.01949,2975.00000,2260.00000,0.71364
900.00000,0.01000,4.00000,1.00000,0.00000,0.01988,0.08848,-244.30124,-251.33151,0.01949,2975.00000,2268.00000,0.73614
900.00000,0.01000,5.00000,1.00000,0.00000,0.01988,0.08848,-244.30124,-251.33151,0.01949,2975.00000,2275.00000,0.11447
900.00000,0.01000,6.00000,1.00000,0.00000,0.01988,0.08848,-244.30124,-251.33151,0.01949,2975.00000,2266.00000,0.00000
