"Omega","Tolerance","Step Size Rule","Iterations","Converged?","Gap LR","Gap Naive","Obj. Naive","Obj. LR","Gap","Time Naive","Time LR","Final Lambda","LB Heuristic"
900.00000,0.01000,2.00000,1.00000,1.00000,0.02901,0.00090,253.58022,253.58022,0.00000,1305.00000,2101.00000,0.78114,246.43198
900.00000,0.01000,3.00000,2.00000,1.00000,0.02674,0.00090,253.58022,253.02173,-0.00221,1305.00000,3959.00000,0.77364,246.43198
900.00000,0.01000,4.00000,1.00000,1.00000,0.02901,0.00090,253.58022,253.58022,0.00000,1305.00000,1938.00000,0.78114,246.43198
900.00000,0.01000,5.00000,1.00000,1.00000,0.02901,0.00090,253.58022,253.58022,0.00000,1305.00000,1971.00000,0.78114,246.43198
900.00000,0.01000,6.00000,1.00000,1.00000,0.02901,0.00090,253.58022,253.58022,0.00000,1305.00000,1803.00000,0.78114,246.43198
