"Omega","Tolerance","Step Size Rule","Iterations","Converged?","Gap LR","Gap Naive","Obj. Naive","Obj. LR","Gap","Time Naive","Time LR","Final Lambda","LB Heuristic"
900.00000,0.01000,2.00000,1.00000,1.00000,0.00000,0.04968,252.43635,246.43198,-0.02437,4276.00000,2105.00000,0.78114,246.43198
900.00000,0.01000,3.00000,1.00000,1.00000,0.00480,0.04968,252.43635,247.61521,-0.01947,4276.00000,2105.00000,0.78114,246.43198
900.00000,0.01000,4.00000,1.00000,1.00000,0.00000,0.04968,252.43635,246.43198,-0.02437,4276.00000,2107.00000,0.78114,246.43198
900.00000,0.01000,5.00000,1.00000,1.00000,0.00480,0.04968,252.43635,247.61521,-0.01947,4276.00000,2106.00000,0.78114,246.43198
900.00000,0.01000,6.00000,1.00000,1.00000,0.00000,0.04968,252.43635,246.43198,-0.02437,4276.00000,2108.00000,0.78114,246.43198
