"Omega","Tolerance","Step Size Rule","Iterations","Converged?","Gap LR","Gap Naive","Obj. Naive","Obj. LR","Gap","Time Naive","Time LR","Final Lambda"
900.00000,0.01000,1.00000,1.00000,1.00000,0.00000,0.05937,-250.66626,-246.43198,245.41480,4341.00000,2111.00000,0.78114
900.00000,0.01000,2.00000,1.00000,1.00000,0.00000,0.05937,-250.66626,-246.43198,245.41480,4341.00000,2109.00000,0.78114
900.00000,0.01000,3.00000,1.00000,1.00000,0.00000,0.05937,-250.66626,-246.43198,245.41480,4341.00000,2108.00000,0.78114
900.00000,0.01000,4.00000,1.00000,1.00000,0.00000,0.05937,-250.66626,-246.43198,245.41480,4341.00000,2109.00000,0.78114
900.00000,0.01000,5.00000,1.00000,1.00000,0.00000,0.05937,-250.66626,-246.43198,245.41480,4341.00000,2109.00000,0.78114
900.00000,0.01000,6.00000,1.00000,1.00000,0.00000,0.05937,-250.66626,-246.43198,245.41480,4341.00000,2108.00000,0.78114
