"Omega","Tolerance","Step Size Rule","Iterations","Converged?","Gap LR","Gap Naive","Obj. Naive","Obj. LR","Gap","Time Naive","Time LR","Final Lambda","LB Heuristic"
900.00000,0.01000,1.00000,2.00000,0.00000,0.01495,0.02042,252.58416,250.11651,-0.00987,4230.00000,4204.00000,0.51114,246.43198
900.00000,0.01000,2.00000,2.00000,0.00000,0.01980,0.02042,252.58416,251.31075,-0.00507,4230.00000,4206.00000,1.36447,246.43198
900.00000,0.01000,3.00000,2.00000,0.00000,0.01962,0.02042,252.58416,251.26710,-0.00524,4230.00000,4206.00000,0.70764,246.43198
900.00000,0.01000,4.00000,2.00000,0.00000,0.01824,0.02042,252.58416,250.92651,-0.00661,4230.00000,4204.00000,0.70432,246.43198
900.00000,0.01000,5.00000,6.00000,0.00000,0.01988,0.02042,252.58416,251.33151,-0.00498,4230.00000,2470.00000,0.12424,246.43198
900.00000,0.01000,6.00000,3.00000,0.00000,0.01988,0.02042,252.58416,251.33151,-0.00498,4230.00000,4260.00000,1.70174,246.43198
