"Omega","Tolerance","Step Size Rule","Iterations","Converged?","Gap LR","Gap Naive","Obj. Naive","Obj. LR","Gap","Time Naive","Time LR","Final Lambda"
900.00000,0.01000,1.00000,1.00000,0.00000,0.02026,0.05164,-252.43635,-251.42572,-0.00400,2896.00000,2904.00000,0.70614
900.00000,0.01000,2.00000,1.00000,0.00000,0.02026,0.05164,-252.43635,-251.42572,-0.00400,2896.00000,2888.00000,0.48114
900.00000,0.01000,3.00000,1.00000,0.00000,0.02026,0.05164,-252.43635,-251.42572,-0.00400,2896.00000,2891.00000,0.74364
900.00000,0.01000,4.00000,1.00000,0.00000,0.02026,0.05164,-252.43635,-251.42572,-0.00400,2896.00000,2901.00000,0.75614
900.00000,0.01000,5.00000,1.00000,0.00000,0.02026,0.05164,-252.43635,-251.42572,-0.00400,2896.00000,2902.00000,0.00000
900.00000,0.01000,6.00000,1.00000,0.00000,0.02026,0.05164,-252.43635,-251.42572,-0.00400,2896.00000,2878.00000,0.00000
