"Omega","Tolerance","Step Size Rule","Iterations","Converged?","Gap LR","Gap Naive","Obj. Naive","Obj. LR","Gap","Time Naive","Time LR","Final Lambda","LB Heuristic"
100.00000,0.05000,1.00000,10.00000,0.00000,0.02763,0.00000,281.86711,289.06993,0.02492,162.00000,443.00000,3.57139,281.29782
100.00000,0.05000,2.00000,10.00000,0.00000,0.01836,0.00000,281.86711,286.46234,0.01604,162.00000,520.00000,2.16850,281.29782
100.00000,0.05000,3.00000,10.00000,0.00000,0.02386,0.00000,281.86711,288.01039,0.02133,162.00000,413.00000,3.35727,281.29782
100.00000,0.05000,4.00000,10.00000,0.00000,0.02117,0.00000,281.86711,287.25355,0.01875,162.00000,417.00000,3.17097,281.29782
100.00000,0.05000,5.00000,10.00000,0.00000,0.01840,0.00000,281.86711,286.47286,0.01608,162.00000,169.00000,2.34875,281.29782
100.00000,0.05000,6.00000,10.00000,0.00000,0.01871,0.00000,281.86711,286.56007,0.01638,162.00000,85.00000,2.45824,281.29782
