"Omega","Tolerance","Step Size Rule","Iterations","Converged?","Gap LR","Gap Naive","Obj. Naive","Obj. LR","Gap","Time Naive","Time LR","Final Lambda","LB Heuristic"
100.00000,0.05000,1.00000,10.00000,0.00000,0.02689,0.00021,281.86711,289.06993,0.02492,418.00000,869.00000,3.57139,281.29782
100.00000,0.05000,2.00000,10.00000,0.00000,0.01803,0.00021,281.86711,286.46234,0.01604,418.00000,1039.00000,2.16850,281.29782
100.00000,0.05000,3.00000,10.00000,0.00000,0.02331,0.00021,281.86711,288.01039,0.02133,418.00000,1024.00000,3.35727,281.29782
100.00000,0.05000,4.00000,10.00000,0.00000,0.02073,0.00021,281.86711,287.25355,0.01875,418.00000,1196.00000,3.17097,281.29782
100.00000,0.05000,5.00000,10.00000,0.00000,0.01806,0.00021,281.86711,286.47286,0.01608,418.00000,275.00000,2.34875,281.29782
100.00000,0.05000,6.00000,10.00000,0.00000,0.01836,0.00021,281.86711,286.56007,0.01638,418.00000,248.00000,2.45824,281.29782
