"Omega","Tolerance","Step Size Rule","Iterations","Converged?","Gap LR","Gap Naive","Obj. Naive","Obj. LR","Gap","Time Naive","Time LR","Final Lambda"
900.00000,0.01000,1.00000,1.00000,0.00000,0.00891,0.11163,-236.81118,-244.54777,0.00883,2975.00000,2281.00000,0.72462
900.00000,0.01000,2.00000,1.00000,0.00000,0.00891,0.11163,-236.81118,-244.54777,0.00883,2975.00000,2271.00000,0.69295
900.00000,0.01000,3.00000,1.00000,0.00000,0.00891,0.11163,-236.81118,-244.54777,0.00883,2975.00000,2277.00000,0.79212
900.00000,0.01000,4.00000,1.00000,0.00000,0.00891,0.11163,-236.81118,-244.54777,0.00883,2975.00000,2288.00000,0.81462
900.00000,0.01000,5.00000,1.00000,0.00000,0.00891,0.11163,-236.81118,-244.54777,0.00883,2975.00000,2286.00000,0.19295
900.00000,0.01000,6.00000,1.00000,0.00000,0.00891,0.11163,-236.81118,-244.54777,0.00883,2975.00000,2282.00000,0.37979
