"Omega","Tolerance","Step Size Rule","Iterations","Converged?","Gap LR","Gap Naive","Obj. Naive","Obj. LR","Gap","Time Naive","Time LR","Final Lambda"
600.00000,0.03000,1.00000,1.00000,0.00000,0.04661,0.11591,-245.31380,-261.56201,0.06623,2861.00000,2856.00000,0.39140
600.00000,0.03000,2.00000,1.00000,0.00000,0.04661,0.11591,-245.31380,-261.56201,0.06623,2861.00000,2856.00000,0.42004
600.00000,0.03000,3.00000,1.00000,0.00000,0.04661,0.11591,-245.31380,-261.56201,0.06623,2861.00000,2859.00000,0.47390
600.00000,0.03000,4.00000,1.00000,0.00000,0.04661,0.11591,-245.31380,-261.56201,0.06623,2861.00000,2863.00000,0.50140
600.00000,0.03000,5.00000,1.00000,0.00000,0.04661,0.11591,-245.31380,-261.56201,0.06623,2861.00000,2853.00000,0.01095
600.00000,0.03000,6.00000,1.00000,0.00000,0.04661,0.11591,-245.31380,-261.56201,0.06623,2861.00000,2850.00000,0.00000
