"Omega","Tolerance","Step Size Rule","Iterations","Converged?","Gap LR","Gap Naive","Obj. Naive","Obj. LR","Gap","Time Naive","Time LR","Final Lambda","LB Heuristic"
600.00000,0.03000,1.00000,3.00000,0.00000,0.04661,0.07328,256.46843,261.56201,0.01947,4243.00000,2709.00000,8.85140,249.91245
600.00000,0.03000,2.00000,2.00000,0.00000,0.03563,0.07328,256.46843,258.81663,0.00907,4243.00000,4212.00000,0.23254,249.91245
600.00000,0.03000,3.00000,2.00000,0.00000,0.02687,0.07328,256.46843,256.62672,0.00062,4243.00000,4215.00000,0.36590,249.91245
600.00000,0.03000,4.00000,2.00000,0.00000,0.03670,0.07328,256.46843,259.08453,0.01010,4243.00000,4211.00000,0.47665,249.91245
600.00000,0.03000,5.00000,3.00000,0.00000,0.02760,0.07328,256.46843,256.81030,0.00133,4243.00000,2515.00000,0.16499,249.91245
600.00000,0.03000,6.00000,3.00000,0.00000,0.04661,0.07328,256.46843,261.56201,0.01947,4243.00000,4289.00000,0.00000,249.91245
