"Omega","Tolerance","Step Size Rule","Iterations","Converged?","Gap LR","Gap Naive","Obj. Naive","Obj. LR","Gap","Time Naive","Time LR","Final Lambda"
600.00000,0.03000,1.00000,2.00000,0.00000,0.02760,0.11591,-245.31380,-256.81030,0.02686,2872.00000,2487.00000,9.06140
600.00000,0.03000,2.00000,2.00000,0.00000,0.02752,0.11591,-245.31380,-256.78922,0.02678,2872.00000,4311.00000,0.34102
600.00000,0.03000,3.00000,2.00000,0.00000,0.01244,0.11591,-245.31380,-253.02051,0.01228,2872.00000,4316.00000,0.33590
600.00000,0.03000,4.00000,2.00000,0.00000,0.01514,0.11591,-245.31380,-253.69551,0.01491,2872.00000,4298.00000,0.41776
600.00000,0.03000,5.00000,3.00000,0.00000,0.04661,0.11591,-245.31380,-261.56201,0.04454,2872.00000,2349.00000,0.01954
600.00000,0.03000,6.00000,3.00000,0.00000,0.04661,0.11591,-245.31380,-261.56201,0.04454,2872.00000,4364.00000,0.00000
