"Omega","Tolerance","Step Size Rule","Iterations","Converged?","Gap LR","Gap Naive","Obj. Naive","Obj. LR","Gap","Time Naive","Time LR","Final Lambda","LB Heuristic"
600.00000,0.03000,1.00000,3.00000,0.00000,0.02760,0.11591,245.31380,256.81030,0.02686,4273.00000,2726.00000,8.79140,249.91245
600.00000,0.03000,2.00000,2.00000,1.00000,0.00000,0.11591,245.31380,249.91245,0.00000,4273.00000,4212.00000,0.45640,249.91245
600.00000,0.03000,3.00000,2.00000,1.00000,0.00000,0.11591,245.31380,249.91245,0.00000,4273.00000,4212.00000,0.44390,249.91245
600.00000,0.03000,4.00000,2.00000,0.00000,0.02760,0.11591,245.31380,256.81030,0.02686,4273.00000,4212.00000,0.43544,249.91245
600.00000,0.03000,5.00000,4.00000,0.00000,0.04661,0.11591,245.31380,261.56201,0.04454,4273.00000,2531.00000,0.02211,249.91245
600.00000,0.03000,6.00000,3.00000,0.00000,0.04661,0.11591,245.31380,261.56201,0.04454,4273.00000,4298.00000,0.00000,249.91245
