"Omega","Tolerance","Step Size Rule","Iterations","Converged?","Gap LR","Gap Naive","Obj. Naive","Obj. LR","Gap","Time Naive","Time LR","Final Lambda","LB Heuristic"
600.00000,0.03000,1.00000,3.00000,0.00000,0.04661,0.06940,257.54199,261.56201,0.01537,4226.00000,2434.00000,8.85140,249.91245
600.00000,0.03000,2.00000,2.00000,0.00000,0.03563,0.06940,257.54199,258.81663,0.00492,4226.00000,4209.00000,0.23254,249.91245
600.00000,0.03000,3.00000,2.00000,0.00000,0.03940,0.06940,257.54199,259.75814,0.00853,4226.00000,4210.00000,0.41990,249.91245
600.00000,0.03000,4.00000,2.00000,0.00000,0.04092,0.06940,257.54199,260.13819,0.00998,4226.00000,4209.00000,0.48019,249.91245
600.00000,0.03000,5.00000,4.00000,0.00000,0.04661,0.06940,257.54199,261.56201,0.01537,4226.00000,2456.00000,0.02211,249.91245
600.00000,0.03000,6.00000,3.00000,0.00000,0.04661,0.06940,257.54199,261.56201,0.01537,4226.00000,4302.00000,0.00000,249.91245
