"Omega","Tolerance","Step Size Rule","Iterations","Converged?","Gap LR","Gap Naive","Obj. Naive","Obj. LR","Gap","Time Naive","Time LR","Final Lambda","LB Heuristic"
600.00000,0.03000,1.00000,5.00000,0.00000,0.04661,0.06084,258.02005,261.56201,0.01354,4225.00000,2434.00000,8.31140,249.91245
600.00000,0.03000,2.00000,2.00000,0.00000,0.04043,0.06084,258.02005,260.01605,0.00768,4225.00000,4205.00000,0.67004,249.91245
600.00000,0.03000,3.00000,2.00000,0.00000,0.03940,0.06084,258.02005,259.75814,0.00669,4225.00000,4207.00000,0.41990,249.91245
600.00000,0.03000,4.00000,2.00000,0.00000,0.04128,0.06084,258.02005,260.22989,0.00849,4225.00000,4206.00000,0.47665,249.91245
600.00000,0.03000,5.00000,7.00000,0.00000,0.04661,0.06084,258.02005,261.56201,0.01354,4225.00000,2425.00000,0.02737,249.91245
600.00000,0.03000,6.00000,3.00000,0.00000,0.04661,0.06084,258.02005,261.56201,0.01354,4225.00000,4268.00000,0.00000,249.91245
