"Omega","Tolerance","Step Size Rule","Iterations","Converged?","Gap LR","Gap Naive","Obj. Naive","Obj. LR","Gap","Time Naive","Time LR","Final Lambda","LB Heuristic"
600.00000,0.03000,1.00000,3.00000,0.00000,0.04454,0.06901,257.64859,261.56201,0.01496,4225.00000,2403.00000,8.85140,249.91245
600.00000,0.03000,2.00000,2.00000,0.00000,0.03440,0.06901,257.64859,258.81663,0.00451,4225.00000,4206.00000,0.23254,249.91245
600.00000,0.03000,3.00000,2.00000,0.00000,0.03790,0.06901,257.64859,259.75814,0.00812,4225.00000,4211.00000,0.41990,249.91245
600.00000,0.03000,4.00000,2.00000,0.00000,0.03965,0.06901,257.64859,260.22989,0.00992,4225.00000,4209.00000,0.47665,249.91245
600.00000,0.03000,5.00000,6.00000,0.00000,0.04454,0.06901,257.64859,261.56201,0.01496,4225.00000,2404.00000,0.02589,249.91245
600.00000,0.03000,6.00000,3.00000,0.00000,0.04454,0.06901,257.64859,261.56201,0.01496,4225.00000,4279.00000,0.00000,249.91245
