"Omega","Tolerance","Step Size Rule","Iterations","Converged?","Gap LR","Gap Naive","Obj. Naive","Obj. LR","Gap","Time Naive","Time LR","Final Lambda","LB Heuristic"
600.00000,0.03000,1.00000,4.00000,0.00000,0.04454,0.06940,257.54199,261.56201,0.01537,4224.00000,2517.00000,8.58140,249.91245
600.00000,0.03000,2.00000,2.00000,0.00000,0.03440,0.06940,257.54199,258.81663,0.00492,4224.00000,4205.00000,0.23254,249.91245
600.00000,0.03000,3.00000,2.00000,0.00000,0.03790,0.06940,257.54199,259.75814,0.00853,4224.00000,4208.00000,0.41990,249.91245
600.00000,0.03000,4.00000,2.00000,0.00000,0.03965,0.06940,257.54199,260.22989,0.01033,4224.00000,4209.00000,0.47665,249.91245
600.00000,0.03000,5.00000,6.00000,0.00000,0.04454,0.06940,257.54199,261.56201,0.01537,4224.00000,2407.00000,0.02589,249.91245
600.00000,0.03000,6.00000,3.00000,0.00000,0.04454,0.06940,257.54199,261.56201,0.01537,4224.00000,4094.00000,0.00000,249.91245
