"Omega","Tolerance","Step Size Rule","Iterations","Converged?","Gap LR","Gap Naive","Obj. Naive","Obj. LR","Gap","Time Naive","Time LR","Final Lambda"
600.00000,0.03000,1.00000,3.00000,0.00000,0.02760,0.11591,-245.31380,-256.81030,255.83716,4281.00000,2733.00000,8.79140
600.00000,0.03000,2.00000,2.00000,1.00000,0.00000,0.11591,-245.31380,-249.91245,248.91245,4281.00000,4227.00000,0.45640
600.00000,0.03000,3.00000,2.00000,1.00000,0.00000,0.11591,-245.31380,-249.91245,248.91245,4281.00000,4218.00000,0.44390
600.00000,0.03000,4.00000,2.00000,0.00000,0.02760,0.11591,-245.31380,-256.81030,255.83716,4281.00000,4223.00000,0.43544
600.00000,0.03000,5.00000,3.00000,0.00000,0.02975,0.11591,-245.31380,-257.34753,256.37642,4281.00000,2498.00000,0.18999
600.00000,0.03000,6.00000,3.00000,0.00000,0.04661,0.11591,-245.31380,-261.56201,260.60655,4281.00000,4293.00000,0.00000
