"Omega","Tolerance","Step Size Rule","Iterations","Converged?","Gap LR","Gap Naive","Obj. Naive","Obj. LR","Gap","Time Naive","Time LR","Final Lambda","LB Heuristic"
600.00000,0.01000,1.00000,2.00000,0.00000,0.01929,0.04734,252.08023,253.95875,0.00740,4287.00000,4218.00000,0.91324,249.15229
600.00000,0.01000,2.00000,2.00000,0.00000,0.01505,0.04734,252.08023,252.90264,0.00325,4287.00000,4218.00000,0.01324,249.15229
600.00000,0.01000,3.00000,2.00000,0.00000,0.01794,0.04734,252.08023,253.62317,0.00608,4287.00000,4218.00000,1.00774,249.15229
600.00000,0.01000,4.00000,2.00000,0.00000,0.01809,0.04734,252.08023,253.66067,0.00623,4287.00000,4212.00000,1.02763,249.15229
600.00000,0.01000,5.00000,4.00000,0.00000,0.02080,0.04734,252.08023,254.33375,0.00886,4287.00000,2530.00000,0.01094,249.15229
600.00000,0.01000,6.00000,3.00000,0.00000,0.01348,0.04734,252.08023,252.51011,0.00170,4287.00000,4295.00000,3.07440,249.15229
