"Omega","Tolerance","Step Size Rule","Iterations","Converged?","Gap LR","Gap Naive","Obj. Naive","Obj. LR","Gap","Time Naive","Time LR","Final Lambda","LB Heuristic"
600.00000,0.01000,1.00000,2.00000,0.00000,0.01893,0.00096,252.41659,253.95875,0.00607,2716.00000,3973.00000,0.91324,249.15229
600.00000,0.01000,2.00000,2.00000,0.00000,0.01483,0.00096,252.41659,252.90264,0.00192,2716.00000,4082.00000,0.01324,249.15229
600.00000,0.01000,3.00000,2.00000,0.00000,0.01965,0.00096,252.41659,254.14625,0.00681,2716.00000,4033.00000,0.99574,249.15229
600.00000,0.01000,4.00000,2.00000,0.00000,0.01989,0.00096,252.41659,254.20875,0.00705,2716.00000,3870.00000,1.02056,249.15229
600.00000,0.01000,5.00000,9.00000,0.00000,0.02037,0.00096,252.41659,254.33375,0.00754,2716.00000,2422.00000,0.01847,249.15229
600.00000,0.01000,6.00000,3.00000,0.00000,0.01621,0.00096,252.41659,253.25718,0.00332,2716.00000,3652.00000,4.94075,249.15229
