"Omega","Tolerance","Step Size Rule","Iterations","Converged?","Gap LR","Gap Naive","Obj. Naive","Obj. LR","Gap","Time Naive","Time LR","Final Lambda","LB Heuristic"
600.00000,0.01000,1.00000,2.00000,0.00000,0.01929,0.01252,252.36264,253.95875,0.00628,4301.00000,4218.00000,0.91324,249.15229
600.00000,0.01000,2.00000,2.00000,0.00000,0.01505,0.01252,252.36264,252.90264,0.00214,4301.00000,4216.00000,0.01324,249.15229
600.00000,0.01000,3.00000,2.00000,0.00000,0.01794,0.01252,252.36264,253.62317,0.00497,4301.00000,4215.00000,1.00774,249.15229
600.00000,0.01000,4.00000,2.00000,0.00000,0.01809,0.01252,252.36264,253.66067,0.00512,4301.00000,4212.00000,1.02763,249.15229
600.00000,0.01000,5.00000,4.00000,0.00000,0.02080,0.01252,252.36264,254.33375,0.00775,4301.00000,2554.00000,0.01094,249.15229
600.00000,0.01000,6.00000,3.00000,0.00000,0.01648,0.01252,252.36264,253.25718,0.00353,4301.00000,4349.00000,4.94075,249.15229
