"Omega","Tolerance","Step Size Rule","Iterations","Converged?","Gap LR","Gap Naive","Obj. Naive","Obj. LR","Gap","Time Naive","Time LR","Final Lambda"
600.00000,0.01000,1.00000,1.00000,0.00000,0.02080,0.02883,-252.36264,-254.33375,0.00781,2860.00000,2441.00000,0.98824
600.00000,0.01000,2.00000,1.00000,0.00000,0.02080,0.02883,-252.36264,-254.33375,0.00781,2860.00000,2666.00000,0.76324
600.00000,0.01000,3.00000,1.00000,0.00000,0.02080,0.02883,-252.36264,-254.33375,0.00781,2860.00000,2616.00000,1.02574
600.00000,0.01000,4.00000,1.00000,0.00000,0.02080,0.02883,-252.36264,-254.33375,0.00781,2860.00000,2698.00000,1.03824
600.00000,0.01000,5.00000,1.00000,0.00000,0.02080,0.02883,-252.36264,-254.33375,0.00781,2860.00000,2732.00000,0.00000
600.00000,0.01000,6.00000,1.00000,0.00000,0.02080,0.02883,-252.36264,-254.33375,0.00781,2860.00000,2688.00000,0.00000
