"Omega","Tolerance","Step Size Rule","Iterations","Converged?","Gap LR","Gap Naive","Obj. Naive","Obj. LR","Gap","Time Naive","Time LR","Final Lambda","LB Heuristic"
600.00000,0.01000,1.00000,2.00000,0.00000,0.01929,0.00096,252.41659,253.95875,0.00607,4000.00000,4215.00000,0.91324,249.15229
600.00000,0.01000,2.00000,2.00000,0.00000,0.01505,0.00096,252.41659,252.90264,0.00192,4000.00000,4210.00000,0.01324,249.15229
600.00000,0.01000,3.00000,2.00000,0.00000,0.01794,0.00096,252.41659,253.62317,0.00476,4000.00000,4211.00000,1.00774,249.15229
600.00000,0.01000,4.00000,2.00000,0.00000,0.01809,0.00096,252.41659,253.66067,0.00490,4000.00000,4213.00000,1.02763,249.15229
600.00000,0.01000,5.00000,5.00000,0.00000,0.02080,0.00096,252.41659,254.33375,0.00754,4000.00000,2484.00000,0.01296,249.15229
600.00000,0.01000,6.00000,3.00000,0.00000,0.01648,0.00096,252.41659,253.25718,0.00332,4000.00000,3938.00000,4.94075,249.15229
