"Omega","Tolerance","Step Size Rule","Iterations","Converged?","Gap LR","Gap Naive","Obj. Naive","Obj. LR","Gap","Time Naive","Time LR","Final Lambda"
600.00000,0.01000,1.00000,2.00000,0.00000,0.01685,0.05170,-251.20559,-253.35115,0.00847,2885.00000,4349.00000,0.89824
600.00000,0.01000,2.00000,2.00000,0.00000,0.01478,0.05170,-251.20559,-252.83567,0.00645,2885.00000,4353.00000,0.26324
600.00000,0.01000,3.00000,2.00000,0.00000,0.01776,0.05170,-251.20559,-253.57615,0.00935,2885.00000,4356.00000,0.98974
600.00000,0.01000,4.00000,2.00000,0.00000,0.01809,0.05170,-251.20559,-253.66067,0.00968,2885.00000,4296.00000,1.02763
600.00000,0.01000,5.00000,3.00000,0.00000,0.02080,0.05170,-251.20559,-254.33375,0.01230,2885.00000,2317.00000,0.00842
600.00000,0.01000,6.00000,3.00000,0.00000,0.01648,0.05170,-251.20559,-253.25718,0.00810,2885.00000,4312.00000,4.94075
