"Omega","Tolerance","Step Size Rule","Iterations","Converged?","Gap LR","Gap Naive","Obj. Naive","Obj. LR","Gap","Time Naive","Time LR","Final Lambda","LB Heuristic"
600.00000,0.01000,1.00000,2.00000,0.00000,0.01929,0.00000,252.41659,253.95875,0.00607,1504.00000,2443.00000,0.91324,249.15229
600.00000,0.01000,2.00000,2.00000,0.00000,0.01706,0.00000,252.41659,253.40241,0.00389,1504.00000,3034.00000,1.51324,249.15229
600.00000,0.01000,3.00000,2.00000,0.00000,0.02004,0.00000,252.41659,254.14625,0.00681,1504.00000,2404.00000,0.99574,249.15229
600.00000,0.01000,4.00000,3.00000,0.00000,0.01994,0.00000,252.41659,254.12036,0.00670,1504.00000,3171.00000,1.00613,249.15229
600.00000,0.01000,5.00000,10.00000,0.00000,0.02080,0.00000,252.41659,254.33375,0.00754,1504.00000,1395.00000,0.01948,249.15229
600.00000,0.01000,6.00000,3.00000,0.00000,0.01648,0.00000,252.41659,253.25718,0.00332,1504.00000,2902.00000,4.94075,249.15229
