"Omega","Tolerance","Step Size Rule","Iterations","Converged?","Gap LR","Gap Naive","Obj. Naive","Obj. LR","Gap","Time Naive","Time LR","Final Lambda"
600.00000,0.01000,1.00000,2.00000,0.00000,0.01929,0.00000,-252.41659,-253.95875,0.00607,1724.00000,2504.00000,0.91324
600.00000,0.01000,2.00000,2.00000,0.00000,0.01556,0.00000,-252.41659,-253.02914,0.00242,1724.00000,3189.00000,1.13824
600.00000,0.01000,3.00000,2.00000,0.00000,0.02004,0.00000,-252.41659,-254.14625,0.00681,1724.00000,2523.00000,0.99574
600.00000,0.01000,4.00000,3.00000,0.00000,0.01994,0.00000,-252.41659,-254.12036,0.00670,1724.00000,3257.00000,1.00613
600.00000,0.01000,5.00000,10.00000,0.00000,0.02080,0.00000,-252.41659,-254.33375,0.00754,1724.00000,1407.00000,0.01948
600.00000,0.01000,6.00000,3.00000,0.00000,0.01648,0.00000,-252.41659,-253.25718,0.00332,1724.00000,3048.00000,4.94075
