"Omega","Tolerance","Step Size Rule","Iterations","Converged?","Gap LR","Gap Naive","Obj. Naive","Obj. LR","Gap","Time Naive","Time LR","Final Lambda","LB Heuristic"
600.00000,0.03000,1.00000,2.00000,0.00000,0.04345,0.07456,255.58624,257.59675,0.00780,4225.00000,4204.00000,0.40129,246.40474
600.00000,0.03000,2.00000,5.00000,0.00000,0.04739,0.07456,255.58624,258.66217,0.01189,4225.00000,2465.00000,0.07660,246.40474
600.00000,0.03000,3.00000,2.00000,0.00000,0.04712,0.07456,255.58624,258.59052,0.01162,4225.00000,4207.00000,0.52579,246.40474
600.00000,0.03000,4.00000,2.00000,0.00000,0.04693,0.07456,255.58624,258.53822,0.01142,4225.00000,4206.00000,0.54068,246.40474
600.00000,0.03000,5.00000,7.00000,0.00000,0.04739,0.07456,255.58624,258.66217,0.01189,4225.00000,2442.00000,0.01642,246.40474
600.00000,0.03000,6.00000,3.00000,0.00000,0.04764,0.07456,255.58624,258.73006,0.01215,4225.00000,4042.00000,0.00000,246.40474
