"Omega","Tolerance","Step Size Rule","Iterations","Converged?","Gap LR","Gap Naive","Obj. Naive","Obj. LR","Gap","Time Naive","Time LR","Final Lambda","LB Heuristic"
600.00000,0.03000,1.00000,2.00000,0.00000,0.02787,0.12719,241.90567,253.27245,0.02712,4279.00000,4213.00000,0.25129,246.40474
600.00000,0.03000,2.00000,2.00000,0.00000,0.04267,0.12719,241.90567,256.91860,0.04092,4279.00000,2515.00000,0.35458,246.40474
600.00000,0.03000,3.00000,2.00000,0.00000,0.04054,0.12719,241.90567,256.39445,0.03896,4279.00000,4218.00000,0.45979,246.40474
600.00000,0.03000,4.00000,2.00000,1.00000,0.04267,0.12719,241.90567,256.91860,0.04092,4279.00000,4218.00000,0.53129,246.40474
600.00000,0.03000,5.00000,4.00000,0.00000,0.04393,0.12719,241.90567,257.22872,0.04208,4279.00000,2521.00000,0.01117,246.40474
600.00000,0.03000,6.00000,3.00000,0.00000,0.04393,0.12719,241.90567,257.22872,0.04208,4279.00000,4300.00000,0.00000,246.40474
