"Omega","Tolerance","Step Size Rule","Iterations","Converged?","Gap LR","Gap Naive","Obj. Naive","Obj. LR","Gap","Time Naive","Time LR","Final Lambda","LB Heuristic"
600.00000,0.03000,1.00000,2.00000,0.00000,0.02787,0.12719,241.90567,253.27245,0.02712,4298.00000,4216.00000,0.25129,246.40474
600.00000,0.03000,2.00000,2.00000,0.00000,0.04267,0.12719,241.90567,256.91860,0.04092,4298.00000,2486.00000,0.35458,246.40474
600.00000,0.03000,3.00000,2.00000,0.00000,0.04054,0.12719,241.90567,256.39445,0.03896,4298.00000,4214.00000,0.45979,246.40474
600.00000,0.03000,4.00000,2.00000,1.00000,0.04267,0.12719,241.90567,256.91860,0.04092,4298.00000,4217.00000,0.53129,246.40474
600.00000,0.03000,5.00000,3.00000,0.00000,0.04393,0.12719,241.90567,257.22872,0.04208,4298.00000,2428.00000,0.00859,246.40474
600.00000,0.03000,6.00000,3.00000,0.00000,0.04393,0.12719,241.90567,257.22872,0.04208,4298.00000,4334.00000,0.00000,246.40474
