"Omega","Tolerance","Step Size Rule","Iterations","Converged?","Gap LR","Gap Naive","Obj. Naive","Obj. LR","Gap","Time Naive","Time LR","Final Lambda"
600.00000,0.03000,1.00000,1.00000,0.00000,0.04979,0.12719,-241.90567,-258.67241,0.06931,2845.00000,2845.00000,0.52129
600.00000,0.03000,2.00000,1.00000,0.00000,0.04979,0.12719,-241.90567,-258.67241,0.06931,2845.00000,2847.00000,0.06629
600.00000,0.03000,3.00000,1.00000,0.00000,0.04979,0.12719,-241.90567,-258.67241,0.06931,2845.00000,2850.00000,0.54379
600.00000,0.03000,4.00000,1.00000,0.00000,0.04979,0.12719,-241.90567,-258.67241,0.06931,2845.00000,2850.00000,0.55129
600.00000,0.03000,5.00000,1.00000,0.00000,0.04979,0.12719,-241.90567,-258.67241,0.06931,2845.00000,2849.00000,0.00000
600.00000,0.03000,6.00000,1.00000,0.00000,0.04979,0.12719,-241.90567,-258.67241,0.06931,2845.00000,2839.00000,0.00000
