"Omega","Tolerance","Step Size Rule","Iterations","Converged?","Gap LR","Gap Naive","Obj. Naive","Obj. LR","Gap","Time Naive","Time LR","Final Lambda","LB Heuristic"
600.00000,0.03000,1.00000,2.00000,0.00000,0.04542,0.07588,255.22160,257.59675,0.00922,4227.00000,4205.00000,0.40129,246.40474
600.00000,0.03000,2.00000,5.00000,0.00000,0.04975,0.07588,255.22160,258.66217,0.01330,4227.00000,2501.00000,0.07660,246.40474
600.00000,0.03000,3.00000,2.00000,0.00000,0.04915,0.07588,255.22160,258.51572,0.01274,4227.00000,4207.00000,0.52579,246.40474
600.00000,0.03000,4.00000,2.00000,0.00000,0.04924,0.07588,255.22160,258.53822,0.01283,4227.00000,4207.00000,0.54068,246.40474
600.00000,0.03000,5.00000,6.00000,0.00000,0.04975,0.07588,255.22160,258.66217,0.01330,4227.00000,2471.00000,0.01495,246.40474
600.00000,0.03000,6.00000,3.00000,0.00000,0.04975,0.07588,255.22160,258.66217,0.01330,4227.00000,4258.00000,0.00000,246.40474
