"Omega","Tolerance","Step Size Rule","Iterations","Converged?","Gap LR","Gap Naive","Obj. Naive","Obj. LR","Gap","Time Naive","Time LR","Final Lambda","LB Heuristic"
600.00000,0.03000,1.00000,2.00000,0.00000,0.04345,0.07588,255.22160,257.59675,0.00922,4229.00000,4205.00000,0.40129,246.40474
600.00000,0.03000,2.00000,4.00000,0.00000,0.04739,0.07588,255.22160,258.66217,0.01330,4229.00000,2420.00000,0.07402,246.40474
600.00000,0.03000,3.00000,2.00000,0.00000,0.04685,0.07588,255.22160,258.51572,0.01274,4229.00000,4208.00000,0.52579,246.40474
600.00000,0.03000,4.00000,2.00000,0.00000,0.04693,0.07588,255.22160,258.53822,0.01283,4229.00000,4206.00000,0.54068,246.40474
600.00000,0.03000,5.00000,6.00000,0.00000,0.04739,0.07588,255.22160,258.66217,0.01330,4229.00000,2454.00000,0.01495,246.40474
600.00000,0.03000,6.00000,3.00000,0.00000,0.04764,0.07588,255.22160,258.73006,0.01356,4229.00000,4260.00000,0.00000,246.40474
