"Omega","Tolerance","Step Size Rule","Iterations","Converged?","Gap LR","Gap Naive","Obj. Naive","Obj. LR","Gap","Time Naive","Time LR","Final Lambda","LB Heuristic"
600.00000,0.03000,1.00000,2.00000,0.00000,0.04542,0.07511,255.43402,257.59675,0.00840,4231.00000,4208.00000,0.40129,246.40474
600.00000,0.03000,2.00000,3.00000,0.00000,0.04975,0.07511,255.43402,258.66217,0.01248,4231.00000,2425.00000,0.07144,246.40474
600.00000,0.03000,3.00000,2.00000,0.00000,0.04915,0.07511,255.43402,258.51572,0.01192,4231.00000,4209.00000,0.52579,246.40474
600.00000,0.03000,4.00000,2.00000,0.00000,0.04924,0.07511,255.43402,258.53822,0.01201,4231.00000,4209.00000,0.54068,246.40474
600.00000,0.03000,5.00000,4.00000,0.00000,0.04942,0.07511,255.43402,258.58322,0.01218,4231.00000,2465.00000,0.01117,246.40474
600.00000,0.03000,6.00000,3.00000,0.00000,0.04975,0.07511,255.43402,258.66217,0.01248,4231.00000,4302.00000,0.00000,246.40474
