"Omega","Tolerance","Step Size Rule","Iterations","Converged?","Gap LR","Gap Naive","Obj. Naive","Obj. LR","Gap","Time Naive","Time LR","Final Lambda","LB Heuristic"
600.00000,0.03000,1.00000,2.00000,0.00000,0.04975,0.06516,258.18307,258.66217,0.00185,4212.00000,4203.00000,0.49129,246.40474
600.00000,0.03000,2.00000,4.00000,0.00000,0.04975,0.06516,258.18307,258.66217,0.00185,4212.00000,2448.00000,0.07402,246.40474
600.00000,0.03000,3.00000,2.00000,0.00000,0.04975,0.06516,258.18307,258.66217,0.00185,4212.00000,4206.00000,0.51979,246.40474
600.00000,0.03000,4.00000,2.00000,0.00000,0.04924,0.06516,258.18307,258.53822,0.00137,4212.00000,4204.00000,0.54068,246.40474
600.00000,0.03000,5.00000,7.00000,0.00000,0.04975,0.06516,258.18307,258.66217,0.00185,4212.00000,2439.00000,0.01642,246.40474
600.00000,0.03000,6.00000,3.00000,0.00000,0.05002,0.06516,258.18307,258.73006,0.00211,4212.00000,4252.00000,0.00000,246.40474
