"Omega","Tolerance","Step Size Rule","Iterations","Converged?","Gap LR","Gap Naive","Obj. Naive","Obj. LR","Gap","Time Naive","Time LR","Final Lambda"
600.00000,0.03000,1.00000,2.00000,0.00000,0.02812,0.12719,-241.90567,-253.33325,0.02735,2880.00000,4336.00000,0.37129
600.00000,0.03000,2.00000,2.00000,0.00000,0.04267,0.12719,-241.90567,-256.91860,0.04092,2880.00000,2588.00000,0.35458
600.00000,0.03000,3.00000,2.00000,0.00000,0.04393,0.12719,-241.90567,-257.22872,0.04208,2880.00000,4331.00000,0.50929
600.00000,0.03000,4.00000,2.00000,0.00000,0.04267,0.12719,-241.90567,-256.91860,0.04092,2880.00000,4300.00000,0.52068
600.00000,0.03000,5.00000,3.00000,0.00000,0.04688,0.12719,-241.90567,-257.95675,0.04478,2880.00000,2379.00000,0.00859
600.00000,0.03000,6.00000,3.00000,0.00000,0.04979,0.12719,-241.90567,-258.67241,0.04743,2880.00000,4374.00000,0.00000
