"Omega","Tolerance","Step Size Rule","Iterations","Converged?","Gap LR","Gap Naive","Obj. Naive","Obj. LR","Gap","Time Naive","Time LR","Final Lambda"
600.00000,0.03000,1.00000,2.00000,0.00000,0.02787,0.12719,-241.90567,-253.27245,252.29956,4287.00000,4216.00000,0.25129
600.00000,0.03000,2.00000,2.00000,0.00000,0.04267,0.12719,-241.90567,-256.91860,255.95953,4287.00000,2537.00000,0.35458
600.00000,0.03000,3.00000,2.00000,0.00000,0.04054,0.12719,-241.90567,-256.39445,255.43341,4287.00000,4220.00000,0.45979
600.00000,0.03000,4.00000,2.00000,1.00000,0.04267,0.12719,-241.90567,-256.91860,255.95953,4287.00000,4223.00000,0.53129
600.00000,0.03000,5.00000,3.00000,0.00000,0.04393,0.12719,-241.90567,-257.22872,256.27079,4287.00000,2411.00000,0.00859
600.00000,0.03000,6.00000,3.00000,0.00000,0.04393,0.12719,-241.90567,-257.22872,256.27079,4287.00000,4312.00000,0.00000
