"Omega","Tolerance","Step Size Rule","Iterations","Converged?","Gap LR","Gap Naive","Obj. Naive","Obj. LR","Gap","Time Naive","Time LR","Final Lambda","LB Heuristic"
100.00000,0.07000,1.00000,10.00000,0.00000,0.03742,0.00000,284.98087,294.68484,0.03293,217.00000,435.00000,3.25896,284.05492
100.00000,0.07000,2.00000,10.00000,0.00000,0.02922,0.00000,284.98087,292.35623,0.02523,217.00000,579.00000,2.57912,284.05492
100.00000,0.07000,3.00000,10.00000,0.00000,0.03566,0.00000,284.98087,294.18312,0.03128,217.00000,390.00000,3.27613,284.05492
100.00000,0.07000,4.00000,10.00000,0.00000,0.03213,0.00000,284.98087,293.18144,0.02797,217.00000,368.00000,3.13797,284.05492
100.00000,0.07000,5.00000,10.00000,0.00000,0.02930,0.00000,284.98087,292.37774,0.02530,217.00000,170.00000,2.68502,284.05492
100.00000,0.07000,6.00000,10.00000,0.00000,0.03037,0.00000,284.98087,292.68260,0.02631,217.00000,82.00000,1.94113,284.05492
