"Omega","Tolerance","Step Size Rule","Iterations","Converged?","Gap LR","Gap Naive","Obj. Naive","Obj. LR","Gap","Time Naive","Time LR","Final Lambda","LB Heuristic"
900.00000,0.05000,1.00000,3.00000,0.00000,0.01984,0.20523,226.56432,254.17638,0.01945,4354.00000,3156.00000,12.16500,249.23278
900.00000,0.05000,2.00000,2.00000,0.00000,0.01984,0.20523,226.56432,254.17638,0.01945,4354.00000,2525.00000,0.26887,249.23278
900.00000,0.05000,3.00000,1.00000,1.00000,0.00000,0.20523,226.56432,249.23278,0.00000,4354.00000,2109.00000,0.30200,249.23278
900.00000,0.05000,4.00000,2.00000,0.00000,0.01984,0.20523,226.56432,254.17638,0.01945,4354.00000,2514.00000,3.10988,249.23278
900.00000,0.05000,5.00000,1.00000,1.00000,0.00000,0.20523,226.56432,249.23278,0.00000,4354.00000,2109.00000,0.30200,249.23278
900.00000,0.05000,6.00000,2.00000,0.00000,0.01984,0.20523,226.56432,254.17638,0.01945,4354.00000,2466.00000,0.59011,249.23278
