"Omega","Tolerance","Step Size Rule","Iterations","Converged?","Gap LR","Gap Naive","Obj. Naive","Obj. LR","Gap","Time Naive","Time LR","Final Lambda"
900.00000,0.05000,1.00000,2.00000,0.00000,0.03826,0.20636,-226.56432,-239.69654,-0.03978,2948.00000,2680.00000,12.82500
900.00000,0.05000,2.00000,1.00000,0.00000,0.03826,0.20636,-226.56432,-239.69654,-0.03978,2948.00000,2273.00000,0.26866
900.00000,0.05000,3.00000,1.00000,0.00000,0.03826,0.20636,-226.56432,-239.69654,-0.03978,2948.00000,2267.00000,0.00000
900.00000,0.05000,4.00000,1.00000,0.00000,0.03826,0.20636,-226.56432,-239.69654,-0.03978,2948.00000,2282.00000,0.07700
900.00000,0.05000,5.00000,1.00000,0.00000,0.03826,0.20636,-226.56432,-239.69654,-0.03978,2948.00000,2275.00000,0.16866
900.00000,0.05000,6.00000,1.00000,0.00000,0.03826,0.20636,-226.56432,-239.69654,-0.03978,2948.00000,2255.00000,0.72583
