"Omega","Tolerance","Step Size Rule","Iterations","Converged?","Gap LR","Gap Naive","Obj. Naive","Obj. LR","Gap","Time Naive","Time LR","Final Lambda"
900.00000,0.05000,1.00000,1.00000,0.00000,0.04284,0.20405,-226.56432,-259.91085,0.14718,2889.00000,2899.00000,0.00000
900.00000,0.05000,2.00000,1.00000,0.00000,0.04284,0.20405,-226.56432,-259.91085,0.14718,2889.00000,2897.00000,0.25788
900.00000,0.05000,3.00000,1.00000,0.00000,0.04284,0.20405,-226.56432,-259.91085,0.14718,2889.00000,2901.00000,0.04700
900.00000,0.05000,4.00000,1.00000,0.00000,0.04284,0.20405,-226.56432,-259.91085,0.14718,2889.00000,2897.00000,0.13200
900.00000,0.05000,5.00000,1.00000,0.00000,0.04284,0.20405,-226.56432,-259.91085,0.14718,2889.00000,2903.00000,0.12553
900.00000,0.05000,6.00000,1.00000,0.00000,0.04284,0.20405,-226.56432,-259.91085,0.14718,2889.00000,2883.00000,0.00000
