"Omega","Tolerance","Step Size Rule","Iterations","Converged?","Gap LR","Gap Naive","Obj. Naive","Obj. LR","Gap","Time Naive","Time LR","Final Lambda","LB Heuristic"
900.00000,0.05000,2.00000,2.00000,0.00000,0.05492,0.20365,226.56432,262.92007,0.05206,4267.00000,2424.00000,0.23853,249.23278
900.00000,0.05000,3.00000,2.00000,0.00000,0.05492,0.20365,226.56432,262.92007,0.05206,4267.00000,2406.00000,5.25950,249.23278
900.00000,0.05000,4.00000,2.00000,0.00000,0.03480,0.20365,226.56432,257.90612,0.03363,4267.00000,2436.00000,3.15988,249.23278
900.00000,0.05000,5.00000,2.00000,0.00000,0.03480,0.20365,226.56432,257.90612,0.03363,4267.00000,2430.00000,0.12369,249.23278
900.00000,0.05000,6.00000,3.00000,0.00000,0.05492,0.20365,226.56432,262.92007,0.05206,4267.00000,4429.00000,0.06743,249.23278
