"Omega","Tolerance","Step Size Rule","Iterations","Converged?","Gap LR","Gap Naive","Obj. Naive","Obj. LR","Gap","Time Naive","Time LR","Final Lambda","LB Heuristic"
900.00000,0.05000,1.00000,3.00000,0.00000,0.05492,0.20365,226.56432,262.92007,0.05206,4238.00000,2456.00000,12.16500,249.23278
900.00000,0.05000,2.00000,3.00000,0.00000,0.05492,0.20365,226.56432,262.92007,0.05206,4238.00000,2501.00000,0.24029,249.23278
900.00000,0.05000,3.00000,3.00000,0.00000,0.05492,0.20365,226.56432,262.92007,0.05206,4238.00000,2911.00000,5.03950,249.23278
900.00000,0.05000,4.00000,2.00000,0.00000,0.05492,0.20365,226.56432,262.92007,0.05206,4238.00000,2419.00000,3.20988,249.23278
900.00000,0.05000,5.00000,3.00000,0.00000,0.05492,0.20365,226.56432,262.92007,0.05206,4238.00000,2420.00000,0.04698,249.23278
900.00000,0.05000,6.00000,3.00000,0.00000,0.05492,0.20365,226.56432,262.92007,0.05206,4238.00000,4291.00000,0.06743,249.23278
