"Omega","Tolerance","Step Size Rule","Iterations","Converged?","Gap LR","Gap Naive","Obj. Naive","Obj. LR","Gap","Time Naive","Time LR","Final Lambda","LB Heuristic"
600.00000,0.03000,1.00000,3.00000,0.00000,0.03233,0.13049,242.28901,256.53861,0.03132,4288.00000,2706.00000,8.78406,248.50326
600.00000,0.03000,2.00000,2.00000,0.00000,0.02526,0.13049,242.28901,254.78169,0.02464,4288.00000,4215.00000,0.34906,248.50326
600.00000,0.03000,3.00000,2.00000,0.00000,0.02451,0.13049,242.28901,254.59419,0.02392,4288.00000,4214.00000,0.34656,248.50326
600.00000,0.03000,4.00000,2.00000,0.00000,0.02781,0.13049,242.28901,255.41361,0.02706,4288.00000,4212.00000,0.42103,248.50326
600.00000,0.03000,5.00000,3.00000,0.00000,0.04800,0.13049,242.28901,260.43042,0.04580,4288.00000,2411.00000,0.00859,248.50326
600.00000,0.03000,6.00000,3.00000,0.00000,0.04800,0.13049,242.28901,260.43042,0.04580,4288.00000,4338.00000,0.00000,248.50326
