"Omega","Tolerance","Step Size Rule","Iterations","Converged?","Gap LR","Gap Naive","Obj. Naive","Obj. LR","Gap","Time Naive","Time LR","Final Lambda"
600.00000,0.03000,1.00000,2.00000,0.00000,0.03233,0.13049,-242.28901,-256.53861,255.56994,4285.00000,2404.00000,9.05406
600.00000,0.03000,2.00000,2.00000,0.00000,0.02526,0.13049,-242.28901,-254.78169,253.80633,4285.00000,4217.00000,0.34906
600.00000,0.03000,3.00000,2.00000,0.00000,0.02451,0.13049,-242.28901,-254.59419,253.61811,4285.00000,4219.00000,0.34656
600.00000,0.03000,4.00000,2.00000,0.00000,0.02781,0.13049,-242.28901,-255.41361,254.44067,4285.00000,4220.00000,0.42103
600.00000,0.03000,5.00000,3.00000,0.00000,0.04800,0.13049,-242.28901,-260.43042,259.47622,4285.00000,2493.00000,0.00859
600.00000,0.03000,6.00000,3.00000,0.00000,0.04800,0.13049,-242.28901,-260.43042,259.47622,4285.00000,4338.00000,0.00000
