"Omega","Tolerance","Step Size Rule","Iterations","Converged?","Gap LR","Gap Naive","Obj. Naive","Obj. LR","Gap","Time Naive","Time LR","Final Lambda","LB Heuristic"
600.00000,0.03000,1.00000,2.00000,0.00000,0.04580,0.07153,257.45421,260.43042,0.01143,4228.00000,4212.00000,0.41406,248.50326
600.00000,0.03000,2.00000,3.00000,0.00000,0.04580,0.07153,257.45421,260.43042,0.01143,4228.00000,2401.00000,0.30422,248.50326
600.00000,0.03000,3.00000,2.00000,0.00000,0.04580,0.07153,257.45421,260.43042,0.01143,4228.00000,4210.00000,0.46806,248.50326
600.00000,0.03000,4.00000,2.00000,0.00000,0.04432,0.07153,257.45421,260.02748,0.00990,4228.00000,4208.00000,0.49785,248.50326
600.00000,0.03000,5.00000,5.00000,0.00000,0.04677,0.07153,257.45421,260.69489,0.01243,4228.00000,2433.00000,0.01323,248.50326
600.00000,0.03000,6.00000,3.00000,0.00000,0.04909,0.07153,257.45421,261.33073,0.01483,4228.00000,4281.00000,0.00000,248.50326
