"Omega","Tolerance","Step Size Rule","Iterations","Converged?","Gap LR","Gap Naive","Obj. Naive","Obj. LR","Gap","Time Naive","Time LR","Final Lambda"
600.00000,0.03000,1.00000,2.00000,0.00000,0.01476,0.13051,-242.28901,-252.17216,0.01455,2867.00000,2449.00000,9.00906
600.00000,0.03000,2.00000,2.00000,0.00000,0.01476,0.13051,-242.28901,-252.17216,0.01455,2867.00000,4307.00000,0.36573
600.00000,0.03000,3.00000,2.00000,0.00000,0.00630,0.13051,-242.28901,-250.06859,0.00626,2867.00000,4307.00000,0.33006
600.00000,0.03000,4.00000,2.00000,0.00000,0.00824,0.13051,-242.28901,-250.55216,0.00818,2867.00000,4288.00000,0.39542
600.00000,0.03000,5.00000,2.00000,0.00000,0.04081,0.13051,-242.28901,-258.64476,0.03921,2867.00000,2262.00000,0.09268
600.00000,0.03000,6.00000,2.00000,0.00000,0.04081,0.13051,-242.28901,-258.64476,0.03921,2867.00000,2251.00000,0.94079
