"Omega","Tolerance","Step Size Rule","Iterations","Converged?","Gap LR","Gap Naive","Obj. Naive","Obj. LR","Gap","Time Naive","Time LR","Final Lambda","LB Heuristic"
600.00000,0.03000,1.00000,2.00000,0.00000,0.04800,0.07165,257.42150,260.43042,0.01155,4231.00000,4204.00000,0.41406,248.50326
600.00000,0.03000,2.00000,4.00000,0.00000,0.04800,0.07165,257.42150,260.43042,0.01155,4231.00000,2499.00000,0.30680,248.50326
600.00000,0.03000,3.00000,2.00000,0.00000,0.04800,0.07165,257.42150,260.43042,0.01155,4231.00000,4207.00000,0.46806,248.50326
600.00000,0.03000,4.00000,2.00000,0.00000,0.04692,0.07165,257.42150,260.16217,0.01053,4231.00000,4208.00000,0.52614,248.50326
600.00000,0.03000,5.00000,5.00000,0.00000,0.04927,0.07165,257.42150,260.74659,0.01275,4231.00000,2441.00000,0.01323,248.50326
600.00000,0.03000,6.00000,3.00000,0.00000,0.04927,0.07165,257.42150,260.74659,0.01275,4231.00000,4269.00000,0.00000,248.50326
