"Omega","Tolerance","Step Size Rule","Iterations","Converged?","Gap LR","Gap Naive","Obj. Naive","Obj. LR","Gap","Time Naive","Time LR","Final Lambda","LB Heuristic"
600.00000,0.03000,1.00000,2.00000,0.00000,0.04800,0.09034,252.23929,260.43042,0.03145,4236.00000,4213.00000,0.41406,248.50326
600.00000,0.03000,2.00000,3.00000,0.00000,0.04800,0.09034,252.23929,260.43042,0.03145,4236.00000,2483.00000,0.30422,248.50326
600.00000,0.03000,3.00000,2.00000,0.00000,0.04800,0.09034,252.23929,260.43042,0.03145,4236.00000,4206.00000,0.46806,248.50326
600.00000,0.03000,4.00000,2.00000,0.00000,0.04637,0.09034,252.23929,260.02748,0.02995,4236.00000,4207.00000,0.49785,248.50326
600.00000,0.03000,5.00000,4.00000,0.00000,0.04800,0.09034,252.23929,260.43042,0.03145,4236.00000,2478.00000,0.01117,248.50326
600.00000,0.03000,6.00000,3.00000,0.00000,0.04906,0.09034,252.23929,260.69489,0.03243,4236.00000,4295.00000,0.00000,248.50326
