"Omega","Tolerance","Step Size Rule","Iterations","Converged?","Gap LR","Gap Naive","Obj. Naive","Obj. LR","Gap","Time Naive","Time LR","Final Lambda"
600.00000,0.03000,1.00000,1.00000,0.00000,0.04081,0.12956,-242.28901,-258.64476,0.06751,2853.00000,2847.00000,0.35406
600.00000,0.03000,2.00000,1.00000,0.00000,0.04081,0.12956,-242.28901,-258.64476,0.06751,2853.00000,2850.00000,0.43368
600.00000,0.03000,3.00000,1.00000,0.00000,0.04081,0.12956,-242.28901,-258.64476,0.06751,2853.00000,2848.00000,0.45156
600.00000,0.03000,4.00000,1.00000,0.00000,0.04081,0.12956,-242.28901,-258.64476,0.06751,2853.00000,2854.00000,0.48406
600.00000,0.03000,5.00000,1.00000,0.00000,0.04081,0.12956,-242.28901,-258.64476,0.06751,2853.00000,2849.00000,0.08753
600.00000,0.03000,6.00000,1.00000,0.00000,0.04081,0.12956,-242.28901,-258.64476,0.06751,2853.00000,2846.00000,0.00000
