"Omega","Tolerance","Step Size Rule","Iterations","Converged?","Gap LR","Gap Naive","Obj. Naive","Obj. LR","Gap","Time Naive","Time LR","Final Lambda","LB Heuristic"
600.00000,0.03000,1.00000,2.00000,0.00000,0.04861,0.06973,257.95314,260.58205,0.01009,4219.00000,4204.00000,0.45906,248.50326
600.00000,0.03000,2.00000,3.00000,0.00000,0.04927,0.06973,257.95314,260.74659,0.01071,4219.00000,2440.00000,0.33993,248.50326
600.00000,0.03000,3.00000,2.00000,0.00000,0.04927,0.06973,257.95314,260.74659,0.01071,4219.00000,4207.00000,0.44256,248.50326
600.00000,0.03000,4.00000,2.00000,0.00000,0.04861,0.06973,257.95314,260.58205,0.01009,4219.00000,4205.00000,0.54846,248.50326
600.00000,0.03000,5.00000,6.00000,0.00000,0.04800,0.06973,257.95314,260.43042,0.00951,4219.00000,2450.00000,0.01495,248.50326
600.00000,0.03000,6.00000,3.00000,0.00000,0.05129,0.06973,257.95314,261.24860,0.01261,4219.00000,4268.00000,0.00000,248.50326
