"Omega","Tolerance","Step Size Rule","Iterations","Converged?","Gap LR","Gap Naive","Obj. Naive","Obj. LR","Gap","Time Naive","Time LR","Final Lambda","LB Heuristic"
600.00000,0.03000,1.00000,2.00000,0.00000,0.04800,0.12636,242.54454,260.43042,0.04580,4246.00000,4210.00000,0.41406,248.50326
600.00000,0.03000,2.00000,3.00000,0.00000,0.04800,0.12636,242.54454,260.43042,0.04580,4246.00000,2508.00000,0.30422,248.50326
600.00000,0.03000,3.00000,2.00000,0.00000,0.03846,0.12636,242.54454,258.05976,0.03703,4246.00000,4211.00000,0.42606,248.50326
600.00000,0.03000,4.00000,2.00000,0.00000,0.03915,0.12636,242.54454,258.23135,0.03767,4246.00000,4212.00000,0.48371,248.50326
600.00000,0.03000,5.00000,3.00000,0.00000,0.04800,0.12636,242.54454,260.43042,0.04580,4246.00000,2517.00000,0.00859,248.50326
600.00000,0.03000,6.00000,3.00000,0.00000,0.04800,0.12636,242.54454,260.43042,0.04580,4246.00000,4311.00000,0.00000,248.50326
