"Omega","Tolerance","Step Size Rule","Iterations","Converged?","Gap LR","Gap Naive","Obj. Naive","Obj. LR","Gap","Time Naive","Time LR","Final Lambda","LB Heuristic"
600.00000,0.03000,1.00000,2.00000,0.00000,0.04580,0.07165,257.42150,260.43042,0.01155,4231.00000,4206.00000,0.41406,248.50326
600.00000,0.03000,2.00000,3.00000,0.00000,0.04580,0.07165,257.42150,260.43042,0.01155,4231.00000,2413.00000,0.30422,248.50326
600.00000,0.03000,3.00000,2.00000,0.00000,0.04580,0.07165,257.42150,260.43042,0.01155,4231.00000,4210.00000,0.46806,248.50326
600.00000,0.03000,4.00000,2.00000,0.00000,0.04635,0.07165,257.42150,260.58205,0.01213,4231.00000,4211.00000,0.54846,248.50326
600.00000,0.03000,5.00000,5.00000,0.00000,0.04695,0.07165,257.42150,260.74659,0.01275,4231.00000,2413.00000,0.01323,248.50326
600.00000,0.03000,6.00000,3.00000,0.00000,0.04695,0.07165,257.42150,260.74659,0.01275,4231.00000,4274.00000,0.00000,248.50326
