"Omega","Tolerance","Step Size Rule","Iterations","Converged?","Gap LR","Gap Naive","Obj. Naive","Obj. LR","Gap","Time Naive","Time LR","Final Lambda"
900.00000,0.05000,1.00000,2.00000,0.00000,0.04975,0.16664,-237.93808,-250.87949,0.04739,2912.00000,2638.00000,12.82500
900.00000,0.05000,2.00000,1.00000,0.00000,0.04975,0.16664,-237.93808,-250.87949,0.04739,2912.00000,2259.00000,0.27192
900.00000,0.05000,3.00000,1.00000,0.00000,0.04975,0.16664,-237.93808,-250.87949,0.04739,2912.00000,2251.00000,0.00000
900.00000,0.05000,4.00000,1.00000,0.00000,0.04975,0.16664,-237.93808,-250.87949,0.04739,2912.00000,2277.00000,0.08026
900.00000,0.05000,5.00000,1.00000,0.00000,0.04975,0.16664,-237.93808,-250.87949,0.04739,2912.00000,2281.00000,0.17192
900.00000,0.05000,6.00000,1.00000,0.00000,0.04975,0.16664,-237.93808,-250.87949,0.04739,2912.00000,2269.00000,0.00000
