"Omega","Tolerance","Step Size Rule","Iterations","Converged?","Gap LR","Gap Naive","Obj. Naive","Obj. LR","Gap","Time Naive","Time LR","Final Lambda"
900.00000,0.05000,1.00000,1.00000,0.00000,0.06073,0.16530,-237.93808,-253.50294,0.06542,2882.00000,2906.00000,0.00000
900.00000,0.05000,2.00000,1.00000,0.00000,0.06073,0.16530,-237.93808,-253.50294,0.06542,2882.00000,2909.00000,0.26776
900.00000,0.05000,3.00000,1.00000,0.00000,0.06073,0.16530,-237.93808,-253.50294,0.06542,2882.00000,2904.00000,0.00526
900.00000,0.05000,4.00000,1.00000,0.00000,0.06073,0.16530,-237.93808,-253.50294,0.06542,2882.00000,2914.00000,0.10526
900.00000,0.05000,5.00000,1.00000,0.00000,0.06073,0.16530,-237.93808,-253.50294,0.06542,2882.00000,2915.00000,0.15526
900.00000,0.05000,6.00000,1.00000,0.00000,0.06073,0.16530,-237.93808,-253.50294,0.06542,2882.00000,2843.00000,0.00000
