"Omega","Tolerance","Step Size Rule","Iterations","Converged?","Gap LR","Gap Naive","Obj. Naive","Obj. LR","Gap","Time Naive","Time LR","Final Lambda","LB Heuristic"
100.00000,0.01000,1.00000,10.00000,0.00000,0.01668,0.00000,270.61401,275.20317,0.01668,48.00000,747.00000,5.97948,270.61401
100.00000,0.01000,2.00000,10.00000,0.00000,0.01177,0.00000,270.61401,273.83817,0.01177,48.00000,814.00000,4.62948,270.61401
100.00000,0.01000,3.00000,10.00000,0.00000,0.01702,0.00000,270.61401,275.30007,0.01702,48.00000,604.00000,6.08908,270.61401
100.00000,0.01000,4.00000,10.00000,0.00000,0.01707,0.00000,270.61401,275.31465,0.01707,48.00000,631.00000,6.10437,270.61401
100.00000,0.01000,5.00000,10.00000,0.00000,0.01716,0.00000,270.61401,275.33817,0.01716,48.00000,218.00000,0.24639,270.61401
100.00000,0.01000,6.00000,10.00000,0.00000,0.01046,0.00000,270.61401,273.47578,0.01046,48.00000,589.00000,3.76712,270.61401
