"Omega","Tolerance","Step Size Rule","Iterations","Converged?","Gap LR","Gap Naive","Obj. Naive","Obj. LR","Gap","Time Naive","Time LR","Final Lambda"
100.00000,0.01000,1.00000,10.00000,0.00000,0.00073,0.00000,-274.24654,-274.44673,0.00073,0.00000,15.00000,2.80963
100.00000,0.01000,2.00000,10.00000,0.00000,0.00073,0.00000,-274.24654,-274.44673,0.00073,0.00000,15.00000,2.80963
100.00000,0.01000,3.00000,10.00000,0.00000,0.00268,0.00000,-274.24654,-274.98225,0.00268,0.00000,14.00000,3.79969
100.00000,0.01000,4.00000,10.00000,0.00000,0.00030,0.00000,-274.24654,-274.32796,0.00030,0.00000,16.00000,3.34042
100.00000,0.01000,5.00000,10.00000,0.00000,0.00022,0.00000,-274.24654,-274.30566,0.00022,0.00000,17.00000,3.10745
100.00000,0.01000,6.00000,10.00000,0.00000,0.00025,0.00000,-274.24654,-274.31596,0.00025,0.00000,12.00000,3.17885
