"Omega","Tolerance","Step Size Rule","Iterations","Converged?","Gap LR","Gap Naive","Obj. Naive","Obj. LR","Gap","Time Naive","Time LR","Final Lambda"
100.00000,0.03000,1.00000,10.00000,0.00000,0.03091,0.00000,-280.60425,-289.27728,0.03091,5.00000,2.00000,37.71944
100.00000,0.03000,2.00000,10.00000,0.00000,0.01487,0.00000,-280.60425,-284.77728,0.01487,5.00000,25.00000,2.77099
100.00000,0.03000,3.00000,10.00000,0.00000,0.03091,0.00000,-280.60425,-289.27728,0.03091,5.00000,2.00000,24.68963
100.00000,0.03000,4.00000,10.00000,0.00000,0.03091,0.00000,-280.60425,-289.27728,0.03091,5.00000,4.00000,45.18795
100.00000,0.03000,5.00000,10.00000,0.00000,0.02083,0.00000,-280.60425,-286.44832,0.02083,5.00000,31.00000,2.74964
100.00000,0.03000,6.00000,2.00000,1.00000,0.00000,0.00000,-280.60425,-280.60425,0.00000,5.00000,5.00000,2.89827
