"Omega","Tolerance","Step Size Rule","Iterations","Converged?","Gap LR","Gap Naive","Obj. Naive","Obj. LR","Gap","Time Naive","Time LR","Final Lambda"
900.00000,0.03000,1.00000,1.00000,0.00000,0.03371,0.12625,-241.78757,-254.86451,0.05408,2898.00000,2911.00000,0.26996
900.00000,0.03000,2.00000,1.00000,0.00000,0.03371,0.12625,-241.78757,-254.86451,0.05408,2898.00000,2918.00000,0.20246
900.00000,0.03000,3.00000,1.00000,0.00000,0.03371,0.12625,-241.78757,-254.86451,0.05408,2898.00000,2923.00000,0.32996
900.00000,0.03000,4.00000,1.00000,0.00000,0.03371,0.12625,-241.78757,-254.86451,0.05408,2898.00000,2926.00000,0.34996
900.00000,0.03000,5.00000,1.00000,0.00000,0.03371,0.12625,-241.78757,-254.86451,0.05408,2898.00000,2915.00000,0.00000
900.00000,0.03000,6.00000,1.00000,0.00000,0.03371,0.12625,-241.78757,-254.86451,0.05408,2898.00000,2816.00000,0.00000
