"Omega","Tolerance","Step Size Rule","Iterations","Converged?","Gap LR","Gap Naive","Obj. Naive","Obj. LR","Gap","Time Naive","Time LR","Final Lambda"
900.00000,0.03000,1.00000,1.00000,0.00000,0.02338,0.12750,-241.78757,-252.31639,0.02284,2959.00000,2252.00000,0.00000
900.00000,0.03000,2.00000,2.00000,0.00000,0.01730,0.12750,-241.78757,-250.81639,0.01700,2959.00000,4481.00000,0.27885
900.00000,0.03000,3.00000,2.00000,0.00000,0.02338,0.12750,-241.78757,-252.31639,0.02284,2959.00000,3295.00000,5.42546
900.00000,0.03000,4.00000,2.00000,0.00000,0.02338,0.12750,-241.78757,-252.31639,0.02284,2959.00000,2954.00000,3.34148
900.00000,0.03000,5.00000,2.00000,0.00000,0.02898,0.12750,-241.78757,-253.69742,0.02816,2959.00000,2650.00000,0.15339
900.00000,0.03000,6.00000,2.00000,0.00000,0.03128,0.12750,-241.78757,-254.26437,0.03033,2959.00000,2450.00000,0.62811
