"Omega","Tolerance","Step Size Rule","Iterations","Converged?","Gap LR","Gap Naive","Obj. Naive","Obj. LR","Gap","Time Naive","Time LR","Final Lambda","LB Heuristic"
900.00000,0.03000,1.00000,3.00000,0.00000,0.03793,0.12427,241.78757,255.90504,0.03655,4248.00000,2445.00000,12.77996,246.55223
900.00000,0.03000,2.00000,2.00000,1.00000,0.03793,0.12427,241.78757,255.90504,0.03655,4248.00000,4210.00000,0.31496,246.55223
900.00000,0.03000,3.00000,3.00000,0.00000,0.03473,0.12427,241.78757,255.11538,0.03357,4248.00000,2809.00000,5.31296,246.55223
900.00000,0.03000,4.00000,2.00000,0.00000,0.03473,0.12427,241.78757,255.11538,0.03357,4248.00000,4207.00000,3.35648,246.55223
900.00000,0.03000,5.00000,4.00000,0.00000,0.03285,0.12427,241.78757,254.65192,0.03181,4248.00000,2527.00000,0.00745,246.55223
900.00000,0.03000,6.00000,3.00000,0.00000,0.03285,0.12427,241.78757,254.65192,0.03181,4248.00000,4327.00000,0.00000,246.55223
