"Omega","Tolerance","Step Size Rule","Iterations","Converged?","Gap LR","Gap Naive","Obj. Naive","Obj. LR","Gap","Time Naive","Time LR","Final Lambda","LB Heuristic"
600.00000,0.03000,1.00000,2.00000,0.00000,0.06810,0.06628,256.84700,259.56443,0.01047,4225.00000,4214.00000,0.46637,243.01430
600.00000,0.03000,2.00000,4.00000,0.00000,0.06929,0.06628,256.84700,259.85204,0.01156,4225.00000,2497.00000,0.21910,243.01430
600.00000,0.03000,3.00000,2.00000,0.00000,0.06810,0.06628,256.84700,259.56443,0.01047,4225.00000,4209.00000,0.54887,243.01430
600.00000,0.03000,4.00000,2.00000,0.00000,0.06810,0.06628,256.84700,259.56443,0.01047,4225.00000,4208.00000,0.56723,243.01430
600.00000,0.03000,5.00000,5.00000,0.00000,0.06967,0.06628,256.84700,259.94524,0.01192,4225.00000,2422.00000,0.01323,243.01430
600.00000,0.03000,6.00000,3.00000,0.00000,0.06967,0.06628,256.84700,259.94524,0.01192,4225.00000,4269.00000,0.00000,243.01430
