"Omega","Tolerance","Step Size Rule","Iterations","Converged?","Gap LR","Gap Naive","Obj. Naive","Obj. LR","Gap","Time Naive","Time LR","Final Lambda","LB Heuristic"
600.00000,0.03000,1.00000,2.00000,0.00000,0.06395,0.11404,243.71002,258.55431,0.05741,4249.00000,4210.00000,0.43637,243.01430
600.00000,0.03000,2.00000,3.00000,0.00000,0.06780,0.11404,243.71002,259.49133,0.06082,4249.00000,2406.00000,0.09152,243.01430
600.00000,0.03000,3.00000,2.00000,0.00000,0.06395,0.11404,243.71002,258.55402,0.05741,4249.00000,4211.00000,0.51587,243.01430
600.00000,0.03000,4.00000,2.00000,0.00000,0.06780,0.11404,243.71002,259.49133,0.06082,4249.00000,4210.00000,0.56076,243.01430
600.00000,0.03000,5.00000,3.00000,0.00000,0.06780,0.11404,243.71002,259.49133,0.06082,4249.00000,2487.00000,0.00859,243.01430
600.00000,0.03000,6.00000,3.00000,0.00000,0.06810,0.11404,243.71002,259.56443,0.06108,4249.00000,4339.00000,0.00000,243.01430
