"Omega","Tolerance","Step Size Rule","Iterations","Converged?","Gap LR","Gap Naive","Obj. Naive","Obj. LR","Gap","Time Naive","Time LR","Final Lambda","LB Heuristic"
600.00000,0.03000,1.00000,2.00000,1.00000,0.06772,0.06439,256.84700,259.47136,0.01011,4237.00000,4208.00000,0.48137,243.01430
600.00000,0.03000,2.00000,4.00000,0.00000,0.06967,0.06439,256.84700,259.94524,0.01192,4237.00000,2525.00000,0.21910,243.01430
600.00000,0.03000,3.00000,2.00000,0.00000,0.06967,0.06439,256.84700,259.94524,0.01192,4237.00000,4206.00000,0.53237,243.01430
600.00000,0.03000,4.00000,2.00000,0.00000,0.06524,0.06439,256.84700,258.86827,0.00781,4237.00000,4205.00000,0.55576,243.01430
600.00000,0.03000,5.00000,7.00000,0.00000,0.06929,0.06439,256.84700,259.85204,0.01156,4237.00000,2443.00000,0.01642,243.01430
600.00000,0.03000,6.00000,3.00000,0.00000,0.07245,0.06439,256.84700,260.62156,0.01448,4237.00000,4271.00000,0.00000,243.01430
