"Omega","Tolerance","Step Size Rule","Iterations","Converged?","Gap LR","Gap Naive","Obj. Naive","Obj. LR","Gap","Time Naive","Time LR","Final Lambda"
600.00000,0.03000,1.00000,1.00000,0.00000,0.06655,0.12708,-241.49672,-259.18722,0.07325,2860.00000,2860.00000,0.51137
600.00000,0.03000,2.00000,1.00000,0.00000,0.06655,0.12708,-241.49672,-259.18722,0.07325,2860.00000,2852.00000,0.28637
600.00000,0.03000,3.00000,1.00000,0.00000,0.06655,0.12708,-241.49672,-259.18722,0.07325,2860.00000,2851.00000,0.54887
600.00000,0.03000,4.00000,1.00000,0.00000,0.06655,0.12708,-241.49672,-259.18722,0.07325,2860.00000,2851.00000,0.56137
600.00000,0.03000,5.00000,1.00000,0.00000,0.06655,0.12708,-241.49672,-259.18722,0.07325,2860.00000,2852.00000,0.00000
600.00000,0.03000,6.00000,1.00000,0.00000,0.06655,0.12708,-241.49672,-259.18722,0.07325,2860.00000,2845.00000,0.00000
