"Omega","Tolerance","Step Size Rule","Iterations","Converged?","Gap LR","Gap Naive","Obj. Naive","Obj. LR","Gap","Time Naive","Time LR","Final Lambda"
600.00000,0.03000,1.00000,2.00000,0.00000,0.04772,0.12708,-241.49672,-254.61036,0.04554,2883.00000,4365.00000,0.34637
600.00000,0.03000,2.00000,2.00000,0.00000,0.06524,0.12708,-241.49672,-258.86931,0.06125,2883.00000,2552.00000,0.37466
600.00000,0.03000,3.00000,2.00000,0.00000,0.05798,0.12708,-241.49672,-257.10322,0.05480,2883.00000,4343.00000,0.47387
600.00000,0.03000,4.00000,2.00000,0.00000,0.06423,0.12708,-241.49672,-258.62431,0.06036,2883.00000,4317.00000,0.52662
600.00000,0.03000,5.00000,3.00000,0.00000,0.06655,0.12708,-241.49672,-259.18722,0.06240,2883.00000,2355.00000,0.00859
600.00000,0.03000,6.00000,3.00000,0.00000,0.06655,0.12708,-241.49672,-259.18722,0.06240,2883.00000,4369.00000,0.00000
