"Omega","Tolerance","Step Size Rule","Iterations","Converged?","Gap LR","Gap Naive","Obj. Naive","Obj. LR","Gap","Time Naive","Time LR","Final Lambda","LB Heuristic"
600.00000,0.03000,1.00000,2.00000,0.00000,0.06376,0.06446,256.84700,259.56443,0.01047,4225.00000,4206.00000,0.51137,243.01430
600.00000,0.03000,2.00000,4.00000,0.00000,0.06480,0.06446,256.84700,259.85204,0.01156,4225.00000,2457.00000,0.21910,243.01430
600.00000,0.03000,3.00000,2.00000,0.00000,0.06376,0.06446,256.84700,259.56443,0.01047,4225.00000,4208.00000,0.55487,243.01430
600.00000,0.03000,4.00000,2.00000,0.00000,0.06124,0.06446,256.84700,258.86827,0.00781,4225.00000,4209.00000,0.55576,243.01430
600.00000,0.03000,5.00000,6.00000,0.00000,0.06513,0.06446,256.84700,259.94524,0.01192,4225.00000,2414.00000,0.01495,243.01430
600.00000,0.03000,6.00000,3.00000,0.00000,0.06756,0.06446,256.84700,260.62156,0.01448,4225.00000,4270.00000,0.00000,243.01430
