"Omega","Tolerance","Step Size Rule","Iterations","Converged?","Gap LR","Gap Naive","Obj. Naive","Obj. LR","Gap","Time Naive","Time LR","Final Lambda","LB Heuristic"
600.00000,0.03000,1.00000,2.00000,0.00000,0.06376,0.06439,256.84700,259.56443,0.01047,4227.00000,4209.00000,0.49637,243.01430
600.00000,0.03000,2.00000,3.00000,0.00000,0.06480,0.06439,256.84700,259.85204,0.01156,4227.00000,2429.00000,0.21652,243.01430
600.00000,0.03000,3.00000,2.00000,0.00000,0.06376,0.06439,256.84700,259.56443,0.01047,4227.00000,4210.00000,0.54887,243.01430
600.00000,0.03000,4.00000,2.00000,0.00000,0.06376,0.06439,256.84700,259.56443,0.01047,4227.00000,4207.00000,0.56723,243.01430
600.00000,0.03000,5.00000,6.00000,0.00000,0.06513,0.06439,256.84700,259.94524,0.01192,4227.00000,2420.00000,0.01495,243.01430
600.00000,0.03000,6.00000,3.00000,0.00000,0.06513,0.06439,256.84700,259.94524,0.01192,4227.00000,4266.00000,0.00000,243.01430
