"Omega","Tolerance","Step Size Rule","Iterations","Converged?","Gap LR","Gap Naive","Obj. Naive","Obj. LR","Gap","Time Naive","Time LR","Final Lambda","LB Heuristic"
600.00000,0.03000,1.00000,2.00000,0.00000,0.06376,0.06628,256.84700,259.56443,0.01047,4232.00000,4207.00000,0.46637,243.01430
600.00000,0.03000,2.00000,3.00000,0.00000,0.06480,0.06628,256.84700,259.85204,0.01156,4232.00000,2424.00000,0.21652,243.01430
600.00000,0.03000,3.00000,2.00000,0.00000,0.06376,0.06628,256.84700,259.56443,0.01047,4232.00000,4210.00000,0.54887,243.01430
600.00000,0.03000,4.00000,2.00000,0.00000,0.06124,0.06628,256.84700,258.86827,0.00781,4232.00000,4208.00000,0.55576,243.01430
600.00000,0.03000,5.00000,6.00000,0.00000,0.06513,0.06628,256.84700,259.94524,0.01192,4232.00000,2451.00000,0.01495,243.01430
600.00000,0.03000,6.00000,3.00000,0.00000,0.06756,0.06628,256.84700,260.62156,0.01448,4232.00000,4282.00000,0.00000,243.01430
