"Omega","Tolerance","Step Size Rule","Iterations","Converged?","Gap LR","Gap Naive","Obj. Naive","Obj. LR","Gap","Time Naive","Time LR","Final Lambda","LB Heuristic"
600.00000,0.03000,1.00000,2.00000,0.00000,0.06810,0.07401,254.71965,259.56443,0.01867,4230.00000,4217.00000,0.51137,243.01430
600.00000,0.03000,2.00000,4.00000,0.00000,0.06810,0.07401,254.71965,259.56443,0.01867,4230.00000,2521.00000,0.00773,243.01430
600.00000,0.03000,3.00000,2.00000,0.00000,0.06810,0.07401,254.71965,259.56443,0.01867,4230.00000,4208.00000,0.54887,243.01430
600.00000,0.03000,4.00000,2.00000,0.00000,0.06762,0.07401,254.71965,259.44638,0.01822,4230.00000,4210.00000,0.57783,243.01430
600.00000,0.03000,5.00000,5.00000,0.00000,0.06780,0.07401,254.71965,259.49133,0.01839,4230.00000,2488.00000,0.01323,243.01430
600.00000,0.03000,6.00000,3.00000,0.00000,0.06967,0.07401,254.71965,259.94524,0.02010,4230.00000,4299.00000,0.00000,243.01430
