"Omega","Tolerance","Step Size Rule","Iterations","Converged?","Gap LR","Gap Naive","Obj. Naive","Obj. LR","Gap","Time Naive","Time LR","Final Lambda","LB Heuristic"
900.00000,0.05000,2.00000,2.00000,0.00000,0.04577,0.15146,240.86369,259.00488,0.04377,4265.00000,3078.00000,0.26647,247.66850
900.00000,0.05000,3.00000,3.00000,0.00000,0.04577,0.15146,240.86369,259.00488,0.04377,4265.00000,3194.00000,4.94138,247.66850
900.00000,0.05000,4.00000,3.00000,0.00000,0.04577,0.15146,240.86369,259.00488,0.04377,4265.00000,3475.00000,3.01936,247.66850
900.00000,0.05000,5.00000,3.00000,0.00000,0.04577,0.15146,240.86369,259.00488,0.04377,4265.00000,2678.00000,0.14557,247.66850
900.00000,0.05000,6.00000,3.00000,0.00000,0.04577,0.15146,240.86369,259.00488,0.04377,4265.00000,4406.00000,0.01138,247.66850
