"Omega","Tolerance","Step Size Rule","Iterations","Converged?","Gap LR","Gap Naive","Obj. Naive","Obj. LR","Gap","Time Naive","Time LR","Final Lambda"
900.00000,0.05000,1.00000,1.00000,0.00000,0.04598,0.15186,-240.86369,-259.05591,0.07553,2884.00000,2885.00000,0.00000
900.00000,0.05000,2.00000,1.00000,0.00000,0.04598,0.15186,-240.86369,-259.05591,0.07553,2884.00000,2892.00000,0.25951
900.00000,0.05000,3.00000,1.00000,0.00000,0.04598,0.15186,-240.86369,-259.05591,0.07553,2884.00000,2894.00000,0.06638
900.00000,0.05000,4.00000,1.00000,0.00000,0.04598,0.15186,-240.86369,-259.05591,0.07553,2884.00000,2894.00000,0.14638
900.00000,0.05000,5.00000,1.00000,0.00000,0.04598,0.15186,-240.86369,-259.05591,0.07553,2884.00000,2893.00000,0.11888
900.00000,0.05000,6.00000,1.00000,0.00000,0.04598,0.15186,-240.86369,-259.05591,0.07553,2884.00000,2881.00000,0.00000
