"Omega","Tolerance","Step Size Rule","Iterations","Converged?","Gap LR","Gap Naive","Obj. Naive","Obj. LR","Gap","Time Naive","Time LR","Final Lambda","LB Heuristic"
900.00000,0.05000,1.00000,1.00000,1.00000,0.00000,0.15334,240.86369,247.66850,0.00000,4339.00000,2107.00000,0.30638,247.66850
900.00000,0.05000,2.00000,2.00000,0.00000,0.03161,0.15334,240.86369,255.49774,0.03064,4339.00000,3306.00000,0.27326,247.66850
900.00000,0.05000,3.00000,3.00000,0.00000,0.03161,0.15334,240.86369,255.49774,0.03064,4339.00000,3287.00000,4.90500,247.66850
900.00000,0.05000,4.00000,1.00000,1.00000,0.00000,0.15334,240.86369,247.66850,0.00000,4339.00000,2112.00000,0.30638,247.66850
900.00000,0.05000,5.00000,3.00000,0.00000,0.03161,0.15334,240.86369,255.49774,0.03064,4339.00000,2595.00000,0.17270,247.66850
900.00000,0.05000,6.00000,3.00000,0.00000,0.04577,0.15334,240.86369,259.00488,0.04377,4339.00000,4374.00000,0.00000,247.66850
