"Omega","Tolerance","Step Size Rule","Iterations","Converged?","Gap LR","Gap Naive","Obj. Naive","Obj. LR","Gap","Time Naive","Time LR","Final Lambda","LB Heuristic"
900.00000,0.05000,1.00000,4.00000,0.00000,0.05206,0.15146,240.86369,260.56108,0.04948,4234.00000,2557.00000,11.47500,247.66850
900.00000,0.05000,2.00000,3.00000,0.00000,0.05206,0.15146,240.86369,260.56108,0.04948,4234.00000,2720.00000,0.25220,247.66850
900.00000,0.05000,3.00000,3.00000,0.00000,0.05206,0.15146,240.86369,260.56108,0.04948,4234.00000,2930.00000,5.01638,247.66850
900.00000,0.05000,4.00000,3.00000,0.00000,0.05206,0.15146,240.86369,260.56108,0.04948,4234.00000,2803.00000,3.06936,247.66850
900.00000,0.05000,5.00000,4.00000,0.00000,0.05206,0.15146,240.86369,260.56108,0.04948,4234.00000,2564.00000,0.08322,247.66850
900.00000,0.05000,6.00000,3.00000,0.00000,0.05206,0.15146,240.86369,260.56108,0.04948,4234.00000,4352.00000,0.01138,247.66850
