"Omega","Tolerance","Step Size Rule","Iterations","Converged?","Gap LR","Gap Naive","Obj. Naive","Obj. LR","Gap","Time Naive","Time LR","Final Lambda"
900.00000,0.05000,1.00000,2.00000,0.00000,0.02743,0.15760,-240.86369,-254.46277,0.02670,2928.00000,2662.00000,12.82500
900.00000,0.05000,2.00000,2.00000,0.00000,0.02743,0.15760,-240.86369,-254.46277,0.02670,2928.00000,2984.00000,0.27481
900.00000,0.05000,3.00000,2.00000,0.00000,0.02743,0.15760,-240.86369,-254.46277,0.02670,2928.00000,2647.00000,5.13000
900.00000,0.05000,4.00000,2.00000,0.00000,0.02743,0.15760,-240.86369,-254.46277,0.02670,2928.00000,2710.00000,3.10427
900.00000,0.05000,5.00000,2.00000,0.00000,0.02743,0.15760,-240.86369,-254.46277,0.02670,2928.00000,3003.00000,0.17656
900.00000,0.05000,6.00000,2.00000,0.00000,0.03161,0.15760,-240.86369,-255.49774,0.03064,2928.00000,2474.00000,0.66541
