"Omega","Tolerance","Step Size Rule","Iterations","Converged?","Gap LR","Gap Naive","Obj. Naive","Obj. LR","Gap","Time Naive","Time LR","Final Lambda","LB Heuristic"
100.00000,0.05000,1.00000,10.00000,0.00000,0.02632,0.00006,280.75729,288.34785,0.02632,353.00000,865.00000,3.65224,280.75729
100.00000,0.05000,2.00000,10.00000,0.00000,0.01536,0.00006,280.75729,285.13628,0.01536,353.00000,1393.00000,2.53435,280.75729
100.00000,0.05000,3.00000,10.00000,0.00000,0.02151,0.00006,280.75729,286.92831,0.02151,353.00000,1149.00000,3.34813,280.75729
100.00000,0.05000,4.00000,10.00000,0.00000,0.01892,0.00006,280.75729,286.17147,0.01892,353.00000,917.00000,3.16182,280.75729
100.00000,0.05000,5.00000,10.00000,0.00000,0.01539,0.00006,280.75729,285.14470,0.01539,353.00000,333.00000,2.69170,280.75729
100.00000,0.05000,6.00000,10.00000,0.00000,0.01594,0.00006,280.75729,285.30474,0.01594,353.00000,305.00000,2.73830,280.75729
