"Omega","Tolerance","Step Size Rule","Iterations","Converged?","Gap LR","Gap Naive","Obj. Naive","Obj. LR","Gap","Time Naive","Time LR","Final Lambda","LB Heuristic"
100.00000,0.05000,1.00000,10.00000,0.00000,0.02704,0.00000,280.75729,288.34785,0.02632,171.00000,432.00000,3.65224,280.75729
100.00000,0.05000,2.00000,10.00000,0.00000,0.01560,0.00000,280.75729,285.13628,0.01536,171.00000,671.00000,2.53435,280.75729
100.00000,0.05000,3.00000,10.00000,0.00000,0.02198,0.00000,280.75729,286.92831,0.02151,171.00000,421.00000,3.34813,280.75729
100.00000,0.05000,4.00000,10.00000,0.00000,0.01928,0.00000,280.75729,286.17147,0.01892,171.00000,375.00000,3.16182,280.75729
100.00000,0.05000,5.00000,10.00000,0.00000,0.01563,0.00000,280.75729,285.14470,0.01539,171.00000,148.00000,2.69170,280.75729
100.00000,0.05000,6.00000,10.00000,0.00000,0.01620,0.00000,280.75729,285.30474,0.01594,171.00000,51.00000,2.73830,280.75729
