"Omega","Tolerance","Step Size Rule","Iterations","Converged?","Gap LR","Gap Naive","Obj. Naive","Obj. LR","Gap","Time Naive","Time LR","Final Lambda"
100.00000,0.05000,1.00000,10.00000,0.00000,0.05820,0.00000,-283.02187,-299.25533,0.05736,8.00000,2.00000,27.77818
100.00000,0.05000,2.00000,10.00000,0.00000,0.04229,0.00000,-283.02187,-294.75533,0.04146,8.00000,25.00000,2.83082
100.00000,0.05000,3.00000,10.00000,0.00000,0.05820,0.00000,-283.02187,-299.25533,0.05736,8.00000,2.00000,22.72849
100.00000,0.05000,4.00000,10.00000,0.00000,0.05820,0.00000,-283.02187,-299.25533,0.05736,8.00000,2.00000,40.22569
100.00000,0.05000,5.00000,10.00000,0.00000,0.04819,0.00000,-283.02187,-296.42636,0.04736,8.00000,23.00000,2.80901
100.00000,0.05000,6.00000,10.00000,0.00000,0.01749,0.00000,-283.02187,-287.74379,0.01668,8.00000,13.00000,2.48768
