"Omega","Tolerance","Step Size Rule","Iterations","Converged?","Gap LR","Gap Naive","Obj. Naive","Obj. LR","Gap","Time Naive","Time LR","Final Lambda"
100.00000,0.05000,1.00000,10.00000,0.00000,0.02574,0.00000,-280.49160,-287.18466,0.02386,148.00000,266.00000,3.83731
100.00000,0.05000,2.00000,10.00000,0.00000,0.01893,0.00000,-280.49160,-285.27729,0.01706,148.00000,379.00000,2.17942
100.00000,0.05000,3.00000,10.00000,0.00000,0.02268,0.00000,-280.49160,-286.32728,0.02081,148.00000,264.00000,3.43400
100.00000,0.05000,4.00000,10.00000,0.00000,0.02115,0.00000,-280.49160,-285.90057,0.01928,148.00000,219.00000,3.22210
100.00000,0.05000,5.00000,10.00000,0.00000,0.01885,0.00000,-280.49160,-285.25624,0.01699,148.00000,81.00000,2.20651
100.00000,0.05000,6.00000,10.00000,0.00000,0.01923,0.00000,-280.49160,-285.36289,0.01737,148.00000,49.00000,2.45165
