"Omega","Tolerance","Step Size Rule","Iterations","Converged?","Gap LR","Gap Naive","Obj. Naive","Obj. LR","Gap","Time Naive","Time LR","Final Lambda","LB Heuristic"
600.00000,0.07000,1.00000,3.00000,0.00000,0.07299,0.15432,245.75503,266.08798,0.06802,4282.00000,2580.00000,7.74000,247.98821
600.00000,0.07000,2.00000,3.00000,0.00000,0.07299,0.15432,245.75503,266.08798,0.06802,4282.00000,2592.00000,0.42371,247.98821
600.00000,0.07000,3.00000,3.00000,0.00000,0.07299,0.15432,245.75503,266.08798,0.06802,4282.00000,2920.00000,3.31938,247.98821
600.00000,0.07000,4.00000,3.00000,0.00000,0.07299,0.15432,245.75503,266.08798,0.06802,4282.00000,3610.00000,2.12546,247.98821
600.00000,0.07000,5.00000,2.00000,0.00000,0.08549,0.15432,245.75503,269.18924,0.07876,4282.00000,4213.00000,0.37588,247.98821
600.00000,0.07000,6.00000,2.00000,0.00000,0.09898,0.15432,245.75503,272.53521,0.09007,4282.00000,4208.00000,0.00000,247.98821
