"Omega","Tolerance","Step Size Rule","Iterations","Converged?","Gap LR","Gap Naive","Obj. Naive","Obj. LR","Gap","Time Naive","Time LR","Final Lambda","LB Heuristic"
600.00000,0.07000,1.00000,6.00000,0.00000,0.14628,0.15328,245.75503,284.26501,0.12762,4222.00000,2481.00000,5.67888,247.98821
600.00000,0.07000,2.00000,2.00000,0.00000,0.08445,0.15328,245.75503,268.93118,0.07787,4222.00000,4205.00000,0.41469,247.98821
600.00000,0.07000,3.00000,3.00000,0.00000,0.14628,0.15328,245.75503,284.26501,0.12762,4222.00000,2726.00000,4.18188,247.98821
600.00000,0.07000,4.00000,2.00000,0.00000,0.14628,0.15328,245.75503,284.26501,0.12762,4222.00000,2603.00000,3.10038,247.98821
600.00000,0.07000,5.00000,2.00000,0.00000,0.08549,0.15328,245.75503,269.18924,0.07876,4222.00000,4213.00000,0.37588,247.98821
600.00000,0.07000,6.00000,2.00000,0.00000,0.09898,0.15328,245.75503,272.53521,0.09007,4222.00000,4058.00000,0.00000,247.98821
