"Omega","Tolerance","Step Size Rule","Iterations","Converged?","Gap LR","Gap Naive","Obj. Naive","Obj. LR","Gap","Time Naive","Time LR","Final Lambda"
600.00000,0.07000,1.00000,2.00000,0.00000,0.06668,0.15444,-245.75503,-264.52350,0.06251,2856.00000,2340.00000,8.37000
600.00000,0.07000,2.00000,2.00000,0.00000,0.06668,0.15444,-245.75503,-264.52350,0.06251,2856.00000,2462.00000,0.42585
600.00000,0.07000,3.00000,2.00000,0.00000,0.06668,0.15444,-245.75503,-264.52350,0.06251,2856.00000,2362.00000,3.49188
600.00000,0.07000,4.00000,2.00000,0.00000,0.06668,0.15444,-245.75503,-264.52350,0.06251,2856.00000,2459.00000,2.22170
600.00000,0.07000,5.00000,2.00000,0.00000,0.06668,0.15444,-245.75503,-264.52350,0.06251,2856.00000,2505.00000,0.32139
600.00000,0.07000,6.00000,2.00000,0.00000,0.06668,0.15444,-245.75503,-264.52350,0.06251,2856.00000,2369.00000,1.04778
