"Omega","Tolerance","Step Size Rule","Iterations","Converged?","Gap LR","Gap Naive","Obj. Naive","Obj. LR","Gap","Time Naive","Time LR","Final Lambda","LB Heuristic"
600.00000,0.07000,1.00000,3.00000,0.00000,0.07299,0.15432,245.75503,266.08798,0.06802,4241.00000,2442.00000,7.74000,247.98821
600.00000,0.07000,2.00000,3.00000,0.00000,0.07299,0.15432,245.75503,266.08798,0.06802,4241.00000,2526.00000,0.42371,247.98821
600.00000,0.07000,3.00000,3.00000,0.00000,0.07299,0.15432,245.75503,266.08798,0.06802,4241.00000,2839.00000,3.31938,247.98821
600.00000,0.07000,4.00000,3.00000,0.00000,0.07299,0.15432,245.75503,266.08798,0.06802,4241.00000,3412.00000,2.12546,247.98821
600.00000,0.07000,5.00000,3.00000,0.00000,0.07299,0.15432,245.75503,266.08798,0.06802,4241.00000,2495.00000,0.30567,247.98821
600.00000,0.07000,6.00000,3.00000,0.00000,0.07299,0.15432,245.75503,266.08798,0.06802,4241.00000,4313.00000,0.00000,247.98821
