"Omega","Tolerance","Step Size Rule","Iterations","Converged?","Gap LR","Gap Naive","Obj. Naive","Obj. LR","Gap","Time Naive","Time LR","Final Lambda","LB Heuristic"
600.00000,0.07000,1.00000,4.00000,0.00000,0.14628,0.15432,245.75503,284.26501,0.12762,4229.00000,2464.00000,6.93888,247.98821
600.00000,0.07000,2.00000,2.00000,0.00000,0.08445,0.15432,245.75503,268.93118,0.07787,4229.00000,4207.00000,0.41469,247.98821
600.00000,0.07000,3.00000,2.00000,0.00000,0.14628,0.15432,245.75503,284.26501,0.12762,4229.00000,2438.00000,4.39188,247.98821
