"Omega","Tolerance","Step Size Rule","Iterations","Converged?","Gap LR","Gap Naive","Obj. Naive","Obj. LR","Gap","Time Naive","Time LR","Final Lambda"
600.00000,0.07000,1.00000,3.00000,0.00000,0.07299,0.15432,-245.75503,-266.08798,265.15600,4269.00000,2731.00000,7.74000
600.00000,0.07000,2.00000,2.00000,0.00000,0.07299,0.15432,-245.75503,-266.08798,265.15600,4269.00000,2452.00000,0.42102
600.00000,0.07000,3.00000,3.00000,0.00000,0.07299,0.15432,-245.75503,-266.08798,265.15600,4269.00000,3225.00000,3.31938
600.00000,0.07000,4.00000,3.00000,0.00000,0.07299,0.15432,-245.75503,-266.08798,265.15600,4269.00000,3919.00000,2.12546
600.00000,0.07000,5.00000,3.00000,0.00000,0.07299,0.15432,-245.75503,-266.08798,265.15600,4269.00000,2542.00000,0.30567
600.00000,0.07000,6.00000,3.00000,0.00000,0.07299,0.15432,-245.75503,-266.08798,265.15600,4269.00000,4379.00000,0.00000
