"Omega","Tolerance","Step Size Rule","Iterations","Converged?","Gap LR","Gap Naive","Obj. Naive","Obj. LR","Gap","Time Naive","Time LR","Final Lambda"
600.00000,0.07000,1.00000,1.00000,0.00000,0.07305,0.15432,-245.75503,-266.10499,0.08281,2862.00000,2845.00000,0.00000
600.00000,0.07000,2.00000,1.00000,0.00000,0.07305,0.15432,-245.75503,-266.10499,0.08281,2862.00000,2845.00000,0.41834
600.00000,0.07000,3.00000,1.00000,0.00000,0.07305,0.15432,-245.75503,-266.10499,0.08281,2862.00000,2849.00000,0.18138
600.00000,0.07000,4.00000,1.00000,0.00000,0.07305,0.15432,-245.75503,-266.10499,0.08281,2862.00000,2851.00000,0.27388
600.00000,0.07000,5.00000,1.00000,0.00000,0.07305,0.15432,-245.75503,-266.10499,0.08281,2862.00000,2848.00000,0.29671
600.00000,0.07000,6.00000,1.00000,0.00000,0.07305,0.15432,-245.75503,-266.10499,0.08281,2862.00000,2837.00000,0.00000
